39624,31/12/2020 18:32:24 +0200
39755,31/12/2020 11:20:13 +0000
39755,31/12/2020 11:05:16 +0000
39755,30/12/2020 17:04:04 +0000
39755,30/12/2020 17:03:41 +0000
39755,30/12/2020 16:59:30 +0000
37863,29/12/2020 14:41:42 -0800
39755,29/12/2020 15:20:50 +0000
39755,29/12/2020 15:17:10 +0000
39755,29/12/2020 15:12:32 +0000
39755,29/12/2020 14:36:56 +0000
39755,29/12/2020 09:45:23 +0000
36747,28/12/2020 19:22:57 +0530
38883,28/12/2020 14:41:06 +0100
39624,26/12/2020 12:45:40 +0200
39624,25/12/2020 10:56:51 +0200
39624,25/12/2020 10:10:31 +0200
36904,23/12/2020 22:25:21 +0300
36739,23/12/2020 17:16:36 +0100
39762,23/12/2020 09:49:23 +0000
36764,22/12/2020 18:27:30 -0500
281604,22/12/2020 15:07:45 -0800
281604,22/12/2020 14:15:49 -0800
37863,22/12/2020 12:50:51 -0800
37863,22/12/2020 11:44:14 -0800
281604,22/12/2020 10:40:33 -0800
37863,22/12/2020 09:34:37 -0800
37863,22/12/2020 09:12:26 -0800
282836,21/12/2020 17:59:09 +0100
39762,21/12/2020 17:23:59 +0200
39762,21/12/2020 17:23:59 +0200
39762,21/12/2020 17:23:59 +0200
39624,21/12/2020 13:07:50 +0200
39755,21/12/2020 10:06:23 +0000
39762,20/12/2020 09:47:58 +0000
36904,20/12/2020 00:23:14 +0300
36787,19/12/2020 18:39:05 +0100
39624,19/12/2020 14:02:39 +0100
39762,19/12/2020 00:58:15 +0200
38391,18/12/2020 21:39:35 +0100
37863,18/12/2020 10:26:32 -0800
39755,18/12/2020 16:55:13 +0000
39755,18/12/2020 09:48:54 +0000
39755,18/12/2020 09:41:05 +0000
37863,17/12/2020 14:45:26 -0800
37863,17/12/2020 14:44:27 -0800
37863,17/12/2020 14:43:53 -0800
37863,17/12/2020 14:43:20 -0800
39762,17/12/2020 23:59:49 +0200
39393,17/12/2020 22:44:01 +0200
39523,17/12/2020 12:17:38 -0800
37863,17/12/2020 12:15:44 -0800
39597,17/12/2020 21:15:02 +0100
37353,17/12/2020 10:37:32 -0800
37863,17/12/2020 09:50:02 -0800
39523,17/12/2020 08:59:39 -0800
39523,16/12/2020 15:34:24 -0800
39393,17/12/2020 01:10:02 +0200
39638,16/12/2020 14:51:10 -0800
37863,16/12/2020 14:39:49 -0800
39762,16/12/2020 23:12:31 +0200
36692,16/12/2020 22:15:33 +0200
281604,16/12/2020 11:15:14 -0800
37863,16/12/2020 11:13:34 -0800
36904,16/12/2020 21:15:09 +0300
39523,16/12/2020 10:02:48 -0800
39762,16/12/2020 18:28:33 +0200
39762,16/12/2020 17:42:36 +0200
39762,16/12/2020 17:27:47 +0200
39762,16/12/2020 17:25:38 +0200
39762,16/12/2020 17:21:38 +0200
39762,16/12/2020 17:11:45 +0200
39638,15/12/2020 18:47:57 -0800
37863,15/12/2020 17:40:28 -0800
37863,15/12/2020 15:55:54 -0800
39443,15/12/2020 23:29:23 +0000
39636,15/12/2020 17:04:38 -0500
39597,15/12/2020 22:44:19 +0100
39597,15/12/2020 22:31:44 +0100
39587,15/12/2020 13:00:29 -0800
39755,15/12/2020 17:13:40 +0000
36654,15/12/2020 17:40:47 +0100
36694,15/12/2020 08:38:55 -0700
39597,15/12/2020 12:47:35 +0100
282836,15/12/2020 11:06:02 +0100
282836,15/12/2020 11:04:47 +0100
39638,14/12/2020 23:07:29 -0800
39587,14/12/2020 14:14:00 -0800
39763,14/12/2020 14:10:18 -0800
39597,14/12/2020 22:35:35 +0100
39636,14/12/2020 13:46:57 -0500
39755,14/12/2020 16:03:31 +0000
36904,14/12/2020 17:06:23 +0300
39597,13/12/2020 20:25:20 +0100
37863,11/12/2020 17:16:54 -0800
39523,11/12/2020 12:51:29 -0800
39523,11/12/2020 12:34:44 -0800
36918,11/12/2020 12:29:25 -0800
39763,11/12/2020 11:01:51 -0800
39762,11/12/2020 19:02:45 +0200
36904,11/12/2020 17:56:11 +0300
36904,11/12/2020 13:00:41 +0300
39638,10/12/2020 22:51:01 -0800
39638,10/12/2020 22:12:29 -0800
39587,10/12/2020 15:10:56 -0800
36918,10/12/2020 11:30:50 -0800
37863,10/12/2020 11:14:44 -0800
37863,10/12/2020 11:13:11 -0800
36904,10/12/2020 21:46:09 +0300
39762,10/12/2020 19:13:33 +0200
39762,10/12/2020 19:13:32 +0200
39762,10/12/2020 19:13:31 +0200
37863,10/12/2020 07:59:06 -0800
36904,10/12/2020 17:36:29 +0300
39636,10/12/2020 09:03:56 -0500
39762,10/12/2020 10:14:30 +0000
38391,10/12/2020 09:47:11 +0100
36833,10/12/2020 01:47:24 +0100
37353,09/12/2020 15:15:41 -0800
281604,09/12/2020 15:14:58 -0800
37934,09/12/2020 23:43:09 +0200
39755,09/12/2020 20:54:24 +0000
39523,09/12/2020 11:57:55 -0800
37353,09/12/2020 11:54:28 -0800
37863,09/12/2020 10:09:55 -0800
37863,09/12/2020 09:39:33 -0800
37863,09/12/2020 09:31:17 -0800
39755,09/12/2020 12:52:04 +0000
282836,09/12/2020 13:10:02 +0100
282836,09/12/2020 13:09:14 +0100
36855,09/12/2020 11:37:06 +0100
39762,09/12/2020 10:11:40 +0000
36904,09/12/2020 12:46:26 +0300
37863,08/12/2020 18:36:43 -0800
36867,08/12/2020 15:58:12 -0500
37863,08/12/2020 11:07:42 -0800
39587,08/12/2020 11:06:22 -0800
39587,08/12/2020 11:06:17 -0800
39523,08/12/2020 09:12:11 -0800
39755,08/12/2020 10:45:56 +0000
39755,08/12/2020 10:09:25 +0000
39762,08/12/2020 10:03:29 +0000
39763,07/12/2020 17:16:31 -0800
39763,07/12/2020 17:15:37 -0800
39523,07/12/2020 10:57:43 -0800
39523,07/12/2020 10:52:40 -0800
39762,07/12/2020 19:55:34 +0200
39762,07/12/2020 19:55:34 +0200
36904,07/12/2020 16:51:01 +0300
36683,06/12/2020 18:19:58 +0100
36871,05/12/2020 17:37:03 +0100
39597,05/12/2020 16:48:04 +0100
39597,05/12/2020 16:30:32 +0100
39597,05/12/2020 14:35:25 +0100
39597,05/12/2020 14:30:45 +0100
39587,04/12/2020 16:39:37 -0800
37863,04/12/2020 16:39:12 -0800
39523,04/12/2020 15:43:33 -0800
39523,04/12/2020 15:16:14 -0800
39763,04/12/2020 14:43:26 -0800
39288,04/12/2020 13:28:35 -0500
44695,04/12/2020 10:33:27 -0600
39762,04/12/2020 16:53:12 +0200
39749,04/12/2020 13:06:48 +0200
39749,04/12/2020 12:58:53 +0200
39749,04/12/2020 11:23:58 +0200
39763,03/12/2020 18:08:00 -0800
39749,04/12/2020 01:00:05 +0200
39597,03/12/2020 23:07:24 +0100
37353,03/12/2020 14:06:38 -0800
39597,03/12/2020 23:03:23 +0100
39763,03/12/2020 13:45:34 -0800
39749,03/12/2020 23:04:03 +0200
39597,03/12/2020 20:43:53 +0100
36918,03/12/2020 11:42:46 -0800
36918,03/12/2020 11:42:46 -0800
39763,03/12/2020 10:52:42 -0800
37863,03/12/2020 09:53:50 -0800
39523,03/12/2020 08:14:27 -0800
39762,03/12/2020 15:50:00 +0200
39605,03/12/2020 13:11:41 +0100
39762,03/12/2020 10:34:10 +0000
36930,02/12/2020 22:56:21 -0300
39749,03/12/2020 01:24:29 +0200
39288,02/12/2020 17:17:08 -0500
39624,02/12/2020 22:53:01 +0100
39755,02/12/2020 21:42:58 +0000
39755,02/12/2020 21:40:44 +0000
39393,02/12/2020 23:25:58 +0200
36935,02/12/2020 11:06:47 -0800
37353,02/12/2020 10:38:25 -0800
39636,02/12/2020 12:48:25 -0500
39755,02/12/2020 14:12:03 +0000
39698,02/12/2020 11:14:07 +0800
38078,01/12/2020 18:46:55 -0800
39638,01/12/2020 15:24:04 -0800
37863,01/12/2020 14:55:57 -0800
39763,01/12/2020 14:55:23 -0800
39762,01/12/2020 23:56:44 +0200
39762,01/12/2020 23:42:43 +0200
39597,01/12/2020 22:35:10 +0100
37863,01/12/2020 12:45:02 -0800
36904,01/12/2020 22:33:55 +0300
44695,01/12/2020 13:19:24 -0600
281604,01/12/2020 10:27:46 -0800
39624,01/12/2020 19:12:46 +0100
37863,01/12/2020 09:39:27 -0800
39624,01/12/2020 16:52:39 +0100
39762,01/12/2020 10:20:57 +0000
37357,01/12/2020 11:58:27 +0200
281604,30/11/2020 16:49:06 -0800
37353,30/11/2020 16:09:30 -0800
39523,30/11/2020 14:53:05 -0800
39636,30/11/2020 16:57:28 -0500
39762,30/11/2020 23:46:14 +0200
39762,30/11/2020 23:07:14 +0200
37863,30/11/2020 11:56:27 -0800
36918,30/11/2020 11:16:48 -0800
37439,30/11/2020 16:49:39 +0000
39755,30/11/2020 14:25:21 +0000
39762,30/11/2020 13:59:13 +0200
39762,30/11/2020 13:59:12 +0200
39762,30/11/2020 13:59:11 +0200
39762,30/11/2020 13:59:11 +0200
39762,30/11/2020 13:59:11 +0200
39762,30/11/2020 13:59:10 +0200
38050,30/11/2020 12:12:22 +0100
39597,29/11/2020 21:42:40 +0100
39624,29/11/2020 10:58:23 +0100
39749,29/11/2020 02:01:03 +0200
39624,28/11/2020 12:01:57 +0100
39624,27/11/2020 21:04:45 +0100
39624,27/11/2020 20:47:20 +0100
39597,26/11/2020 23:41:01 +0100
39597,26/11/2020 23:38:08 +0100
39597,26/11/2020 22:14:23 +0100
39597,26/11/2020 22:09:48 +0100
36969,26/11/2020 21:22:28 +0200
36973,26/11/2020 20:14:26 +0100
36974,26/11/2020 19:55:21 +0200
37863,26/11/2020 09:26:57 -0800
39755,26/11/2020 12:39:43 +0000
37863,25/11/2020 17:27:48 -0800
37863,25/11/2020 17:24:58 -0800
37863,25/11/2020 17:19:43 -0800
37863,25/11/2020 15:18:05 -0800
39763,25/11/2020 15:02:44 -0800
39763,25/11/2020 15:02:23 -0800
39763,25/11/2020 15:01:24 -0800
36943,25/11/2020 19:52:53 -0300
39638,25/11/2020 13:40:56 -0800
39755,25/11/2020 21:03:02 +0000
36987,25/11/2020 16:38:10 +0100
36669,25/11/2020 13:45:44 +0100
39762,25/11/2020 10:23:39 +0000
37863,24/11/2020 17:18:07 -0800
36845,24/11/2020 20:31:18 +0000
37863,24/11/2020 11:57:34 -0800
39624,24/11/2020 18:50:47 +0100
37008,24/11/2020 18:08:18 +0100
37011,24/11/2020 15:49:49 +0100
39636,24/11/2020 08:49:34 -0500
37014,24/11/2020 16:24:45 +0800
39443,23/11/2020 23:11:47 +0000
39762,23/11/2020 20:17:10 +0200
39762,23/11/2020 20:17:07 +0200
39762,23/11/2020 20:17:03 +0200
39762,23/11/2020 20:17:00 +0200
39762,23/11/2020 20:16:57 +0200
39762,23/11/2020 20:15:02 +0200
39501,23/11/2020 19:46:09 +0900
39749,23/11/2020 00:05:39 +0200
39597,22/11/2020 15:06:32 +0100
37026,22/11/2020 00:01:07 +0300
36690,21/11/2020 20:54:52 +0100
39597,20/11/2020 21:18:46 +0100
37863,20/11/2020 12:07:36 -0800
38347,20/11/2020 14:26:51 -0500
39624,20/11/2020 20:25:30 +0100
39523,20/11/2020 11:05:40 -0800
36702,20/11/2020 19:34:49 +0100
37863,19/11/2020 13:31:44 -0800
37863,19/11/2020 13:31:34 -0800
36978,19/11/2020 12:29:20 -0800
39638,19/11/2020 11:48:56 -0800
39624,19/11/2020 17:21:51 +0100
39605,19/11/2020 16:17:12 +0100
39605,19/11/2020 15:19:08 +0100
39755,19/11/2020 12:21:01 +0000
39763,18/11/2020 17:30:52 -0800
39763,18/11/2020 14:07:30 -0800
37439,18/11/2020 20:31:04 +0000
39755,18/11/2020 19:41:26 +0000
281604,18/11/2020 11:38:07 -0800
39523,18/11/2020 10:57:24 -0800
38094,18/11/2020 10:56:31 -0800
38094,18/11/2020 10:46:34 -0800
281604,18/11/2020 10:24:02 -0800
39413,18/11/2020 22:54:59 +0530
39762,18/11/2020 19:14:49 +0200
44695,18/11/2020 11:13:19 -0600
37439,18/11/2020 17:02:41 +0000
37439,18/11/2020 16:50:07 +0000
39523,18/11/2020 08:49:56 -0800
39523,18/11/2020 08:48:59 -0800
39762,18/11/2020 17:24:35 +0200
39636,18/11/2020 08:47:53 -0500
39762,18/11/2020 12:36:08 +0200
39762,18/11/2020 12:36:07 +0200
39762,18/11/2020 12:36:06 +0200
39762,18/11/2020 12:36:00 +0200
37439,18/11/2020 07:40:24 +0000
39763,17/11/2020 14:43:40 -0800
37863,17/11/2020 13:00:22 -0800
37863,17/11/2020 13:00:11 -0800
37863,17/11/2020 12:03:45 -0800
39523,17/11/2020 11:20:41 -0800
39523,17/11/2020 10:08:40 -0800
39413,17/11/2020 21:56:24 +0530
39755,17/11/2020 15:59:02 +0000
39755,17/11/2020 10:07:54 +0000
39587,16/11/2020 19:35:28 -0800
37863,16/11/2020 15:41:39 -0800
37116,16/11/2020 22:37:09 +0100
39762,16/11/2020 22:18:58 +0200
39762,16/11/2020 22:18:56 +0200
39762,16/11/2020 22:18:55 +0200
39762,16/11/2020 22:18:53 +0200
39762,16/11/2020 22:18:51 +0200
39762,16/11/2020 22:18:48 +0200
39443,16/11/2020 19:45:09 +0000
37863,16/11/2020 11:22:44 -0800
37863,16/11/2020 11:22:11 -0800
37863,16/11/2020 11:04:00 -0800
39597,16/11/2020 18:24:37 +0100
39597,16/11/2020 18:16:07 +0100
39597,16/11/2020 18:12:31 +0100
39597,16/11/2020 18:10:29 +0100
39597,16/11/2020 18:04:49 +0100
39597,16/11/2020 17:59:13 +0100
39597,16/11/2020 17:56:36 +0100
37116,16/11/2020 16:14:42 +0100
37116,16/11/2020 16:05:54 +0100
39755,16/11/2020 15:02:38 +0000
39597,16/11/2020 13:02:27 +0100
39597,16/11/2020 12:57:18 +0100
39597,15/11/2020 15:53:05 +0100
39624,15/11/2020 10:53:51 +0100
39597,14/11/2020 22:57:26 +0100
39597,14/11/2020 20:37:27 +0100
39755,14/11/2020 13:02:40 +0000
39636,13/11/2020 16:09:26 -0500
36671,13/11/2020 23:11:16 +0530
37129,13/11/2020 03:36:55 -0500
39755,13/11/2020 08:05:17 +0000
39763,12/11/2020 16:29:36 -0800
37069,12/11/2020 20:40:30 -0300
37863,12/11/2020 15:25:02 -0800
39763,12/11/2020 13:44:24 -0800
39755,12/11/2020 19:43:35 +0000
39523,12/11/2020 11:01:01 -0800
282836,12/11/2020 19:48:16 +0100
39523,12/11/2020 10:33:08 -0800
39762,12/11/2020 17:43:51 +0200
36989,12/11/2020 15:37:09 +0500
37145,11/11/2020 19:41:06 -0600
218205,12/11/2020 09:16:51 +0900
39762,11/11/2020 20:30:47 +0200
39762,11/11/2020 19:49:58 +0200
39501,12/11/2020 02:42:36 +0900
39501,12/11/2020 02:42:36 +0900
39501,12/11/2020 02:35:13 +0900
39501,12/11/2020 02:35:13 +0900
39587,11/11/2020 08:54:48 -0800
37934,11/11/2020 18:45:59 +0200
39755,11/11/2020 15:29:43 +0000
39755,11/11/2020 15:29:43 +0000
39755,11/11/2020 15:29:43 +0000
39755,11/11/2020 15:29:43 +0000
39755,11/11/2020 15:29:42 +0000
39755,11/11/2020 15:29:42 +0000
39587,10/11/2020 12:24:46 -0800
39636,10/11/2020 14:25:12 -0500
39587,10/11/2020 10:49:53 -0800
39587,10/11/2020 10:23:38 -0800
39587,10/11/2020 09:54:05 -0800
39587,10/11/2020 09:32:26 -0800
37024,10/11/2020 16:22:12 +0100
37143,10/11/2020 13:04:10 +0100
39638,09/11/2020 22:58:19 -0800
39587,09/11/2020 21:09:18 -0800
39587,09/11/2020 20:08:59 -0800
39587,09/11/2020 20:05:23 -0800
39587,09/11/2020 19:57:47 -0800
39587,09/11/2020 18:24:22 -0800
39587,09/11/2020 17:09:49 -0800
44695,09/11/2020 18:20:02 -0600
37863,09/11/2020 13:35:48 -0800
39587,09/11/2020 13:27:03 -0800
39587,09/11/2020 13:03:13 -0800
37439,09/11/2020 18:36:16 +0000
37439,09/11/2020 18:34:40 +0000
37863,09/11/2020 10:25:25 -0800
37934,09/11/2020 20:05:46 +0200
37863,09/11/2020 09:16:19 -0800
37439,09/11/2020 15:07:08 +0000
37439,09/11/2020 11:51:01 +0000
37439,09/11/2020 11:25:43 +0000
39624,08/11/2020 17:28:22 +0100
39597,08/11/2020 16:15:14 +0100
39597,08/11/2020 16:13:42 +0100
39624,07/11/2020 16:17:39 +0100
39762,07/11/2020 15:11:47 +0200
39636,06/11/2020 15:49:38 -0500
39523,06/11/2020 12:30:03 -0800
39763,06/11/2020 11:22:27 -0800
282836,06/11/2020 09:08:57 +0100
282836,06/11/2020 08:52:19 +0100
37165,06/11/2020 14:57:34 +0800
39636,05/11/2020 16:11:47 -0500
39443,05/11/2020 17:59:45 +0000
39762,05/11/2020 18:26:14 +0200
39755,05/11/2020 11:01:45 +0000
39762,05/11/2020 09:29:21 +0000
38347,04/11/2020 19:58:29 -0500
38347,04/11/2020 19:55:38 -0500
39523,04/11/2020 12:50:05 -0800
39523,04/11/2020 12:41:24 -0800
39763,04/11/2020 12:28:59 -0800
39763,04/11/2020 12:28:37 -0800
39763,04/11/2020 12:27:19 -0800
37172,04/11/2020 21:49:29 +0200
39624,04/11/2020 20:42:10 +0100
39762,04/11/2020 20:46:59 +0200
39762,04/11/2020 20:45:33 +0200
39762,04/11/2020 20:45:32 +0200
39762,04/11/2020 20:45:32 +0200
39762,04/11/2020 20:45:31 +0200
37682,04/11/2020 23:25:26 +0530
39393,04/11/2020 13:24:25 +0200
39762,04/11/2020 09:34:05 +0000
39393,04/11/2020 11:15:18 +0200
37863,03/11/2020 16:49:30 -0800
39597,03/11/2020 21:33:57 +0100
37439,03/11/2020 16:43:35 +0000
37439,03/11/2020 16:38:18 +0000
282836,03/11/2020 12:37:46 +0100
281604,02/11/2020 11:25:39 -0800
37863,02/11/2020 11:01:49 -0800
39636,02/11/2020 13:55:00 -0500
39523,02/11/2020 10:06:31 -0800
39755,02/11/2020 17:54:24 +0000
37193,02/11/2020 13:20:02 +0200
39624,01/11/2020 12:33:52 +0100
36680,31/10/2020 14:55:56 +0200
37193,31/10/2020 13:06:49 +0200
37863,30/10/2020 16:27:22 -0700
39597,30/10/2020 23:50:02 +0100
39597,30/10/2020 23:45:15 +0100
44695,30/10/2020 17:16:39 -0500
39597,30/10/2020 23:04:09 +0100
39597,30/10/2020 22:53:30 +0100
39763,30/10/2020 14:37:02 -0700
39597,30/10/2020 20:31:47 +0100
37091,30/10/2020 19:09:06 +0100
39636,30/10/2020 10:41:33 -0400
39501,30/10/2020 13:21:07 +0900
39711,29/10/2020 16:28:46 -0700
39523,29/10/2020 15:43:44 -0700
37090,29/10/2020 16:15:53 -0600
39638,29/10/2020 13:00:32 -0700
39624,29/10/2020 20:52:15 +0100
39638,29/10/2020 11:32:26 -0700
39638,29/10/2020 11:21:39 -0700
39744,29/10/2020 11:14:33 -0700
37224,29/10/2020 16:59:58 +0000
39755,29/10/2020 09:45:01 +0000
39523,28/10/2020 17:14:40 -0700
37863,28/10/2020 15:34:14 -0700
39755,28/10/2020 21:37:24 +0000
39755,28/10/2020 21:35:06 +0000
39763,28/10/2020 14:20:29 -0700
39755,28/10/2020 21:01:31 +0000
39763,28/10/2020 13:54:14 -0700
37229,29/10/2020 01:51:09 +0530
39762,28/10/2020 21:51:17 +0200
39762,28/10/2020 20:51:08 +0200
39523,28/10/2020 10:47:22 -0700
39523,28/10/2020 10:22:15 -0700
39523,28/10/2020 10:20:15 -0700
39523,28/10/2020 10:07:48 -0700
37353,28/10/2020 10:05:57 -0700
39439,28/10/2020 17:23:53 +0100
37439,28/10/2020 14:23:55 +0000
39762,28/10/2020 16:17:50 +0200
37235,28/10/2020 14:35:59 +0100
39762,28/10/2020 15:03:41 +0200
39762,28/10/2020 12:23:58 +0200
39762,28/10/2020 12:23:57 +0200
39762,28/10/2020 12:23:56 +0200
39762,28/10/2020 12:23:51 +0200
39762,28/10/2020 09:52:19 +0000
37353,27/10/2020 16:07:08 -0700
39523,27/10/2020 14:41:06 -0700
37250,27/10/2020 13:56:29 -0400
39762,27/10/2020 18:07:59 +0200
39762,27/10/2020 18:05:32 +0200
39755,27/10/2020 15:16:55 +0000
282836,27/10/2020 14:22:31 +0100
37264,27/10/2020 09:53:37 +0530
37863,26/10/2020 20:38:28 -0700
39523,26/10/2020 19:42:23 -0700
37863,26/10/2020 19:10:16 -0700
39501,27/10/2020 10:29:01 +0900
39501,27/10/2020 10:25:52 +0900
38427,26/10/2020 20:18:06 -0400
37290,26/10/2020 15:45:31 -0700
44695,26/10/2020 17:40:26 -0500
39755,26/10/2020 21:12:56 +0000
39744,26/10/2020 10:11:04 -0700
39523,26/10/2020 09:51:29 -0700
39523,26/10/2020 09:47:49 -0700
37256,26/10/2020 10:39:46 -0600
282836,26/10/2020 14:25:12 +0100
37274,26/10/2020 15:42:30 +0530
39501,26/10/2020 12:17:14 +0900
39638,24/10/2020 22:26:23 -0700
39597,25/10/2020 00:19:58 +0200
44695,24/10/2020 12:50:00 -0500
39755,24/10/2020 16:50:25 +0100
39624,24/10/2020 13:16:11 +0200
39762,24/10/2020 14:07:46 +0300
39762,24/10/2020 09:15:49 +0000
37241,23/10/2020 17:52:32 -0700
39638,23/10/2020 13:09:11 -0700
39523,23/10/2020 09:08:17 -0700
39393,23/10/2020 16:27:29 +0300
37186,23/10/2020 13:10:10 +0000
39755,23/10/2020 13:32:36 +0100
39501,23/10/2020 20:45:51 +0900
39523,22/10/2020 12:08:46 -0700
39636,22/10/2020 14:16:51 -0400
39523,22/10/2020 08:58:59 -0700
36871,22/10/2020 16:38:46 +0200
37285,22/10/2020 18:01:08 +0530
39636,22/10/2020 08:04:01 -0400
39755,22/10/2020 10:34:52 +0100
39762,22/10/2020 09:15:02 +0000
44695,21/10/2020 17:53:19 -0500
39638,21/10/2020 11:49:03 -0700
39638,21/10/2020 11:20:10 -0700
37863,21/10/2020 11:01:10 -0700
37863,21/10/2020 11:01:10 -0700
39762,21/10/2020 20:15:20 +0300
39762,21/10/2020 09:19:34 +0000
282836,21/10/2020 10:54:48 +0200
37315,21/10/2020 09:42:25 +0200
282836,21/10/2020 08:50:48 +0200
37039,21/10/2020 12:33:11 +1100
37290,20/10/2020 16:15:22 -0700
39523,20/10/2020 14:47:13 -0700
39624,20/10/2020 21:35:36 +0200
39523,20/10/2020 09:58:33 -0700
39523,20/10/2020 09:58:00 -0700
39393,20/10/2020 19:52:01 +0300
39755,20/10/2020 17:29:03 +0100
39523,20/10/2020 09:01:23 -0700
39762,20/10/2020 09:13:57 +0000
38427,19/10/2020 23:50:06 -0400
39711,19/10/2020 15:23:37 -0700
39624,18/10/2020 17:41:29 +0200
39501,18/10/2020 15:23:36 +0900
281604,17/10/2020 12:35:16 -0700
39587,17/10/2020 12:20:12 -0700
39597,17/10/2020 20:54:06 +0200
39597,17/10/2020 20:52:26 +0200
39597,17/10/2020 20:27:24 +0200
39762,17/10/2020 15:20:59 +0000
39501,17/10/2020 23:26:06 +0900
39501,17/10/2020 22:56:09 +0900
39638,16/10/2020 17:48:44 -0700
37863,16/10/2020 17:17:15 -0700
39443,16/10/2020 19:50:28 +0000
39587,16/10/2020 12:48:07 -0700
281604,16/10/2020 12:04:36 -0700
36793,16/10/2020 21:46:24 +0300
281604,16/10/2020 11:21:24 -0700
39587,16/10/2020 10:49:02 -0700
39587,15/10/2020 17:04:41 -0700
39501,16/10/2020 08:03:15 +0900
37354,16/10/2020 10:03:09 +1100
39636,15/10/2020 17:06:04 -0400
39638,15/10/2020 13:04:52 -0700
36655,15/10/2020 21:50:56 +0200
39523,15/10/2020 10:58:51 -0700
39523,15/10/2020 08:58:38 -0700
39762,15/10/2020 15:27:08 +0000
39755,15/10/2020 12:05:14 +0100
37327,14/10/2020 22:28:29 -0400
37353,14/10/2020 15:11:01 -0700
38094,14/10/2020 13:50:18 -0700
38094,14/10/2020 13:42:57 -0700
39523,14/10/2020 09:27:11 -0700
39523,14/10/2020 08:55:45 -0700
39755,14/10/2020 16:30:09 +0100
39755,14/10/2020 16:16:18 +0100
39762,14/10/2020 16:57:00 +0300
39587,13/10/2020 22:08:53 -0700
39587,13/10/2020 22:00:43 -0700
39587,13/10/2020 16:24:58 -0700
38094,13/10/2020 14:31:03 -0700
37371,14/10/2020 00:13:46 +0300
39597,13/10/2020 23:06:07 +0200
37439,13/10/2020 20:48:20 +0000
37353,13/10/2020 13:40:00 -0700
37357,13/10/2020 23:17:36 +0300
39587,13/10/2020 12:58:14 -0700
37336,13/10/2020 22:02:45 +0300
37358,13/10/2020 20:40:03 +0200
39763,13/10/2020 11:14:13 -0700
37439,13/10/2020 17:51:28 +0000
39763,13/10/2020 10:28:15 -0700
37364,13/10/2020 20:16:26 +0300
36890,13/10/2020 20:11:09 +0300
37401,13/10/2020 19:05:35 +0200
36891,13/10/2020 21:45:06 +0530
39636,13/10/2020 08:57:54 -0400
36672,13/10/2020 11:08:11 +0200
39587,12/10/2020 22:09:57 -0700
39587,12/10/2020 21:38:06 -0700
39587,12/10/2020 17:17:11 -0700
39587,12/10/2020 16:57:07 -0700
39763,12/10/2020 12:51:43 -0700
37863,12/10/2020 12:48:56 -0700
39762,12/10/2020 21:22:33 +0300
39762,12/10/2020 21:16:51 +0300
39523,12/10/2020 11:13:57 -0700
39624,12/10/2020 18:07:34 +0200
37244,12/10/2020 07:32:14 +0200
39762,10/10/2020 22:02:48 +0300
39762,10/10/2020 22:02:47 +0300
39762,10/10/2020 19:28:59 +0300
39762,10/10/2020 15:18:00 +0000
37439,10/10/2020 02:16:12 +0000
37439,10/10/2020 01:13:32 +0000
37439,10/10/2020 00:27:29 +0000
281604,09/10/2020 16:46:55 -0700
39763,09/10/2020 13:41:52 -0700
39501,10/10/2020 04:06:24 +0900
37863,09/10/2020 11:22:03 -0700
37863,09/10/2020 11:20:47 -0700
39762,09/10/2020 21:04:43 +0300
37863,09/10/2020 10:58:16 -0700
37246,09/10/2020 16:50:24 +0200
37439,09/10/2020 13:00:32 +0000
37439,09/10/2020 11:57:32 +0000
37439,09/10/2020 02:40:59 +0000
39638,08/10/2020 16:26:37 -0700
39763,08/10/2020 14:25:51 -0700
39763,08/10/2020 12:56:05 -0700
37863,08/10/2020 11:49:10 -0700
39762,08/10/2020 15:25:12 +0000
39624,08/10/2020 16:59:29 +0200
37439,08/10/2020 13:08:43 +0000
38581,07/10/2020 20:38:46 -0500
37439,08/10/2020 00:28:39 +0000
39638,07/10/2020 16:21:36 -0700
39523,07/10/2020 14:33:11 -0700
39523,07/10/2020 14:29:00 -0700
39636,07/10/2020 16:58:04 -0400
39523,07/10/2020 13:25:08 -0700
39523,07/10/2020 13:19:33 -0700
39755,07/10/2020 20:56:53 +0100
37447,07/10/2020 23:03:42 +0530
37439,07/10/2020 16:44:47 +0000
37439,07/10/2020 16:43:17 +0000
37007,07/10/2020 14:53:20 +0530
39638,06/10/2020 21:45:28 -0700
218205,07/10/2020 13:13:36 +0900
37384,06/10/2020 22:03:15 -0400
37439,07/10/2020 00:04:32 +0000
37322,06/10/2020 16:52:53 -0700
37439,06/10/2020 22:39:10 +0000
37439,06/10/2020 22:39:10 +0000
37863,06/10/2020 15:02:19 -0700
39523,06/10/2020 13:05:39 -0700
39523,06/10/2020 10:13:54 -0700
39628,06/10/2020 08:22:07 -0400
282836,06/10/2020 12:29:58 +0200
39501,06/10/2020 12:45:16 +0900
39501,06/10/2020 12:07:34 +0900
39638,05/10/2020 18:06:58 -0700
39501,06/10/2020 08:51:07 +0900
39523,05/10/2020 15:46:36 -0700
39523,05/10/2020 15:42:11 -0700
39636,05/10/2020 17:05:28 -0400
39587,05/10/2020 12:51:41 -0700
44695,04/10/2020 23:31:22 -0500
39762,04/10/2020 22:30:47 +0300
39501,04/10/2020 12:31:14 +0900
39755,03/10/2020 21:14:59 +0100
39755,03/10/2020 19:59:53 +0100
37377,03/10/2020 13:30:17 -0500
44695,02/10/2020 23:25:38 -0500
39687,02/10/2020 14:57:34 -0700
37480,02/10/2020 14:39:08 -0700
37863,02/10/2020 13:54:18 -0700
37863,02/10/2020 12:13:25 -0700
37863,02/10/2020 12:12:52 -0700
39638,02/10/2020 11:47:47 -0700
39638,02/10/2020 11:46:08 -0700
39523,02/10/2020 10:50:38 -0700
39638,02/10/2020 10:27:39 -0700
37470,02/10/2020 08:52:40 -0700
37245,02/10/2020 12:35:47 +0200
39638,01/10/2020 19:14:38 -0700
39638,01/10/2020 18:38:00 -0700
39638,01/10/2020 18:24:50 -0700
39638,01/10/2020 18:22:32 -0700
39523,01/10/2020 16:06:56 -0700
37863,01/10/2020 13:30:03 -0700
282836,01/10/2020 19:55:33 +0200
39523,01/10/2020 10:54:23 -0700
39523,01/10/2020 10:53:07 -0700
39523,01/10/2020 10:08:42 -0700
39762,01/10/2020 19:25:09 +0300
37465,01/10/2020 21:29:29 +0530
39762,01/10/2020 15:20:32 +0000
39597,01/10/2020 17:09:38 +0200
37456,01/10/2020 22:57:41 +0900
39755,01/10/2020 13:43:26 +0100
39523,30/09/2020 16:12:11 -0700
39597,01/10/2020 00:22:54 +0200
39597,01/10/2020 00:17:21 +0200
39638,30/09/2020 14:32:19 -0700
39687,30/09/2020 14:13:55 -0700
39523,30/09/2020 13:23:13 -0700
39523,30/09/2020 13:16:33 -0700
39523,30/09/2020 13:01:20 -0700
39755,30/09/2020 20:55:30 +0100
281604,30/09/2020 10:59:38 -0700
39763,30/09/2020 13:16:17 -0400
39763,30/09/2020 13:09:53 -0400
39628,30/09/2020 12:17:04 -0400
281604,30/09/2020 08:59:47 -0700
281604,30/09/2020 08:54:04 -0700
37863,30/09/2020 08:47:36 -0700
39762,30/09/2020 15:17:51 +0000
38427,30/09/2020 04:42:01 -0400
282836,30/09/2020 10:03:16 +0200
39523,29/09/2020 16:06:50 -0700
37863,29/09/2020 14:25:28 -0700
39755,29/09/2020 20:58:57 +0100
39755,29/09/2020 20:52:40 +0100
39755,29/09/2020 20:46:55 +0100
39755,29/09/2020 20:44:43 +0100
39755,29/09/2020 20:42:20 +0100
39763,29/09/2020 14:03:07 -0400
39763,29/09/2020 13:44:39 -0400
37506,29/09/2020 09:10:11 -0700
39762,29/09/2020 18:26:21 +0300
39762,29/09/2020 18:26:20 +0300
39762,29/09/2020 18:26:19 +0300
39762,29/09/2020 18:26:19 +0300
39762,29/09/2020 18:26:18 +0300
39762,29/09/2020 18:26:17 +0300
39762,29/09/2020 15:15:12 +0000
39523,29/09/2020 08:13:47 -0700
37524,29/09/2020 09:13:58 -0400
39711,28/09/2020 21:23:34 -0700
39638,28/09/2020 18:08:07 -0700
38134,28/09/2020 18:47:57 -0600
39587,28/09/2020 17:39:56 -0700
37863,28/09/2020 16:12:09 -0700
39523,28/09/2020 12:22:26 -0700
37863,28/09/2020 11:26:07 -0700
37863,28/09/2020 11:25:20 -0700
37535,28/09/2020 10:36:55 -0700
39762,28/09/2020 18:17:57 +0300
39628,28/09/2020 17:56:59 +0300
39628,28/09/2020 17:56:57 +0300
37398,28/09/2020 16:12:01 +0530
39762,27/09/2020 15:20:48 +0300
39762,27/09/2020 15:20:46 +0300
39762,27/09/2020 15:20:44 +0300
39762,27/09/2020 15:20:39 +0300
39755,27/09/2020 13:03:21 +0100
39624,27/09/2020 14:58:57 +0300
39755,27/09/2020 11:57:38 +0100
39755,27/09/2020 11:54:37 +0100
39755,27/09/2020 11:42:43 +0100
39762,27/09/2020 13:37:45 +0300
39762,27/09/2020 13:37:43 +0300
39762,27/09/2020 13:37:41 +0300
39762,27/09/2020 13:37:39 +0300
39755,27/09/2020 11:29:58 +0100
39755,27/09/2020 11:04:31 +0100
39755,27/09/2020 10:50:51 +0100
39755,27/09/2020 10:42:28 +0100
37439,27/09/2020 01:45:38 +0000
39597,26/09/2020 22:28:12 +0200
39597,26/09/2020 22:14:10 +0200
39624,26/09/2020 21:35:25 +0300
39755,26/09/2020 14:29:55 +0100
39755,26/09/2020 13:58:47 +0100
39755,26/09/2020 13:53:28 +0100
39587,25/09/2020 17:17:30 -0700
44695,25/09/2020 18:52:06 -0500
281604,25/09/2020 15:34:03 -0700
39587,25/09/2020 15:01:56 -0700
39587,25/09/2020 14:47:33 -0700
39763,25/09/2020 16:28:32 -0400
44695,25/09/2020 11:45:46 -0500
39762,25/09/2020 19:21:16 +0300
39762,25/09/2020 19:17:49 +0300
39762,25/09/2020 18:17:26 +0300
37516,25/09/2020 22:14:05 +0700
39762,25/09/2020 16:31:31 +0300
281604,24/09/2020 22:11:57 -0700
39443,24/09/2020 20:30:13 +0000
39443,24/09/2020 20:17:25 +0000
39443,24/09/2020 20:11:29 +0000
44695,24/09/2020 11:22:12 -0500
39523,24/09/2020 09:17:57 -0700
39762,24/09/2020 15:11:52 +0000
281604,23/09/2020 16:28:36 -0700
39755,23/09/2020 22:02:13 +0100
39523,23/09/2020 13:27:30 -0700
39523,23/09/2020 13:23:49 -0700
39763,23/09/2020 15:21:21 -0400
39763,23/09/2020 15:14:22 -0400
39755,23/09/2020 19:39:21 +0100
37863,23/09/2020 11:23:28 -0700
37598,23/09/2020 11:26:23 -0500
37863,23/09/2020 08:36:38 -0700
39636,23/09/2020 11:02:04 -0400
39755,23/09/2020 09:16:30 +0100
39638,22/09/2020 18:00:37 -0700
39763,22/09/2020 16:18:09 -0400
39521,22/09/2020 10:27:18 -0700
39755,22/09/2020 15:42:33 +0100
39501,22/09/2020 22:52:20 +0900
39755,22/09/2020 08:59:14 +0100
38078,21/09/2020 16:33:10 -0700
39638,21/09/2020 16:21:35 -0700
39638,21/09/2020 16:19:27 -0700
39638,21/09/2020 16:15:18 -0700
39523,21/09/2020 14:27:44 -0700
39523,21/09/2020 14:15:52 -0700
39523,21/09/2020 14:10:48 -0700
39523,21/09/2020 14:06:31 -0700
39755,21/09/2020 21:51:40 +0100
39762,21/09/2020 20:52:26 +0300
39755,21/09/2020 14:16:17 +0100
39755,21/09/2020 14:02:52 +0100
37640,21/09/2020 13:34:39 +0100
39755,21/09/2020 13:05:26 +0100
39755,21/09/2020 12:45:19 +0100
39755,21/09/2020 12:41:04 +0100
39755,21/09/2020 12:34:07 +0100
37478,21/09/2020 12:14:40 +0530
39501,20/09/2020 09:33:14 +0900
39597,20/09/2020 01:06:19 +0200
39628,19/09/2020 12:41:59 -0400
39628,19/09/2020 11:52:03 -0400
39501,19/09/2020 14:10:32 +0900
39636,18/09/2020 16:43:40 -0400
37863,18/09/2020 12:11:00 -0700
39638,18/09/2020 11:21:56 -0700
37642,18/09/2020 09:33:23 -0600
37863,17/09/2020 16:16:17 -0700
39587,17/09/2020 15:57:01 -0700
39628,17/09/2020 18:47:41 -0400
37863,17/09/2020 13:01:32 -0700
39597,17/09/2020 20:40:35 +0200
36656,17/09/2020 14:10:21 -0400
39523,17/09/2020 10:17:08 -0700
39443,17/09/2020 17:10:16 +0000
39443,17/09/2020 16:39:51 +0000
37655,17/09/2020 18:41:14 +0300
39624,17/09/2020 15:12:08 +0200
37477,17/09/2020 10:50:51 +0900
39523,16/09/2020 14:52:51 -0700
39523,16/09/2020 14:49:30 -0700
37655,16/09/2020 22:18:25 +0300
37662,16/09/2020 18:31:24 +0200
39523,16/09/2020 07:38:47 -0700
37663,16/09/2020 10:38:10 -0400
39755,16/09/2020 11:19:56 +0100
39523,15/09/2020 15:38:29 -0700
281604,15/09/2020 10:11:23 -0700
37863,15/09/2020 10:07:28 -0700
37663,15/09/2020 09:21:13 -0400
39636,15/09/2020 08:52:44 -0400
39523,14/09/2020 15:48:03 -0700
39636,14/09/2020 17:12:32 -0400
39587,14/09/2020 13:43:44 -0700
39587,14/09/2020 13:25:13 -0700
39523,14/09/2020 13:21:31 -0700
39587,14/09/2020 13:14:12 -0700
39587,14/09/2020 13:06:05 -0700
37863,14/09/2020 12:51:25 -0700
39523,14/09/2020 11:24:15 -0700
39587,14/09/2020 11:21:15 -0700
39628,14/09/2020 12:47:12 -0400
39597,14/09/2020 14:22:34 +0200
39597,14/09/2020 14:19:30 +0200
39597,14/09/2020 14:08:29 +0200
37682,14/09/2020 15:12:23 +0530
39501,14/09/2020 15:54:12 +0900
39597,13/09/2020 20:31:33 +0200
39762,12/09/2020 15:01:13 +0000
37636,12/09/2020 20:21:49 +0530
39624,12/09/2020 14:33:06 +0200
39501,12/09/2020 10:41:09 +0900
39523,11/09/2020 14:54:53 -0700
39523,11/09/2020 14:54:00 -0700
39628,11/09/2020 17:41:56 -0400
39628,11/09/2020 15:57:55 -0400
39523,11/09/2020 12:13:36 -0700
39755,11/09/2020 16:43:23 +0100
39747,11/09/2020 17:09:58 +0200
39597,11/09/2020 15:17:34 +0200
39638,10/09/2020 18:15:32 -0700
38180,11/09/2020 00:52:12 +0200
39636,10/09/2020 17:06:39 -0400
37863,10/09/2020 13:28:23 -0700
39638,10/09/2020 12:38:49 -0700
39501,11/09/2020 03:28:40 +0900
39523,10/09/2020 08:32:00 -0700
39755,10/09/2020 09:52:43 +0100
39755,10/09/2020 09:17:42 +0100
39628,09/09/2020 21:43:42 -0400
37863,09/09/2020 16:07:50 -0700
39711,09/09/2020 14:59:02 -0700
39755,09/09/2020 22:00:27 +0100
39443,09/09/2020 20:41:53 +0000
38094,09/09/2020 13:31:47 -0700
38094,09/09/2020 13:21:46 -0700
39597,09/09/2020 21:32:56 +0200
37863,09/09/2020 11:24:50 -0700
37863,09/09/2020 11:24:13 -0700
39711,09/09/2020 11:22:50 -0700
37863,09/09/2020 10:49:35 -0700
39523,09/09/2020 10:14:15 -0700
39523,09/09/2020 09:53:06 -0700
39747,09/09/2020 15:01:18 +0200
39747,09/09/2020 14:56:58 +0200
39747,09/09/2020 14:55:19 +0200
39747,09/09/2020 14:53:13 +0200
39747,09/09/2020 14:50:02 +0200
39747,09/09/2020 14:48:36 +0200
39747,09/09/2020 14:48:11 +0200
39747,09/09/2020 14:44:14 +0200
39747,09/09/2020 14:42:34 +0200
39747,09/09/2020 14:37:38 +0200
39628,09/09/2020 08:36:54 -0400
37723,09/09/2020 14:35:52 +0300
37645,09/09/2020 13:03:01 +0200
37727,09/09/2020 11:50:54 +0200
37710,09/09/2020 14:59:37 +0800
39523,08/09/2020 14:38:04 -0700
39521,08/09/2020 13:42:32 -0700
39638,08/09/2020 13:20:52 -0700
39523,08/09/2020 12:53:21 -0700
39755,08/09/2020 20:51:35 +0100
39636,08/09/2020 14:28:35 -0400
39393,08/09/2020 17:03:41 +0300
39755,07/09/2020 21:16:55 +0100
39762,07/09/2020 21:01:04 +0300
39755,07/09/2020 12:35:44 +0100
39755,07/09/2020 11:43:51 +0100
37758,07/09/2020 12:54:28 +0800
39393,06/09/2020 13:25:16 +0300
39393,06/09/2020 13:16:53 +0300
38311,06/09/2020 08:40:31 +0900
37754,05/09/2020 21:34:27 +0200
39042,05/09/2020 19:09:00 +0300
39768,05/09/2020 11:30:54 +0200
38049,04/09/2020 23:05:51 -0400
39587,04/09/2020 16:55:51 -0700
37620,04/09/2020 22:57:21 +0200
39587,04/09/2020 13:03:46 -0700
38049,04/09/2020 13:48:13 -0400
39755,04/09/2020 15:16:12 +0100
282836,04/09/2020 14:07:04 +0200
39587,03/09/2020 22:46:11 -0700
39523,03/09/2020 16:01:56 -0700
39523,03/09/2020 14:54:31 -0700
39523,03/09/2020 13:54:31 -0700
39523,03/09/2020 13:53:03 -0700
39755,03/09/2020 20:15:31 +0100
39636,03/09/2020 12:20:32 -0400
39636,02/09/2020 17:11:04 -0400
39523,02/09/2020 13:06:00 -0700
39523,02/09/2020 12:51:31 -0700
39763,02/09/2020 15:18:29 -0400
39597,02/09/2020 20:59:57 +0200
39636,02/09/2020 12:24:44 -0400
39523,02/09/2020 08:51:09 -0700
53164,02/09/2020 10:17:01 -0500
39755,02/09/2020 16:16:10 +0100
39628,02/09/2020 08:52:40 -0400
39628,02/09/2020 08:01:39 -0400
39755,02/09/2020 12:38:22 +0100
39523,01/09/2020 11:37:34 -0700
39523,01/09/2020 11:29:32 -0700
39747,01/09/2020 19:48:03 +0200
39634,01/09/2020 10:35:41 -0700
39755,01/09/2020 16:49:48 +0100
39762,01/09/2020 17:21:35 +0300
39747,01/09/2020 12:32:09 +0200
39747,01/09/2020 10:48:01 +0200
39747,01/09/2020 10:46:41 +0200
39747,01/09/2020 10:46:10 +0200
39747,01/09/2020 10:43:26 +0200
39747,01/09/2020 10:39:35 +0200
39638,31/08/2020 16:52:40 -0700
39501,01/09/2020 08:26:55 +0900
39501,01/09/2020 08:26:11 +0900
38347,31/08/2020 17:21:25 -0400
410658,01/09/2020 01:24:12 +0900
39755,31/08/2020 16:27:44 +0100
39755,31/08/2020 16:27:04 +0100
39755,31/08/2020 16:23:01 +0100
39755,31/08/2020 16:19:11 +0100
39762,31/08/2020 14:55:26 +0000
39501,31/08/2020 13:48:41 +0900
37789,31/08/2020 00:50:16 +0200
37796,30/08/2020 20:21:21 +0200
37795,30/08/2020 22:24:11 +0530
37797,30/08/2020 01:18:00 -0500
37797,30/08/2020 00:35:22 -0500
39523,28/08/2020 15:45:48 -0700
37794,28/08/2020 10:59:41 -1000
39523,28/08/2020 11:45:01 -0700
39523,28/08/2020 10:21:28 -0700
37733,28/08/2020 11:13:55 +0300
39747,28/08/2020 02:07:00 +0200
39523,27/08/2020 16:30:59 -0700
39523,27/08/2020 15:59:52 -0700
39523,27/08/2020 15:06:22 -0700
37863,27/08/2020 13:51:05 -0700
37863,27/08/2020 13:44:38 -0700
37863,27/08/2020 13:35:34 -0700
37724,27/08/2020 11:47:31 -0700
37863,27/08/2020 11:36:17 -0700
37863,27/08/2020 11:32:33 -0700
39523,27/08/2020 10:33:01 -0700
39628,27/08/2020 08:40:19 -0400
39523,26/08/2020 13:49:43 -0700
39587,26/08/2020 11:57:57 -0700
39587,26/08/2020 11:51:32 -0700
39523,26/08/2020 11:38:19 -0700
39755,26/08/2020 17:10:04 +0100
39768,26/08/2020 16:21:49 +0200
39628,26/08/2020 09:47:46 -0400
39755,26/08/2020 12:21:29 +0100
39755,26/08/2020 11:56:38 +0100
39501,26/08/2020 17:12:04 +0900
39638,25/08/2020 16:17:57 -0700
39755,25/08/2020 21:27:00 +0100
39763,25/08/2020 09:46:40 -0400
39763,25/08/2020 09:43:39 -0400
39393,25/08/2020 16:02:18 +0300
39755,25/08/2020 13:51:06 +0100
39393,25/08/2020 14:02:42 +0300
39393,25/08/2020 13:07:20 +0300
39587,24/08/2020 15:53:55 -0700
39587,24/08/2020 15:38:13 -0700
39587,24/08/2020 15:31:03 -0700
39628,24/08/2020 17:36:57 -0400
37621,24/08/2020 16:04:17 +0200
39747,24/08/2020 15:00:13 +0200
39762,22/08/2020 21:41:49 +0300
37834,22/08/2020 17:06:31 +0200
39628,22/08/2020 08:38:05 -0400
39628,22/08/2020 13:16:17 +0300
39628,22/08/2020 13:16:16 +0300
281604,21/08/2020 10:35:49 -0700
39215,21/08/2020 07:08:36 +0530
39215,21/08/2020 06:37:47 +0530
39768,20/08/2020 23:21:21 +0200
39762,20/08/2020 19:17:06 +0300
39762,20/08/2020 14:48:49 +0000
39587,19/08/2020 21:05:31 -0700
37845,19/08/2020 19:37:46 -0700
39597,19/08/2020 22:40:54 +0200
39597,19/08/2020 22:40:54 +0200
39587,19/08/2020 10:06:34 -0700
38094,19/08/2020 09:35:47 -0700
38094,19/08/2020 09:16:16 -0700
39755,19/08/2020 17:09:47 +0100
39755,19/08/2020 15:31:55 +0100
39755,19/08/2020 14:53:56 +0100
39755,19/08/2020 14:38:44 +0100
39755,19/08/2020 12:25:10 +0100
39755,19/08/2020 12:21:10 +0100
39501,19/08/2020 20:09:58 +0900
39393,19/08/2020 10:48:52 +0300
282836,19/08/2020 09:47:05 +0200
39393,19/08/2020 10:29:09 +0300
39393,19/08/2020 10:19:39 +0300
39393,19/08/2020 09:30:07 +0300
39597,18/08/2020 21:40:35 +0200
39597,18/08/2020 21:40:35 +0200
37863,18/08/2020 07:57:42 -0700
37863,18/08/2020 07:56:58 -0700
37863,17/08/2020 15:42:30 -0700
38094,17/08/2020 13:23:09 -0700
38094,17/08/2020 13:19:03 -0700
39755,17/08/2020 12:29:18 +0100
37864,17/08/2020 11:24:09 +0200
39755,16/08/2020 16:11:30 +0100
39755,16/08/2020 14:17:56 +0100
39755,16/08/2020 12:43:41 +0100
37793,16/08/2020 01:52:36 +0530
39215,15/08/2020 13:07:30 +0530
39501,15/08/2020 16:34:22 +0900
39638,14/08/2020 17:54:21 -0700
39523,14/08/2020 16:49:07 -0700
39501,15/08/2020 08:47:09 +0900
39523,14/08/2020 15:23:05 -0700
39523,14/08/2020 14:00:01 -0700
39523,14/08/2020 12:20:55 -0700
39747,14/08/2020 20:43:59 +0200
39764,14/08/2020 10:32:55 -0700
39755,14/08/2020 12:20:32 +0100
39747,14/08/2020 10:23:53 +0200
37848,13/08/2020 21:33:40 +0000
37879,13/08/2020 22:53:46 +0300
39764,13/08/2020 11:03:31 -0700
39764,13/08/2020 09:27:15 -0700
39523,13/08/2020 07:43:41 -0700
37995,13/08/2020 15:24:03 +0200
39747,13/08/2020 14:23:15 +0200
39747,13/08/2020 10:09:43 +0200
39768,13/08/2020 08:02:59 +0200
39711,12/08/2020 16:13:02 -0700
39638,12/08/2020 09:57:20 -0700
39638,12/08/2020 09:49:28 -0700
39523,12/08/2020 09:40:37 -0700
39523,12/08/2020 09:36:59 -0700
282836,12/08/2020 10:44:45 +0200
39523,11/08/2020 16:09:00 -0700
39523,11/08/2020 16:08:35 -0700
39523,11/08/2020 15:29:11 -0700
39597,11/08/2020 23:26:57 +0200
39597,11/08/2020 23:09:05 +0200
39597,11/08/2020 22:29:34 +0200
39638,11/08/2020 10:34:59 -0700
37272,11/08/2020 20:50:38 +0900
39638,10/08/2020 17:25:51 -0700
39628,10/08/2020 19:02:47 -0400
39638,10/08/2020 15:15:24 -0700
39523,10/08/2020 12:46:56 -0700
37917,10/08/2020 16:28:39 +0100
282836,10/08/2020 13:48:41 +0200
39768,09/08/2020 10:10:35 +0200
38110,07/08/2020 16:59:20 -0700
37732,07/08/2020 19:46:30 +0900
39587,06/08/2020 14:01:59 -0700
39764,06/08/2020 11:48:37 -0700
39764,06/08/2020 11:48:37 -0700
39523,06/08/2020 10:59:20 -0700
39762,06/08/2020 19:39:06 +0300
39762,06/08/2020 18:07:00 +0300
39215,06/08/2020 09:16:38 +0530
39587,05/08/2020 19:16:20 -0700
39638,05/08/2020 19:14:08 -0700
39763,05/08/2020 16:13:12 -0700
39628,05/08/2020 18:32:01 -0400
39443,05/08/2020 21:23:22 +0000
37826,05/08/2020 22:42:50 +0300
39764,05/08/2020 10:34:12 -0700
37914,05/08/2020 16:06:30 +0000
39763,04/08/2020 16:13:39 -0700
39763,04/08/2020 16:07:27 -0700
39587,04/08/2020 12:42:12 -0700
39523,04/08/2020 10:56:39 -0700
37934,04/08/2020 20:47:29 +0300
37899,04/08/2020 10:35:00 +0300
39628,03/08/2020 12:32:14 -0400
39628,02/08/2020 19:31:01 -0400
37948,01/08/2020 23:00:34 +0300
39768,01/08/2020 11:57:29 +0200
39687,31/07/2020 17:42:21 -0700
39687,31/07/2020 17:35:38 -0700
39687,31/07/2020 17:25:08 -0700
39501,01/08/2020 04:43:18 +0900
39501,01/08/2020 04:43:05 +0900
39523,31/07/2020 12:26:39 -0700
37948,31/07/2020 21:10:18 +0300
39628,31/07/2020 08:40:48 -0400
281604,30/07/2020 21:26:02 -0700
39763,30/07/2020 16:51:40 -0700
37894,31/07/2020 01:30:57 +0300
39523,30/07/2020 14:01:03 -0700
39763,30/07/2020 11:22:49 -0700
39762,30/07/2020 13:03:23 +0300
39762,30/07/2020 13:03:21 +0300
39762,30/07/2020 13:03:19 +0300
39762,30/07/2020 13:03:17 +0300
39762,30/07/2020 13:03:16 +0300
39762,30/07/2020 13:03:15 +0300
39762,30/07/2020 13:03:15 +0300
39762,30/07/2020 13:03:14 +0300
39762,30/07/2020 13:03:13 +0300
39762,30/07/2020 13:03:12 +0300
39762,30/07/2020 13:03:11 +0300
39762,30/07/2020 13:03:10 +0300
39762,30/07/2020 13:03:09 +0300
39762,30/07/2020 13:03:08 +0300
39762,30/07/2020 13:03:07 +0300
39638,29/07/2020 17:05:21 -0700
39597,29/07/2020 23:44:03 +0200
39523,29/07/2020 14:19:15 -0700
39711,29/07/2020 13:25:17 -0700
38347,29/07/2020 15:31:27 -0400
39587,29/07/2020 09:30:11 -0700
39762,29/07/2020 17:38:12 +0300
39762,29/07/2020 17:38:11 +0300
39762,29/07/2020 17:38:10 +0300
39587,28/07/2020 15:17:32 -0700
39587,28/07/2020 15:07:19 -0700
39764,28/07/2020 14:51:14 -0700
39587,28/07/2020 11:54:11 -0700
39597,28/07/2020 20:16:57 +0200
39768,28/07/2020 20:10:33 +0200
39587,28/07/2020 09:54:25 -0700
39628,28/07/2020 08:41:15 -0400
39628,28/07/2020 08:19:35 -0400
37995,28/07/2020 10:11:05 +0200
39638,27/07/2020 19:31:40 -0700
39523,27/07/2020 17:15:42 -0700
39523,27/07/2020 17:10:23 -0700
39764,27/07/2020 16:26:31 -0700
39687,27/07/2020 13:24:55 -0700
39690,27/07/2020 12:46:57 -0700
39690,27/07/2020 10:00:05 -0700
36684,27/07/2020 21:56:44 +0900
38159,26/07/2020 17:12:36 +0200
39638,24/07/2020 15:41:44 -0700
39764,24/07/2020 13:39:56 -0700
39764,24/07/2020 13:22:28 -0700
39744,24/07/2020 09:49:19 -0700
39744,24/07/2020 09:41:31 -0700
39744,24/07/2020 09:39:54 -0700
39747,24/07/2020 18:05:51 +0200
39747,24/07/2020 17:59:12 +0200
39747,24/07/2020 17:54:44 +0200
39747,24/07/2020 17:47:30 +0200
38026,24/07/2020 23:15:19 +0900
38024,24/07/2020 06:44:28 +0300
39638,23/07/2020 18:51:55 -0700
39638,23/07/2020 18:47:33 -0700
39638,23/07/2020 18:43:04 -0700
39764,23/07/2020 16:30:31 -0700
39764,23/07/2020 15:53:46 -0700
38865,23/07/2020 12:00:43 -1000
39757,23/07/2020 10:50:08 -0400
38016,23/07/2020 15:53:53 +0200
39638,22/07/2020 19:09:24 -0700
39597,23/07/2020 00:19:38 +0200
39587,22/07/2020 14:19:36 -0700
38069,22/07/2020 23:30:08 +0300
39762,22/07/2020 22:23:55 +0300
39762,22/07/2020 20:13:21 +0300
39638,22/07/2020 09:55:21 -0700
39638,22/07/2020 09:49:33 -0700
39690,22/07/2020 09:08:20 -0700
39762,22/07/2020 14:40:03 +0300
39762,22/07/2020 14:40:02 +0300
39762,22/07/2020 14:40:02 +0300
39762,22/07/2020 14:40:01 +0300
39762,22/07/2020 14:40:00 +0300
38078,21/07/2020 18:43:05 -0700
39690,21/07/2020 11:00:09 -0700
38050,21/07/2020 13:53:22 +0200
38044,21/07/2020 14:05:51 +0300
39587,20/07/2020 22:06:09 -0700
38049,20/07/2020 23:40:15 -0400
39687,20/07/2020 16:05:04 -0700
38865,20/07/2020 12:56:58 -1000
39764,20/07/2020 11:53:26 -0700
39523,20/07/2020 11:06:05 -0700
39764,20/07/2020 09:28:08 -0700
38055,18/07/2020 19:14:39 +0400
39215,18/07/2020 18:35:28 +0530
39215,18/07/2020 17:28:37 +0530
39687,17/07/2020 16:23:21 -0700
39597,18/07/2020 00:05:11 +0200
281604,17/07/2020 14:34:48 -0700
39597,17/07/2020 23:23:29 +0200
37947,17/07/2020 13:31:28 -0700
39764,17/07/2020 12:44:29 -0700
39587,17/07/2020 11:43:46 -0700
281604,17/07/2020 11:15:29 -0700
38069,17/07/2020 13:45:01 +0300
39763,16/07/2020 15:35:53 -0700
39763,16/07/2020 15:23:30 -0700
281604,16/07/2020 12:03:12 -0700
39638,16/07/2020 10:09:02 -0700
282836,16/07/2020 15:59:48 +0200
39747,16/07/2020 14:33:11 +0200
37921,16/07/2020 10:58:17 +0200
39763,15/07/2020 16:35:06 -0700
39628,15/07/2020 18:59:11 -0400
39628,15/07/2020 18:59:11 -0400
39711,15/07/2020 15:52:12 -0700
39711,15/07/2020 13:58:03 -0700
39763,15/07/2020 12:53:38 -0700
39755,15/07/2020 20:53:32 +0100
38081,15/07/2020 15:43:55 -0400
39755,15/07/2020 20:08:18 +0100
38078,15/07/2020 11:47:26 -0700
38094,15/07/2020 11:22:18 -0700
39764,15/07/2020 10:16:34 -0700
38094,15/07/2020 10:07:43 -0700
39690,15/07/2020 09:43:00 -0700
39215,15/07/2020 21:13:40 +0530
37810,15/07/2020 16:17:26 +0200
39628,15/07/2020 09:07:37 -0400
282836,15/07/2020 12:21:04 +0200
39768,15/07/2020 07:03:04 +0200
39763,14/07/2020 13:20:26 -0700
39521,14/07/2020 13:06:21 -0700
39690,14/07/2020 10:58:25 -0700
37665,14/07/2020 12:44:07 -0500
39755,14/07/2020 17:13:22 +0100
38347,14/07/2020 12:10:53 -0400
39768,14/07/2020 17:11:54 +0200
39762,14/07/2020 17:33:53 +0300
38069,14/07/2020 17:13:50 +0300
39628,14/07/2020 08:38:44 -0400
39757,14/07/2020 07:48:29 -0400
38100,14/07/2020 11:54:21 +0200
39762,14/07/2020 12:17:56 +0300
39763,13/07/2020 16:09:46 -0700
38101,13/07/2020 15:39:49 -0700
39762,14/07/2020 00:19:00 +0300
39747,13/07/2020 22:25:46 +0200
37764,13/07/2020 15:06:39 -0500
38108,13/07/2020 13:24:37 +0200
39215,13/07/2020 08:38:30 +0530
38229,13/07/2020 01:35:09 +0200
37694,12/07/2020 20:37:19 +0300
39768,11/07/2020 18:02:30 +0200
38347,10/07/2020 12:41:35 -0400
39755,10/07/2020 16:42:37 +0100
39764,09/07/2020 16:21:08 -0700
39521,09/07/2020 13:16:53 -0700
39762,09/07/2020 19:22:30 +0300
218205,09/07/2020 12:46:27 +0300
38126,09/07/2020 10:55:29 +0530
39744,08/07/2020 18:37:51 -0700
38065,08/07/2020 18:27:30 -0700
39763,08/07/2020 14:21:29 -0700
39763,08/07/2020 14:00:58 -0700
39763,08/07/2020 13:40:27 -0700
39413,08/07/2020 23:41:20 +0530
38693,08/07/2020 15:29:41 +0000
38147,08/07/2020 16:23:02 +0200
39698,08/07/2020 16:29:55 +0800
39747,08/07/2020 10:06:35 +0200
39413,08/07/2020 11:52:43 +0530
38142,08/07/2020 10:40:16 +0530
38110,07/07/2020 15:47:13 -0700
39747,07/07/2020 18:29:13 +0200
39755,07/07/2020 15:40:14 +0100
39747,07/07/2020 15:58:11 +0200
38109,07/07/2020 08:50:10 -0500
39755,07/07/2020 13:57:43 +0100
39762,07/07/2020 14:13:39 +0300
39762,07/07/2020 14:13:38 +0300
39762,07/07/2020 14:13:37 +0300
39762,07/07/2020 14:13:35 +0300
39744,06/07/2020 19:00:59 -0700
37009,07/07/2020 01:27:23 +0000
38012,07/07/2020 09:15:44 +0800
39744,06/07/2020 17:41:00 -0700
39744,06/07/2020 14:27:19 -0700
39755,06/07/2020 22:11:12 +0100
39762,06/07/2020 19:10:25 +0300
39762,06/07/2020 19:10:23 +0300
39762,06/07/2020 19:10:22 +0300
39762,06/07/2020 16:55:39 +0300
39762,06/07/2020 16:55:38 +0300
39762,06/07/2020 16:55:37 +0300
39762,06/07/2020 16:55:36 +0300
39762,06/07/2020 16:55:35 +0300
38542,06/07/2020 15:12:21 +0200
39393,05/07/2020 23:45:53 +0300
39393,05/07/2020 12:16:38 +0300
38103,04/07/2020 22:24:59 +0200
38032,04/07/2020 21:25:21 +0200
39768,04/07/2020 09:21:40 +0200
39501,04/07/2020 08:54:19 +0900
39597,04/07/2020 01:52:40 +0200
39597,04/07/2020 00:16:18 +0200
39597,03/07/2020 20:12:24 +0200
39597,03/07/2020 19:35:44 +0200
39755,03/07/2020 15:45:15 +0100
39628,02/07/2020 19:41:24 -0400
39747,02/07/2020 21:00:30 +0200
39762,02/07/2020 21:01:13 +0300
39762,02/07/2020 20:00:24 +0300
39215,02/07/2020 20:48:13 +0530
39747,02/07/2020 14:45:23 +0200
39747,02/07/2020 14:08:29 +0200
39747,02/07/2020 13:48:14 +0200
39638,01/07/2020 18:16:49 -0700
39501,02/07/2020 06:35:19 +0900
38226,01/07/2020 13:56:47 +0300
39501,01/07/2020 07:22:50 +0900
39501,01/07/2020 07:15:22 +0900
39638,30/06/2020 15:10:01 -0700
39501,01/07/2020 06:11:14 +0900
38158,30/06/2020 17:08:32 -0400
39638,30/06/2020 11:57:17 -0700
39690,30/06/2020 11:19:03 -0700
39636,30/06/2020 14:14:34 -0400
282836,30/06/2020 13:00:36 +0200
38164,30/06/2020 11:06:15 +1000
38164,30/06/2020 11:04:33 +1000
39638,29/06/2020 17:50:21 -0700
39763,29/06/2020 14:27:25 -0700
38179,29/06/2020 19:10:24 +0200
39690,29/06/2020 08:42:39 -0700
39628,29/06/2020 08:17:13 -0400
38159,29/06/2020 09:20:56 +0200
38037,28/06/2020 17:18:19 -0700
39764,27/06/2020 12:53:43 -0700
39764,27/06/2020 12:47:54 -0700
39597,27/06/2020 19:27:24 +0200
39413,27/06/2020 19:54:09 +0530
39755,27/06/2020 15:08:40 +0100
39638,26/06/2020 15:34:19 -0700
39597,26/06/2020 23:06:36 +0200
39597,26/06/2020 23:01:39 +0200
39638,26/06/2020 13:35:40 -0700
39628,26/06/2020 13:20:35 -0400
282836,26/06/2020 18:32:50 +0200
38201,26/06/2020 06:08:18 -0400
38180,26/06/2020 10:54:40 +0200
39744,25/06/2020 17:45:06 -0700
39744,25/06/2020 17:39:55 -0700
39763,25/06/2020 16:35:44 -0700
39744,25/06/2020 16:35:24 -0700
38206,25/06/2020 20:32:50 -0300
39763,25/06/2020 15:17:38 -0700
38085,26/06/2020 00:13:26 +0200
39744,25/06/2020 15:00:07 -0700
39523,25/06/2020 14:35:28 -0700
281604,25/06/2020 14:17:17 -0700
39768,25/06/2020 21:35:46 +0200
39711,25/06/2020 11:21:28 -0700
39755,25/06/2020 16:43:05 +0100
39747,25/06/2020 16:15:14 +0200
39747,25/06/2020 15:38:18 +0200
39742,25/06/2020 01:32:41 -0700
39742,25/06/2020 01:32:41 -0700
38233,25/06/2020 10:34:32 +0800
38241,25/06/2020 12:15:35 +1000
39744,24/06/2020 19:07:31 -0700
39413,25/06/2020 07:01:32 +0530
39744,24/06/2020 17:10:47 -0700
39587,24/06/2020 16:05:23 -0700
39747,25/06/2020 00:40:15 +0200
39744,24/06/2020 07:51:55 -0700
39762,24/06/2020 16:18:30 +0300
38078,23/06/2020 22:32:40 -0700
39521,23/06/2020 15:27:18 -0700
39597,23/06/2020 22:12:32 +0200
39501,23/06/2020 09:51:14 +0900
38693,23/06/2020 00:15:10 +0000
39763,22/06/2020 12:32:24 -0700
39747,22/06/2020 20:20:09 +0200
39747,22/06/2020 20:04:23 +0200
39634,22/06/2020 12:40:04 -0500
39764,22/06/2020 09:29:00 -0700
39762,22/06/2020 19:16:33 +0300
39755,22/06/2020 17:11:15 +0100
39628,22/06/2020 08:38:48 -0400
39755,22/06/2020 13:12:56 +0100
39747,22/06/2020 10:10:46 +0200
39755,20/06/2020 08:49:32 +0100
39763,19/06/2020 12:55:13 -0700
39638,19/06/2020 12:34:12 -0700
39523,19/06/2020 10:02:33 -0700
39215,19/06/2020 09:38:02 +0530
39755,18/06/2020 20:44:48 +0100
39523,18/06/2020 08:30:42 -0700
39523,18/06/2020 08:26:46 -0700
39215,18/06/2020 20:15:18 +0530
39523,18/06/2020 06:36:03 -0700
39755,18/06/2020 12:05:06 +0100
39755,18/06/2020 11:49:18 +0100
38271,18/06/2020 11:06:30 +0530
39747,17/06/2020 18:12:42 +0200
39747,17/06/2020 17:53:07 +0200
38272,17/06/2020 22:35:14 +0700
39523,17/06/2020 05:34:41 -0700
39312,17/06/2020 13:40:12 +0200
39747,17/06/2020 13:18:34 +0200
39747,17/06/2020 13:11:33 +0200
39628,17/06/2020 06:50:43 -0400
39747,17/06/2020 10:37:36 +0200
39747,16/06/2020 23:17:22 +0200
39215,16/06/2020 22:25:10 +0530
38092,16/06/2020 15:41:32 +0200
39638,15/06/2020 18:08:46 -0700
39597,16/06/2020 00:33:51 +0200
39747,16/06/2020 00:20:36 +0200
39587,15/06/2020 14:22:30 -0700
39747,15/06/2020 23:03:32 +0200
39747,15/06/2020 22:10:20 +0200
39587,15/06/2020 10:19:56 -0700
39523,15/06/2020 09:20:05 -0700
39597,15/06/2020 17:55:04 +0200
39215,15/06/2020 20:23:50 +0530
39597,15/06/2020 12:48:34 +0200
39501,15/06/2020 12:43:57 +0900
39755,14/06/2020 23:19:36 +0100
39768,14/06/2020 11:23:12 +0200
39215,14/06/2020 14:23:19 +0530
38229,13/06/2020 21:47:30 +0200
39762,13/06/2020 11:06:35 +0300
39762,13/06/2020 10:55:54 +0300
39762,13/06/2020 10:55:53 +0300
39638,12/06/2020 16:22:22 -0700
39597,12/06/2020 22:21:34 +0200
39523,12/06/2020 14:11:39 -0500
39763,12/06/2020 17:34:26 +0000
39768,12/06/2020 18:25:08 +0200
39523,12/06/2020 08:20:01 -0700
39768,12/06/2020 13:20:28 +0200
39587,11/06/2020 16:08:38 -0700
39747,12/06/2020 00:22:00 +0200
39704,11/06/2020 11:42:31 -0500
39762,11/06/2020 16:16:46 +0300
39215,11/06/2020 13:49:11 +0300
39712,11/06/2020 13:49:10 +0300
282836,11/06/2020 12:07:56 +0200
38307,10/06/2020 15:43:12 -0400
39730,10/06/2020 11:45:00 -0700
39730,10/06/2020 11:26:59 -0700
39215,10/06/2020 22:53:56 +0530
39215,10/06/2020 22:29:28 +0530
39730,10/06/2020 08:31:08 -0700
39747,10/06/2020 10:07:22 +0200
282836,10/06/2020 09:48:07 +0200
282836,10/06/2020 09:43:06 +0200
39711,09/06/2020 16:46:20 -0700
38865,09/06/2020 12:51:36 -1000
39730,09/06/2020 15:25:31 -0700
39687,09/06/2020 14:56:23 -0700
39711,09/06/2020 14:16:40 -0700
39768,09/06/2020 21:32:26 +0200
39636,09/06/2020 14:33:02 -0400
39764,09/06/2020 08:46:58 -0700
39768,09/06/2020 17:40:00 +0200
39501,09/06/2020 23:12:21 +0900
39755,09/06/2020 12:34:28 +0100
39698,09/06/2020 17:42:42 +0800
38347,08/06/2020 21:41:50 -0400
39523,08/06/2020 19:07:39 -0600
39730,08/06/2020 17:13:37 -0700
38693,08/06/2020 21:12:27 +0000
39762,08/06/2020 22:04:38 +0300
39762,08/06/2020 22:04:35 +0300
39762,08/06/2020 22:04:33 +0300
39762,08/06/2020 22:04:30 +0300
39762,08/06/2020 22:04:28 +0300
39762,08/06/2020 22:04:25 +0300
39762,08/06/2020 22:04:23 +0300
39762,08/06/2020 22:04:20 +0300
38693,08/06/2020 16:59:30 +0000
39764,08/06/2020 09:26:16 -0700
282836,08/06/2020 13:27:50 +0200
39704,07/06/2020 18:01:11 -0500
36657,06/06/2020 23:20:01 +0100
39215,06/06/2020 22:22:04 +0530
39762,06/06/2020 14:02:45 +0000
39711,05/06/2020 22:42:35 -0700
39215,06/06/2020 08:44:12 +0530
39764,05/06/2020 19:40:13 -0700
39744,05/06/2020 16:27:53 -0700
39744,05/06/2020 15:10:13 -0700
39747,05/06/2020 23:49:45 +0200
39747,05/06/2020 23:41:44 +0200
39747,05/06/2020 23:32:42 +0200
39628,05/06/2020 17:27:00 -0400
39312,05/06/2020 23:24:35 +0200
39312,05/06/2020 23:24:16 +0200
36686,05/06/2020 15:37:56 -0400
39762,05/06/2020 20:14:18 +0300
39762,05/06/2020 20:14:16 +0300
39755,05/06/2020 16:38:38 +0100
39747,05/06/2020 16:26:23 +0200
39755,05/06/2020 13:51:13 +0100
282836,05/06/2020 14:26:50 +0200
282836,05/06/2020 13:21:23 +0200
282836,05/06/2020 12:46:47 +0200
38391,05/06/2020 11:49:20 +0200
38379,05/06/2020 11:30:07 +0200
39762,05/06/2020 11:03:32 +0300
39744,04/06/2020 14:38:53 -0700
39747,04/06/2020 18:55:52 +0200
39747,04/06/2020 18:55:52 +0200
53164,04/06/2020 06:35:30 -0700
39755,04/06/2020 12:54:22 +0100
39755,04/06/2020 08:43:05 +0100
39755,04/06/2020 08:43:04 +0100
39755,04/06/2020 08:43:04 +0100
39755,04/06/2020 08:43:04 +0100
38347,03/06/2020 22:12:59 -0400
39521,03/06/2020 16:39:01 -0700
39742,03/06/2020 15:43:32 -0700
39762,04/06/2020 01:29:33 +0300
39764,03/06/2020 14:50:32 -0700
39764,03/06/2020 14:46:51 -0700
39523,03/06/2020 12:12:52 -0700
39755,03/06/2020 17:18:46 +0100
39764,02/06/2020 15:55:38 -0700
39764,02/06/2020 15:55:38 -0700
39312,02/06/2020 23:05:39 +0200
38347,02/06/2020 14:37:27 -0400
39633,02/06/2020 10:49:34 -0700
38347,02/06/2020 13:40:31 -0400
39523,02/06/2020 10:38:37 -0700
37412,02/06/2020 11:21:59 -0400
282836,02/06/2020 14:19:24 +0200
39690,01/06/2020 14:58:07 -0700
39752,01/06/2020 13:55:45 -0700
39633,01/06/2020 11:14:39 -0700
39764,01/06/2020 10:55:00 -0700
39523,01/06/2020 08:57:37 -0700
37084,01/06/2020 19:52:36 +0530
38427,31/05/2020 23:13:00 -0400
38427,31/05/2020 23:08:32 -0400
38226,31/05/2020 17:32:21 +0300
39755,30/05/2020 20:49:44 +0100
39523,29/05/2020 14:03:08 -0700
39711,29/05/2020 09:46:12 -0700
39704,28/05/2020 21:33:15 -0500
39763,28/05/2020 16:08:52 -0700
39711,28/05/2020 16:05:43 -0700
39711,28/05/2020 15:50:31 -0700
39523,28/05/2020 14:57:47 -0700
38693,28/05/2020 18:15:24 +0000
38693,28/05/2020 17:36:55 +0000
36658,28/05/2020 17:18:00 +0000
38693,28/05/2020 14:53:29 +0000
39628,28/05/2020 07:46:26 -0400
39215,28/05/2020 09:10:59 +0530
39523,27/05/2020 15:39:31 -0700
39744,27/05/2020 14:09:01 -0700
39523,27/05/2020 12:54:11 -0700
39764,27/05/2020 10:07:06 -0700
38423,27/05/2020 15:44:47 +0200
38317,27/05/2020 14:14:21 +0900
39704,26/05/2020 12:49:50 -0500
39215,26/05/2020 09:57:34 +0530
38391,23/05/2020 21:28:59 +0200
38371,22/05/2020 13:13:25 -0600
38133,22/05/2020 18:11:01 +0000
38880,21/05/2020 21:25:00 -0700
38337,21/05/2020 21:26:43 -0600
38499,22/05/2020 06:29:50 +0430
39523,21/05/2020 11:03:56 -0700
39523,21/05/2020 10:51:21 -0700
39752,21/05/2020 10:00:31 -0700
39762,21/05/2020 13:50:44 +0000
38190,21/05/2020 09:40:11 +0300
39711,20/05/2020 17:50:02 -0700
39711,20/05/2020 17:03:38 -0700
39711,20/05/2020 17:00:44 -0700
39523,20/05/2020 16:04:46 -0700
39523,20/05/2020 16:03:55 -0700
39752,20/05/2020 15:46:19 -0700
39523,20/05/2020 14:55:58 -0700
39523,20/05/2020 14:52:19 -0700
39523,20/05/2020 14:48:50 -0700
39523,20/05/2020 14:43:48 -0700
39523,20/05/2020 14:41:44 -0700
39523,20/05/2020 14:32:04 -0700
39523,20/05/2020 14:28:27 -0700
39523,20/05/2020 14:22:29 -0700
39523,20/05/2020 14:19:17 -0700
39523,20/05/2020 14:19:10 -0700
38113,20/05/2020 15:36:13 -0500
38112,20/05/2020 23:09:01 +0300
39752,20/05/2020 10:37:35 -0700
39752,20/05/2020 10:35:30 -0700
38693,20/05/2020 15:54:39 +0000
39755,20/05/2020 14:53:13 +0100
39747,20/05/2020 12:50:18 +0200
39747,20/05/2020 11:59:42 +0200
39762,20/05/2020 11:10:27 +0300
39762,20/05/2020 11:10:26 +0300
39762,20/05/2020 11:10:25 +0300
39762,20/05/2020 11:10:24 +0300
39762,20/05/2020 11:10:23 +0300
39762,20/05/2020 11:10:22 +0300
39762,20/05/2020 11:10:20 +0300
39744,19/05/2020 18:35:32 -0700
39744,19/05/2020 18:22:26 -0700
39744,19/05/2020 18:12:53 -0700
39744,19/05/2020 18:11:37 -0700
39638,19/05/2020 17:59:09 -0700
39752,19/05/2020 16:19:43 -0700
39523,19/05/2020 15:23:35 -0700
39523,19/05/2020 15:18:23 -0700
39755,19/05/2020 20:42:54 +0100
39523,19/05/2020 12:08:49 -0700
39523,19/05/2020 12:07:26 -0700
39523,19/05/2020 11:17:45 -0700
39755,19/05/2020 18:13:33 +0100
39762,19/05/2020 13:50:05 +0000
39628,19/05/2020 16:29:50 +0300
282836,19/05/2020 14:35:37 +0200
39628,19/05/2020 05:32:04 -0400
39747,19/05/2020 11:08:29 +0200
39755,19/05/2020 08:29:36 +0100
39711,18/05/2020 18:37:14 -0700
39711,18/05/2020 16:23:14 -0700
39523,18/05/2020 15:37:18 -0700
39711,18/05/2020 15:14:08 -0700
39711,18/05/2020 15:10:43 -0700
38499,19/05/2020 02:40:29 +0430
39711,18/05/2020 14:39:39 -0700
39711,18/05/2020 14:33:11 -0700
39690,18/05/2020 11:45:49 -0700
39744,18/05/2020 11:34:36 -0700
39747,18/05/2020 20:14:50 +0200
39747,18/05/2020 20:11:39 +0200
39764,18/05/2020 11:08:23 -0700
39755,18/05/2020 18:27:49 +0100
39752,18/05/2020 09:21:37 -0700
282836,18/05/2020 09:48:27 +0200
39501,18/05/2020 13:59:55 +0900
39215,18/05/2020 09:25:00 +0530
36673,17/05/2020 16:58:02 -0700
36881,17/05/2020 20:04:45 +0300
38275,17/05/2020 15:16:08 +0200
39501,17/05/2020 10:53:03 +0900
39215,16/05/2020 20:19:47 +0530
39762,16/05/2020 13:48:19 +0000
39215,16/05/2020 12:09:06 +0530
38693,16/05/2020 00:58:55 +0000
39638,15/05/2020 17:19:22 -0700
39752,15/05/2020 16:38:04 -0700
39523,15/05/2020 16:01:38 -0700
39523,15/05/2020 15:58:57 -0700
38518,15/05/2020 15:42:33 -0700
39638,15/05/2020 15:33:00 -0700
39752,15/05/2020 15:00:33 -0700
39523,15/05/2020 14:19:08 -0700
39523,15/05/2020 14:15:10 -0700
39628,15/05/2020 16:59:06 -0400
39764,15/05/2020 12:48:27 -0700
39764,15/05/2020 12:39:12 -0700
39523,15/05/2020 11:16:19 -0700
39523,15/05/2020 11:05:09 -0700
36980,15/05/2020 19:37:04 +0200
39521,15/05/2020 10:26:01 -0700
39747,15/05/2020 17:21:47 +0200
39747,15/05/2020 17:21:01 +0200
39747,15/05/2020 17:19:13 +0200
39628,15/05/2020 11:17:48 -0400
39747,15/05/2020 16:19:19 +0200
39747,15/05/2020 15:49:38 +0200
282836,15/05/2020 11:22:25 +0200
39755,15/05/2020 10:00:51 +0100
282836,15/05/2020 10:35:45 +0200
282836,15/05/2020 10:03:56 +0200
39768,15/05/2020 08:19:46 +0200
38134,14/05/2020 21:38:07 -0600
39763,14/05/2020 17:52:08 -0700
39638,14/05/2020 17:04:53 -0700
39711,14/05/2020 16:05:20 -0700
39764,14/05/2020 14:15:45 -0700
39755,14/05/2020 21:12:35 +0100
39752,14/05/2020 13:11:59 -0700
39755,14/05/2020 20:06:12 +0100
39763,14/05/2020 11:24:59 -0700
39764,14/05/2020 09:34:51 -0700
39523,14/05/2020 09:34:30 -0700
53164,14/05/2020 08:35:38 -0700
38834,14/05/2020 11:19:03 +0530
39587,13/05/2020 15:28:42 -0700
39587,13/05/2020 15:20:44 -0700
39764,13/05/2020 14:13:43 -0700
39755,13/05/2020 17:01:10 +0100
39501,14/05/2020 00:53:53 +0900
39628,13/05/2020 06:25:47 -0400
282836,13/05/2020 11:27:22 +0200
282836,13/05/2020 10:45:46 +0200
39523,12/05/2020 15:26:30 -0700
39523,12/05/2020 15:26:03 -0700
39711,12/05/2020 13:23:05 -0700
39413,13/05/2020 00:59:11 +0530
39752,12/05/2020 11:31:57 -0700
39587,12/05/2020 11:10:01 -0700
39764,12/05/2020 10:35:52 -0700
39747,12/05/2020 18:48:02 +0200
38581,12/05/2020 10:05:18 -0500
39605,12/05/2020 16:19:45 +0200
39605,12/05/2020 16:13:27 +0200
282836,12/05/2020 16:05:31 +0200
282836,12/05/2020 14:28:20 +0200
282836,12/05/2020 14:22:36 +0200
39757,12/05/2020 07:25:35 -0400
39628,12/05/2020 07:13:16 -0400
39755,12/05/2020 08:20:02 +0100
39755,12/05/2020 08:20:01 +0100
39755,12/05/2020 08:20:01 +0100
39755,12/05/2020 08:20:01 +0100
39755,12/05/2020 08:20:01 +0100
39755,12/05/2020 08:20:01 +0100
39755,12/05/2020 08:20:01 +0100
39755,12/05/2020 08:20:00 +0100
39755,12/05/2020 08:20:00 +0100
39755,12/05/2020 08:20:00 +0100
39755,12/05/2020 08:20:00 +0100
39755,12/05/2020 08:20:00 +0100
39755,12/05/2020 08:20:00 +0100
39755,12/05/2020 08:19:59 +0100
39755,12/05/2020 08:19:59 +0100
39755,12/05/2020 08:19:59 +0100
282836,12/05/2020 08:19:59 +0100
39711,12/05/2020 08:19:58 +0100
39711,12/05/2020 08:19:58 +0100
282836,12/05/2020 08:19:57 +0100
38299,12/05/2020 01:33:17 +0200
39523,11/05/2020 15:21:18 -0700
39690,11/05/2020 14:57:23 -0700
39752,11/05/2020 14:41:13 -0700
39523,11/05/2020 11:41:33 -0700
39628,11/05/2020 07:41:25 -0400
39628,11/05/2020 06:06:16 -0400
39768,09/05/2020 14:33:54 +0200
39215,09/05/2020 16:54:03 +0530
39523,08/05/2020 14:51:29 -0700
39521,08/05/2020 12:56:39 -0700
39763,08/05/2020 11:39:11 -0700
39764,08/05/2020 11:36:24 -0700
39764,08/05/2020 10:55:40 -0700
39523,08/05/2020 10:04:31 -0700
39523,08/05/2020 10:03:47 -0700
38693,08/05/2020 16:25:24 +0000
39755,08/05/2020 15:18:19 +0100
39747,08/05/2020 15:47:00 +0200
39762,08/05/2020 13:43:07 +0000
39762,08/05/2020 15:44:47 +0300
39762,08/05/2020 15:33:32 +0300
37634,08/05/2020 09:06:35 +0200
39215,08/05/2020 10:29:18 +0530
39763,07/05/2020 15:52:58 -0700
39763,07/05/2020 15:13:17 -0700
39763,07/05/2020 12:57:41 -0700
39747,07/05/2020 21:35:54 +0200
39711,07/05/2020 08:55:33 -0700
39747,07/05/2020 15:35:05 +0200
282836,07/05/2020 13:05:09 +0200
282836,07/05/2020 12:39:23 +0200
282836,07/05/2020 11:33:15 +0200
39633,06/05/2020 16:14:37 -0700
39747,06/05/2020 23:25:48 +0200
39755,06/05/2020 22:22:08 +0100
39755,06/05/2020 22:21:38 +0100
39755,06/05/2020 22:20:50 +0100
39755,06/05/2020 22:18:47 +0100
39755,06/05/2020 22:13:32 +0100
39755,06/05/2020 22:09:55 +0100
39755,06/05/2020 22:07:06 +0100
39755,06/05/2020 22:01:04 +0100
39755,06/05/2020 21:58:45 +0100
39755,06/05/2020 21:51:08 +0100
38541,06/05/2020 17:26:12 -0300
39744,06/05/2020 12:03:57 -0700
39312,06/05/2020 20:44:55 +0200
39215,06/05/2020 23:34:05 +0530
38033,06/05/2020 21:02:26 +0300
39744,06/05/2020 11:00:44 -0700
39747,06/05/2020 18:39:42 +0200
38693,06/05/2020 16:12:44 +0000
39747,06/05/2020 17:00:47 +0200
39747,06/05/2020 16:54:44 +0200
39747,06/05/2020 12:45:26 +0200
39755,06/05/2020 11:02:54 +0100
39744,05/05/2020 21:56:17 -0700
39744,05/05/2020 21:35:44 -0700
39638,05/05/2020 17:52:49 -0700
39523,05/05/2020 15:37:31 -0700
39523,05/05/2020 13:12:39 -0700
39523,05/05/2020 13:07:48 -0700
39764,05/05/2020 12:13:29 -0700
39764,05/05/2020 12:12:54 -0700
39747,05/05/2020 17:59:51 +0200
39523,05/05/2020 08:55:55 -0700
39747,05/05/2020 16:47:14 +0200
39762,05/05/2020 17:41:54 +0300
39762,05/05/2020 17:09:40 +0300
39762,05/05/2020 13:41:25 +0000
39762,05/05/2020 15:28:58 +0300
39762,05/05/2020 15:28:54 +0300
39762,05/05/2020 15:28:48 +0300
39762,05/05/2020 15:28:46 +0300
38688,05/05/2020 12:47:12 +0300
39755,05/05/2020 10:19:28 +0100
39768,05/05/2020 08:25:34 +0200
36861,04/05/2020 18:35:11 -0700
39523,04/05/2020 17:25:45 -0700
38865,04/05/2020 13:27:39 -1000
39763,04/05/2020 14:48:09 -0700
39747,04/05/2020 21:58:42 +0200
39690,04/05/2020 12:36:48 -0700
39523,04/05/2020 12:34:55 -0700
39523,04/05/2020 12:33:14 -0700
39747,04/05/2020 21:20:00 +0200
39523,04/05/2020 08:20:24 -0700
39523,04/05/2020 08:16:56 -0700
39747,04/05/2020 14:26:03 +0200
38702,04/05/2020 11:37:21 +0900
38577,04/05/2020 05:17:03 +0300
39628,03/05/2020 21:16:39 -0400
38702,04/05/2020 02:04:56 +0900
39755,03/05/2020 06:58:51 +0100
39762,02/05/2020 16:40:00 +0300
39762,02/05/2020 16:23:31 +0300
39762,02/05/2020 16:17:48 +0300
39762,02/05/2020 16:14:14 +0300
39762,02/05/2020 16:14:13 +0300
39762,02/05/2020 16:14:12 +0300
39762,02/05/2020 16:14:11 +0300
39762,02/05/2020 16:14:10 +0300
39762,02/05/2020 16:14:09 +0300
39762,02/05/2020 16:14:07 +0300
39762,02/05/2020 16:14:05 +0300
39413,02/05/2020 08:51:16 +0530
39752,01/05/2020 16:43:01 -0700
39752,01/05/2020 16:39:22 -0700
39752,01/05/2020 15:57:37 -0700
39711,01/05/2020 15:49:10 -0700
39755,01/05/2020 15:13:28 +0100
39755,01/05/2020 14:33:31 +0100
39755,01/05/2020 10:13:30 +0100
39711,30/04/2020 15:48:20 -0700
39711,30/04/2020 15:48:20 -0700
39764,30/04/2020 09:30:12 -0700
39747,30/04/2020 10:07:02 +0200
39501,30/04/2020 10:51:01 +0900
39711,29/04/2020 16:02:55 -0700
39711,29/04/2020 15:52:17 -0700
39711,29/04/2020 15:52:17 -0700
39711,29/04/2020 15:08:22 -0700
39638,29/04/2020 14:07:45 -0700
39638,29/04/2020 13:59:31 -0700
39523,29/04/2020 12:40:52 -0700
39762,29/04/2020 21:28:29 +0300
39762,29/04/2020 21:28:27 +0300
39762,29/04/2020 21:28:26 +0300
39762,29/04/2020 21:28:22 +0300
39762,29/04/2020 21:28:17 +0300
39762,29/04/2020 21:28:16 +0300
39762,29/04/2020 21:28:13 +0300
39762,29/04/2020 21:28:11 +0300
39762,29/04/2020 21:28:09 +0300
39762,29/04/2020 21:28:06 +0300
39762,29/04/2020 21:28:03 +0300
39762,29/04/2020 21:28:02 +0300
38729,29/04/2020 16:59:15 +0200
38729,29/04/2020 16:07:34 +0200
38600,29/04/2020 14:12:19 +0200
39755,29/04/2020 11:25:02 +0100
39755,29/04/2020 09:10:40 +0100
39501,29/04/2020 17:08:28 +0900
39523,28/04/2020 16:02:29 -0700
39711,28/04/2020 14:56:56 -0700
39636,28/04/2020 16:26:58 -0400
39755,28/04/2020 21:03:27 +0100
39755,28/04/2020 20:59:09 +0100
39523,28/04/2020 12:32:06 -0700
39755,28/04/2020 19:33:12 +0100
39755,28/04/2020 16:42:31 +0100
39755,28/04/2020 15:32:05 +0100
39755,28/04/2020 15:30:45 +0100
39755,28/04/2020 14:39:27 +0100
39762,28/04/2020 13:36:51 +0000
39755,28/04/2020 14:35:28 +0100
39628,28/04/2020 07:45:18 -0400
37919,28/04/2020 13:30:55 +0200
39755,28/04/2020 12:11:18 +0100
53164,27/04/2020 18:54:30 -0700
39523,27/04/2020 16:35:38 -0700
38865,27/04/2020 09:06:37 -1000
39755,27/04/2020 19:18:56 +0100
39587,27/04/2020 10:58:51 -0700
39755,27/04/2020 12:20:17 +0100
39755,27/04/2020 12:18:53 +0100
38542,27/04/2020 12:03:43 +0200
39755,26/04/2020 18:15:43 +0100
39755,26/04/2020 18:15:43 +0100
39755,26/04/2020 18:15:43 +0100
39762,25/04/2020 13:35:22 +0000
38190,25/04/2020 14:39:54 +0300
38190,25/04/2020 14:13:16 +0300
39051,25/04/2020 11:42:18 +0800
39523,24/04/2020 16:29:53 -0700
39523,24/04/2020 13:48:14 -0700
39521,24/04/2020 13:16:06 -0700
39521,24/04/2020 13:14:28 -0700
39768,24/04/2020 19:44:30 +0200
39521,24/04/2020 10:26:36 -0700
39521,24/04/2020 10:26:32 -0700
39521,24/04/2020 10:26:24 -0700
39762,24/04/2020 13:34:29 +0000
38760,24/04/2020 09:26:40 +0100
39698,24/04/2020 10:45:31 +0800
39757,23/04/2020 06:07:18 -0400
39638,22/04/2020 17:52:57 -0700
39757,22/04/2020 17:03:13 -0400
39757,22/04/2020 17:00:17 -0400
39633,22/04/2020 11:59:44 -0700
39633,22/04/2020 11:56:11 -0700
39521,22/04/2020 09:57:30 -0700
39521,22/04/2020 09:56:40 -0700
39521,22/04/2020 09:41:04 -0700
39755,22/04/2020 15:28:04 +0100
36670,22/04/2020 12:32:44 +0100
36670,22/04/2020 12:32:44 +0100
39413,22/04/2020 13:27:01 +0530
39215,22/04/2020 09:21:11 +0530
39638,21/04/2020 15:14:17 -0700
39638,21/04/2020 14:22:52 -0700
39636,21/04/2020 16:25:45 -0400
39755,21/04/2020 19:58:58 +0100
39638,21/04/2020 11:47:52 -0700
39764,21/04/2020 09:59:39 -0700
39638,20/04/2020 16:50:25 -0700
39523,20/04/2020 14:55:10 -0700
39523,20/04/2020 14:45:34 -0700
39523,20/04/2020 14:44:25 -0700
39523,20/04/2020 13:04:08 -0700
39523,20/04/2020 13:00:10 -0700
39768,20/04/2020 20:49:08 +0200
39747,20/04/2020 19:42:09 +0200
39764,20/04/2020 10:39:09 -0700
39755,20/04/2020 13:46:49 +0100
39755,20/04/2020 11:53:31 +0100
39755,20/04/2020 11:52:47 +0100
39755,20/04/2020 10:32:53 +0100
39755,19/04/2020 17:42:37 +0100
39215,18/04/2020 23:54:52 +0530
39764,17/04/2020 16:12:24 -0700
39633,17/04/2020 14:08:16 -0700
37721,17/04/2020 17:10:33 +0300
39755,17/04/2020 14:36:51 +0100
39755,17/04/2020 14:19:31 +0100
39628,17/04/2020 06:59:18 -0400
38883,17/04/2020 11:48:19 +0200
39768,17/04/2020 06:30:04 +0200
39747,16/04/2020 23:37:03 +0200
39747,16/04/2020 23:27:33 +0200
39747,16/04/2020 23:18:16 +0200
39747,16/04/2020 20:12:25 +0200
39755,16/04/2020 15:54:40 +0100
124477,16/04/2020 20:59:21 +0800
39755,16/04/2020 12:55:40 +0100
39755,16/04/2020 10:37:24 +0100
39755,16/04/2020 09:39:28 +0100
38834,16/04/2020 13:45:09 +0530
39764,15/04/2020 16:49:48 -0700
39730,15/04/2020 16:09:35 -0700
39730,15/04/2020 16:04:09 -0700
39638,15/04/2020 15:25:22 -0700
39768,15/04/2020 21:06:31 +0200
39755,15/04/2020 16:35:09 +0100
39755,15/04/2020 16:23:30 +0100
39762,15/04/2020 13:46:50 +0300
39762,15/04/2020 13:46:49 +0300
39762,15/04/2020 13:46:47 +0300
39762,15/04/2020 13:46:45 +0300
39755,15/04/2020 11:40:41 +0100
39628,15/04/2020 05:58:58 -0400
38724,15/04/2020 00:14:32 -0400
39712,15/04/2020 07:45:48 +0530
39764,14/04/2020 18:52:32 -0700
39523,14/04/2020 15:25:05 -0700
39523,14/04/2020 13:37:54 -0700
39523,14/04/2020 13:17:43 -0700
39712,14/04/2020 23:29:56 +0530
37986,14/04/2020 19:55:39 +0200
39742,14/04/2020 10:01:11 -0700
39628,14/04/2020 12:53:28 -0400
39628,14/04/2020 12:38:22 -0400
39755,14/04/2020 15:40:55 +0100
39742,14/04/2020 07:24:17 -0700
39628,14/04/2020 08:05:13 -0400
39628,14/04/2020 07:44:14 -0400
39523,13/04/2020 16:40:21 -0700
38781,13/04/2020 15:11:52 -0700
39755,13/04/2020 21:06:40 +0100
39764,13/04/2020 10:50:44 -0700
39755,13/04/2020 13:25:49 +0100
38871,12/04/2020 20:21:37 +0200
38870,12/04/2020 22:10:27 +0530
39712,12/04/2020 17:28:28 +0530
39762,12/04/2020 14:55:57 +0300
39762,12/04/2020 14:55:55 +0300
38046,12/04/2020 14:04:47 +0300
39742,11/04/2020 09:34:23 -0700
39742,11/04/2020 09:15:16 -0700
38883,11/04/2020 16:27:12 +0200
38190,11/04/2020 16:29:47 +0300
39712,11/04/2020 12:06:09 +0530
39712,11/04/2020 11:06:37 +0530
38601,11/04/2020 00:03:56 +0200
39712,10/04/2020 22:40:59 +0530
39712,10/04/2020 21:45:35 +0530
39712,10/04/2020 21:37:52 +0530
39712,10/04/2020 21:23:48 +0530
39762,10/04/2020 15:13:20 +0300
218205,10/04/2020 14:54:40 +0900
39597,10/04/2020 00:35:40 +0200
39638,09/04/2020 12:07:18 -0700
39764,09/04/2020 10:54:59 -0700
38693,09/04/2020 17:43:26 +0000
39747,09/04/2020 18:27:07 +0200
39755,09/04/2020 16:02:57 +0100
39755,09/04/2020 14:56:28 +0100
39762,09/04/2020 11:42:19 +0300
39709,08/04/2020 20:05:32 -0700
39742,08/04/2020 17:37:04 -0700
39742,08/04/2020 17:25:54 -0700
39690,08/04/2020 14:08:04 -0700
39762,08/04/2020 23:56:05 +0300
39709,08/04/2020 13:48:35 -0700
39752,08/04/2020 12:28:12 -0700
39523,08/04/2020 12:19:05 -0700
39755,08/04/2020 19:34:19 +0100
39752,08/04/2020 11:08:01 -0700
39523,08/04/2020 10:38:51 -0700
39763,08/04/2020 10:14:18 -0700
38341,08/04/2020 13:46:35 -0300
39742,08/04/2020 08:28:03 -0700
38391,08/04/2020 16:06:31 +0200
39747,08/04/2020 14:50:10 +0200
39762,08/04/2020 15:27:51 +0300
39762,08/04/2020 15:27:48 +0300
39762,08/04/2020 15:27:46 +0300
39762,08/04/2020 15:27:44 +0300
39762,08/04/2020 15:27:42 +0300
282836,08/04/2020 13:36:07 +0200
282836,08/04/2020 11:07:58 +0200
39523,07/04/2020 21:10:04 -0700
39638,07/04/2020 17:59:36 -0700
38866,07/04/2020 16:44:28 -0700
39752,07/04/2020 16:37:55 -0700
39711,07/04/2020 14:58:39 -0700
39763,07/04/2020 12:43:43 -0700
39690,07/04/2020 10:27:14 -0700
39638,07/04/2020 09:59:25 -0700
39755,07/04/2020 17:47:46 +0100
39762,07/04/2020 19:14:57 +0300
38913,07/04/2020 11:23:21 +0300
38345,07/04/2020 12:55:20 +0800
39742,06/04/2020 21:32:44 -0700
39711,06/04/2020 20:04:56 -0700
39711,06/04/2020 19:47:29 -0700
39711,06/04/2020 16:14:09 -0700
39536,06/04/2020 16:10:18 -0700
39638,06/04/2020 15:44:00 -0700
39690,06/04/2020 14:59:46 -0700
39523,06/04/2020 14:57:52 -0700
39523,06/04/2020 14:45:13 -0700
39764,06/04/2020 13:39:33 -0700
39597,06/04/2020 22:33:38 +0200
39523,06/04/2020 13:21:00 -0700
39523,06/04/2020 13:18:59 -0700
39762,06/04/2020 22:57:58 +0300
38931,06/04/2020 22:54:44 +0300
39597,06/04/2020 21:47:40 +0200
39523,06/04/2020 12:15:05 -0700
39523,06/04/2020 12:02:21 -0700
39523,06/04/2020 11:03:40 -0700
39523,06/04/2020 09:42:02 -0700
39747,06/04/2020 15:04:48 +0200
39755,06/04/2020 13:41:41 +0100
282836,06/04/2020 10:43:47 +0200
39755,06/04/2020 08:30:08 +0100
39638,05/04/2020 18:35:37 -0700
38172,05/04/2020 07:55:28 -0400
281604,03/04/2020 20:57:39 -0700
39755,03/04/2020 22:00:51 +0100
39523,03/04/2020 13:05:46 -0700
39638,03/04/2020 12:58:20 -0700
39762,03/04/2020 16:37:46 +0300
39762,03/04/2020 16:37:45 +0300
39762,03/04/2020 16:37:43 +0300
39628,03/04/2020 05:49:16 -0400
281604,02/04/2020 21:48:16 -0700
39768,02/04/2020 20:58:03 +0200
39762,02/04/2020 19:47:02 +0300
39755,02/04/2020 16:47:17 +0100
282836,02/04/2020 13:51:31 +0200
39755,02/04/2020 11:03:11 +0100
39747,02/04/2020 11:11:00 +0200
39747,02/04/2020 11:01:43 +0200
39523,01/04/2020 15:08:25 -0700
39752,01/04/2020 12:31:56 -0700
39690,01/04/2020 10:36:01 -0700
39762,01/04/2020 17:31:04 +0300
39698,01/04/2020 21:29:01 +0800
39762,01/04/2020 16:16:02 +0300
282836,01/04/2020 13:35:30 +0200
39755,01/04/2020 10:02:26 +0100
39747,01/04/2020 09:16:14 +0200
39690,31/03/2020 13:28:42 -0700
38297,31/03/2020 14:21:21 -0400
39757,31/03/2020 06:44:13 -0400
39628,31/03/2020 06:24:30 -0400
39711,30/03/2020 22:35:29 -0700
39536,30/03/2020 19:59:11 -0700
38865,30/03/2020 13:24:22 -1000
38880,30/03/2020 16:02:19 -0700
39742,30/03/2020 14:35:11 -0700
39755,30/03/2020 21:32:04 +0100
38994,30/03/2020 23:31:37 +0300
38994,30/03/2020 20:57:06 +0300
39523,30/03/2020 10:33:37 -0700
39523,30/03/2020 08:44:30 -0700
39523,30/03/2020 08:25:39 -0700
39501,31/03/2020 00:22:25 +0900
39762,30/03/2020 17:35:21 +0300
39628,30/03/2020 07:10:15 -0400
39755,30/03/2020 11:40:00 +0100
39755,30/03/2020 11:12:54 +0100
39709,30/03/2020 00:10:34 -0700
39501,30/03/2020 09:14:02 +0900
39742,29/03/2020 13:29:50 -0700
39742,29/03/2020 13:22:56 -0700
39755,29/03/2020 17:13:43 +0100
38994,29/03/2020 18:14:39 +0300
38883,29/03/2020 11:13:27 +0200
39709,28/03/2020 23:26:51 -0700
39755,28/03/2020 17:32:15 +0000
39755,28/03/2020 16:57:49 +0000
39628,28/03/2020 09:59:40 -0400
39501,28/03/2020 19:26:53 +0900
39638,27/03/2020 18:14:52 -0700
39638,27/03/2020 17:39:14 -0700
39536,27/03/2020 11:25:51 -0700
39762,27/03/2020 19:30:39 +0200
39711,27/03/2020 15:32:51 +0100
37986,27/03/2020 11:51:17 +0100
37986,27/03/2020 11:47:59 +0100
37986,27/03/2020 11:44:00 +0100
37986,27/03/2020 11:41:50 +0100
37986,27/03/2020 11:35:08 +0100
37986,27/03/2020 11:27:54 +0100
37986,27/03/2020 11:22:08 +0100
39587,26/03/2020 14:47:49 -0700
39523,26/03/2020 10:45:09 -0700
404320,26/03/2020 08:20:22 -0700
404320,26/03/2020 08:20:22 -0700
39501,26/03/2020 21:46:46 +0900
39690,25/03/2020 16:23:42 -0700
39755,25/03/2020 21:37:20 +0000
39587,25/03/2020 12:08:49 -0700
39587,25/03/2020 09:44:22 -0700
39638,24/03/2020 17:19:47 -0700
39587,24/03/2020 16:18:10 -0700
39628,24/03/2020 22:54:54 +0200
39628,24/03/2020 22:54:53 +0200
39628,24/03/2020 22:54:51 +0200
39636,24/03/2020 16:07:22 -0400
39523,24/03/2020 10:52:07 -0700
39523,24/03/2020 10:20:28 -0700
39747,24/03/2020 15:43:54 +0100
39762,24/03/2020 13:02:37 +0000
38107,24/03/2020 12:29:05 +0200
39025,24/03/2020 10:47:19 +0100
39501,24/03/2020 10:22:41 +0900
39711,23/03/2020 17:33:39 -0700
39587,23/03/2020 13:22:17 -0700
39521,23/03/2020 12:58:52 -0700
39523,23/03/2020 11:22:57 -0700
39521,23/03/2020 09:34:12 -0700
39523,23/03/2020 09:29:27 -0700
39523,23/03/2020 08:53:42 -0700
39762,23/03/2020 17:31:56 +0200
39762,23/03/2020 17:31:56 +0200
39762,23/03/2020 17:31:55 +0200
39523,23/03/2020 07:29:48 -0700
39686,23/03/2020 13:16:36 +0000
39755,21/03/2020 22:18:50 +0000
39393,21/03/2020 18:58:42 +0200
39039,21/03/2020 09:51:32 -0500
39755,20/03/2020 22:09:40 +0000
39393,21/03/2020 00:00:32 +0200
39393,20/03/2020 23:45:26 +0200
39393,20/03/2020 23:13:33 +0200
39523,20/03/2020 12:24:12 -0700
281604,20/03/2020 11:16:36 -0700
39523,20/03/2020 10:17:42 -0700
38865,20/03/2020 05:58:26 -1000
39523,20/03/2020 06:59:35 -0700
39762,20/03/2020 12:36:13 +0000
39025,20/03/2020 12:54:15 +0100
39628,20/03/2020 07:49:25 -0400
39638,19/03/2020 12:44:09 -0700
39763,19/03/2020 11:29:58 -0700
39763,19/03/2020 11:25:15 -0700
39768,19/03/2020 17:52:11 +0100
39690,19/03/2020 08:40:36 -0700
39762,19/03/2020 16:17:33 +0200
39762,19/03/2020 16:17:32 +0200
39762,19/03/2020 13:57:55 +0200
39762,19/03/2020 13:50:25 +0200
39747,18/03/2020 22:40:26 +0100
39638,18/03/2020 13:56:06 -0700
39638,18/03/2020 13:48:50 -0700
39628,18/03/2020 14:23:02 -0400
39521,18/03/2020 09:01:41 -0700
39628,18/03/2020 07:39:48 -0400
39051,18/03/2020 15:28:25 +0800
281604,17/03/2020 14:17:53 -0700
39762,17/03/2020 22:28:55 +0200
39762,17/03/2020 22:28:54 +0200
39762,17/03/2020 22:28:50 +0200
39762,17/03/2020 22:28:49 +0200
39762,17/03/2020 22:28:48 +0200
39762,17/03/2020 22:28:47 +0200
39762,17/03/2020 22:28:46 +0200
39762,17/03/2020 22:28:45 +0200
39762,17/03/2020 22:28:43 +0200
39762,17/03/2020 22:28:42 +0200
39762,17/03/2020 22:28:41 +0200
39762,17/03/2020 22:28:40 +0200
39762,17/03/2020 22:28:38 +0200
39762,17/03/2020 22:28:37 +0200
39762,17/03/2020 22:28:36 +0200
39762,17/03/2020 22:28:35 +0200
39762,17/03/2020 22:28:34 +0200
39762,17/03/2020 22:28:33 +0200
39762,17/03/2020 22:28:31 +0200
39762,17/03/2020 22:28:30 +0200
39762,17/03/2020 22:28:28 +0200
39747,17/03/2020 19:11:16 +0100
39742,17/03/2020 12:00:16 -0500
39742,17/03/2020 11:31:00 -0500
39587,17/03/2020 09:30:04 -0700
39597,17/03/2020 16:23:46 +0100
36878,17/03/2020 08:42:58 -0500
39755,17/03/2020 12:32:34 +0000
39747,17/03/2020 12:58:17 +0100
39747,17/03/2020 12:57:28 +0100
39747,17/03/2020 11:56:22 +0100
39747,17/03/2020 11:40:12 +0100
39747,17/03/2020 11:30:36 +0100
39747,17/03/2020 11:30:36 +0100
39597,16/03/2020 22:48:45 +0100
39597,16/03/2020 21:42:58 +0100
39042,16/03/2020 21:53:44 +0200
39690,16/03/2020 12:31:09 -0700
39523,16/03/2020 11:31:24 -0700
38630,16/03/2020 15:24:53 +0000
39755,16/03/2020 15:08:47 +0000
39762,16/03/2020 16:32:31 +0200
39762,16/03/2020 16:32:30 +0200
39628,15/03/2020 16:17:27 -0400
39628,15/03/2020 15:58:34 -0400
39628,15/03/2020 13:29:33 -0400
39638,15/03/2020 09:08:57 -0700
39755,14/03/2020 22:09:46 +0000
39628,14/03/2020 15:10:15 -0400
39755,14/03/2020 13:38:27 +0000
39755,14/03/2020 13:20:51 +0000
38311,14/03/2020 00:05:41 +0900
39764,13/03/2020 07:31:11 -0700
37352,13/03/2020 08:28:40 -0400
39694,13/03/2020 12:07:47 +0100
282836,13/03/2020 11:16:28 +0100
281604,12/03/2020 13:22:51 -0700
39747,12/03/2020 21:10:41 +0100
282836,12/03/2020 12:37:42 +0100
282836,12/03/2020 12:36:28 +0100
282836,12/03/2020 09:49:18 +0100
281604,11/03/2020 16:46:08 -0700
39501,12/03/2020 08:38:37 +0900
39638,11/03/2020 16:17:55 -0700
39755,11/03/2020 19:57:38 +0000
39523,11/03/2020 10:15:13 -0700
39690,11/03/2020 10:14:10 -0700
39690,11/03/2020 10:14:10 -0700
39690,11/03/2020 10:05:35 -0700
39755,11/03/2020 16:57:03 +0000
39690,11/03/2020 09:41:54 -0700
39501,12/03/2020 01:41:19 +0900
39690,11/03/2020 09:15:44 -0700
39755,11/03/2020 12:17:36 +0000
282836,11/03/2020 12:42:56 +0100
39747,11/03/2020 12:26:47 +0100
282836,11/03/2020 11:18:58 +0100
282836,11/03/2020 11:18:28 +0100
39742,11/03/2020 01:44:27 -0700
282836,11/03/2020 09:40:15 +0100
282836,11/03/2020 09:01:44 +0100
39633,10/03/2020 17:46:31 -0700
39633,10/03/2020 17:44:48 -0700
39633,10/03/2020 16:51:25 -0700
39764,10/03/2020 15:46:09 -0700
39762,10/03/2020 23:06:38 +0200
39742,10/03/2020 13:58:01 -0700
39762,10/03/2020 22:24:28 +0200
39523,10/03/2020 12:52:29 -0700
39523,10/03/2020 12:33:18 -0700
39523,10/03/2020 10:29:44 -0700
39768,10/03/2020 17:52:39 +0100
39523,10/03/2020 08:11:09 -0700
282836,10/03/2020 15:28:58 +0100
282836,10/03/2020 15:28:36 +0100
39501,10/03/2020 21:35:58 +0900
39755,10/03/2020 10:49:17 +0000
39755,10/03/2020 10:49:17 +0000
39755,10/03/2020 10:49:17 +0000
39755,10/03/2020 10:49:17 +0000
39755,10/03/2020 10:49:16 +0000
39742,09/03/2020 22:17:48 -0700
44695,09/03/2020 22:16:08 -0700
39638,09/03/2020 21:49:02 -0700
39501,10/03/2020 13:44:13 +0900
39698,10/03/2020 12:22:46 +0800
281604,09/03/2020 20:42:28 -0700
39764,09/03/2020 15:53:29 -0700
39755,09/03/2020 21:35:07 +0000
39638,09/03/2020 13:51:21 -0700
39633,09/03/2020 12:47:54 -0700
39755,09/03/2020 17:03:36 +0000
39587,09/03/2020 09:54:51 -0700
39755,09/03/2020 16:28:08 +0000
39694,09/03/2020 15:34:01 +0100
39747,09/03/2020 15:16:50 +0100
39215,09/03/2020 17:03:50 +0530
39501,09/03/2020 20:01:50 +0900
39501,09/03/2020 19:48:48 +0900
39628,09/03/2020 05:34:41 -0400
282836,09/03/2020 09:54:40 +0100
44695,08/03/2020 13:42:05 -0700
39768,08/03/2020 16:52:17 +0100
39755,08/03/2020 15:37:37 +0000
39215,08/03/2020 20:15:42 +0530
39755,08/03/2020 12:30:52 +0000
39215,08/03/2020 16:36:37 +0530
39755,07/03/2020 16:23:11 +0000
39597,07/03/2020 17:14:25 +0100
37087,07/03/2020 12:25:02 +0100
39215,07/03/2020 13:36:30 +0530
39638,06/03/2020 16:33:09 -0800
39521,06/03/2020 15:55:56 -0800
39638,06/03/2020 11:57:29 -0800
39634,06/03/2020 07:33:50 -0800
39762,06/03/2020 14:53:26 +0200
39762,06/03/2020 14:44:13 +0200
38965,06/03/2020 13:39:16 +0100
39215,06/03/2020 14:36:06 +0530
39698,06/03/2020 12:24:26 +0800
39709,05/03/2020 19:41:47 -0800
39757,05/03/2020 21:40:24 -0500
39589,05/03/2020 16:17:26 -0800
39711,05/03/2020 15:38:25 -0800
39711,05/03/2020 15:05:30 -0800
39638,05/03/2020 14:14:59 -0800
39633,05/03/2020 14:10:51 -0800
39201,05/03/2020 14:10:20 -0800
39634,05/03/2020 13:53:34 -0800
39763,05/03/2020 13:14:03 -0800
39763,05/03/2020 13:01:41 -0800
39747,05/03/2020 20:42:58 +0100
39742,05/03/2020 11:01:20 -0800
39755,05/03/2020 10:42:28 +0000
39215,05/03/2020 12:26:03 +0530
39763,04/03/2020 17:27:27 -0800
39690,04/03/2020 16:40:56 -0800
39763,04/03/2020 15:50:12 -0800
39634,04/03/2020 14:37:21 -0800
39755,04/03/2020 21:50:00 +0000
39730,04/03/2020 11:46:14 -0800
39730,04/03/2020 11:30:40 -0800
39764,04/03/2020 10:18:42 -0800
39634,04/03/2020 09:42:45 -0800
39755,04/03/2020 12:49:36 +0000
39755,04/03/2020 12:35:52 +0000
121082,04/03/2020 12:15:16 +0000
39638,03/03/2020 18:06:16 -0800
39501,04/03/2020 10:46:02 +0900
39763,03/03/2020 17:02:39 -0800
39763,03/03/2020 17:02:39 -0800
39764,03/03/2020 16:01:41 -0800
39764,03/03/2020 16:00:42 -0800
39764,03/03/2020 14:58:53 -0800
39690,03/03/2020 13:57:29 -0800
39768,03/03/2020 21:05:26 +0100
39747,03/03/2020 20:23:55 +0100
39634,03/03/2020 10:22:06 -0800
39634,03/03/2020 10:16:18 -0800
39764,03/03/2020 08:54:25 -0800
39768,03/03/2020 17:42:44 +0100
37085,03/03/2020 10:51:32 -0500
39694,03/03/2020 14:26:04 +0100
39747,03/03/2020 12:17:55 +0100
282836,03/03/2020 09:50:15 +0100
281604,02/03/2020 20:21:40 -0800
39628,02/03/2020 21:26:03 -0500
39501,03/03/2020 11:00:21 +0900
39742,02/03/2020 17:56:54 -0800
39711,02/03/2020 16:38:55 -0800
39633,02/03/2020 14:47:46 -0800
39762,02/03/2020 23:24:52 +0200
39768,02/03/2020 22:23:27 +0100
39742,02/03/2020 12:55:34 -0800
39768,02/03/2020 20:23:50 +0100
39742,02/03/2020 11:10:11 -0800
39747,02/03/2020 19:00:50 +0100
39755,02/03/2020 17:49:20 +0000
39755,02/03/2020 17:47:06 +0000
39747,02/03/2020 18:35:30 +0100
39589,02/03/2020 09:03:35 -0800
39694,02/03/2020 15:55:58 +0100
39755,02/03/2020 10:57:47 +0000
39747,02/03/2020 11:28:18 +0100
39747,02/03/2020 11:19:59 +0100
39755,01/03/2020 22:16:15 +0000
39755,01/03/2020 16:39:15 +0000
39762,29/02/2020 22:25:49 +0200
39762,29/02/2020 21:05:23 +0200
39762,29/02/2020 21:05:23 +0200
39762,29/02/2020 19:14:34 +0200
39762,29/02/2020 18:10:57 +0200
39762,29/02/2020 17:47:18 +0200
39755,29/02/2020 12:02:44 +0000
39393,28/02/2020 22:01:40 +0200
39587,28/02/2020 10:11:52 -0800
39638,28/02/2020 09:07:37 -0800
39755,28/02/2020 14:45:31 +0000
282836,28/02/2020 08:53:07 +0100
282836,28/02/2020 07:54:16 +0100
39628,27/02/2020 23:36:12 -0500
39501,28/02/2020 12:11:26 +0900
39226,27/02/2020 18:25:09 -0800
39638,27/02/2020 17:37:36 -0800
39730,27/02/2020 13:54:25 -0800
39755,27/02/2020 20:14:29 +0000
39589,27/02/2020 11:58:20 -0800
39755,27/02/2020 19:50:14 +0000
39755,27/02/2020 19:50:14 +0000
39755,27/02/2020 19:50:14 +0000
39762,27/02/2020 13:00:32 +0200
39755,27/02/2020 09:32:13 +0000
39587,26/02/2020 21:02:12 -0800
39587,26/02/2020 20:55:03 -0800
39628,26/02/2020 22:23:15 -0500
39638,26/02/2020 17:59:38 -0800
39638,26/02/2020 17:33:49 -0800
39752,26/02/2020 17:08:30 -0800
39763,26/02/2020 16:12:39 -0800
39638,26/02/2020 15:38:35 -0800
39288,26/02/2020 18:26:37 -0500
39633,26/02/2020 14:54:46 -0800
39597,26/02/2020 22:05:44 +0100
39712,26/02/2020 23:39:12 +0530
39634,26/02/2020 09:09:35 -0800
39634,26/02/2020 08:43:22 -0800
44695,26/02/2020 07:56:15 -0800
282836,26/02/2020 11:16:12 +0100
39747,26/02/2020 10:11:51 +0100
39638,25/02/2020 22:59:34 -0800
39501,26/02/2020 15:14:11 +0900
39763,25/02/2020 14:48:30 -0800
39634,25/02/2020 13:05:49 -0800
39763,25/02/2020 12:37:10 -0800
39521,25/02/2020 12:34:39 -0800
39711,25/02/2020 12:23:03 -0800
39521,25/02/2020 12:17:56 -0800
39742,25/02/2020 11:45:33 -0800
39742,25/02/2020 11:40:45 -0800
39589,25/02/2020 10:31:01 -0800
39742,25/02/2020 09:43:23 -0800
39589,25/02/2020 09:28:13 -0800
44695,25/02/2020 08:32:38 -0800
39690,25/02/2020 07:56:54 -0800
39755,25/02/2020 15:51:54 +0000
39709,24/02/2020 18:28:31 -0800
39634,24/02/2020 09:34:47 -0800
39742,24/02/2020 09:17:32 -0800
39536,24/02/2020 08:59:01 -0800
39536,24/02/2020 07:52:20 -0800
39317,24/02/2020 12:04:22 +0000
39747,24/02/2020 12:16:28 +0100
39747,24/02/2020 12:08:24 +0100
39747,24/02/2020 12:03:15 +0100
39742,23/02/2020 17:35:46 -0800
39638,23/02/2020 12:39:09 -0800
39597,23/02/2020 18:02:13 +0100
39768,23/02/2020 11:32:59 +0100
39628,22/02/2020 17:18:01 -0500
38997,22/02/2020 12:30:23 -0500
39768,22/02/2020 11:18:33 +0100
39501,22/02/2020 10:56:25 +0900
39687,21/02/2020 16:20:16 -0800
39763,21/02/2020 16:06:17 -0800
39589,21/02/2020 22:16:34 +0000
39633,21/02/2020 14:11:00 -0800
39763,21/02/2020 14:00:44 -0800
39687,21/02/2020 11:34:39 -0800
39687,21/02/2020 11:20:45 -0800
39687,21/02/2020 11:13:27 -0800
39687,21/02/2020 11:08:59 -0800
39711,21/02/2020 10:20:52 -0800
282836,21/02/2020 10:09:15 +0100
39628,20/02/2020 22:18:23 -0500
39755,20/02/2020 21:40:56 +0100
39755,20/02/2020 21:03:14 +0100
39360,20/02/2020 15:01:11 +0100
39762,20/02/2020 12:20:56 +0000
39636,19/02/2020 17:43:26 -0500
39587,19/02/2020 13:15:36 -0800
39755,19/02/2020 21:58:28 +0100
39763,19/02/2020 12:15:43 -0800
39763,19/02/2020 12:11:27 -0800
39346,19/02/2020 20:38:21 +0100
39690,19/02/2020 09:22:05 -0800
39762,19/02/2020 18:58:33 +0200
39145,19/02/2020 11:16:18 +0530
39628,18/02/2020 21:47:21 -0500
39638,18/02/2020 17:52:34 -0800
39638,18/02/2020 17:49:37 -0800
39762,18/02/2020 23:47:44 +0200
39597,18/02/2020 19:55:55 +0100
39690,18/02/2020 10:14:48 -0800
39382,18/02/2020 13:12:00 -0500
39712,18/02/2020 23:31:41 +0530
39742,18/02/2020 09:55:39 -0800
39742,18/02/2020 08:46:32 -0800
38310,18/02/2020 15:35:22 +0100
39762,18/02/2020 13:17:59 +0200
39742,17/02/2020 23:38:52 -0800
39382,17/02/2020 23:49:45 -0500
39628,17/02/2020 16:29:31 -0500
39690,17/02/2020 10:25:09 -0800
39698,17/02/2020 18:38:12 +0800
39755,16/02/2020 21:07:30 +0100
39768,16/02/2020 12:49:23 +0100
39628,15/02/2020 23:06:07 -0500
39768,15/02/2020 12:10:56 +0100
39742,15/02/2020 02:01:05 -0800
39762,15/02/2020 10:55:47 +0200
39698,15/02/2020 13:31:28 +0800
39587,14/02/2020 18:02:11 -0800
39742,14/02/2020 17:23:49 -0800
39742,14/02/2020 17:23:05 -0800
39763,14/02/2020 13:30:43 -0800
39763,14/02/2020 12:47:24 -0800
39443,14/02/2020 19:26:17 +0000
39753,14/02/2020 11:21:50 -0800
39747,14/02/2020 18:59:29 +0100
39638,14/02/2020 09:57:21 -0800
39768,14/02/2020 18:54:10 +0100
39742,13/02/2020 19:52:38 -0800
39742,13/02/2020 19:02:04 -0800
39752,13/02/2020 18:05:33 -0800
39628,13/02/2020 20:56:47 -0500
39628,13/02/2020 20:27:04 -0500
39742,13/02/2020 14:16:15 -0800
39742,13/02/2020 14:05:15 -0800
38944,13/02/2020 13:34:02 -0800
39634,13/02/2020 13:07:25 -0800
39151,13/02/2020 21:43:15 +0100
39712,13/02/2020 23:39:15 +0530
39762,13/02/2020 17:06:32 +0200
39762,13/02/2020 16:58:04 +0200
39762,13/02/2020 16:46:38 +0200
39394,13/02/2020 23:14:16 +0900
39752,12/02/2020 16:17:52 -0800
39634,12/02/2020 14:30:49 -0800
39752,12/02/2020 10:53:04 -0800
39587,12/02/2020 10:36:53 -0800
39634,12/02/2020 09:50:30 -0800
283186,12/02/2020 23:16:59 +0530
39755,12/02/2020 16:04:50 +0000
36668,12/02/2020 09:54:32 -0600
39755,12/02/2020 14:57:50 +0000
39755,12/02/2020 14:24:10 +0000
39755,12/02/2020 13:34:59 +0000
39694,12/02/2020 14:31:51 +0100
39755,12/02/2020 12:40:01 +0000
39755,12/02/2020 12:23:24 +0000
39747,12/02/2020 11:52:15 +0100
39712,12/02/2020 09:09:02 +0530
39628,11/02/2020 22:34:51 -0500
39587,11/02/2020 16:31:12 -0800
39752,11/02/2020 15:18:32 -0800
39634,11/02/2020 14:56:25 -0800
39638,11/02/2020 14:44:13 -0800
39768,11/02/2020 19:56:46 +0100
39747,11/02/2020 18:03:13 +0100
39747,11/02/2020 16:33:20 +0100
39747,11/02/2020 10:50:29 +0100
39747,11/02/2020 10:45:58 +0100
39393,11/02/2020 09:41:55 +0200
39742,10/02/2020 21:41:28 -0800
39628,10/02/2020 22:09:10 -0500
39628,10/02/2020 21:03:36 -0500
39501,11/02/2020 05:10:33 +0900
39597,10/02/2020 20:53:13 +0100
39501,11/02/2020 04:23:58 +0900
39762,10/02/2020 20:49:03 +0200
39762,10/02/2020 19:25:36 +0200
39413,10/02/2020 17:28:09 +0530
39698,10/02/2020 19:27:41 +0800
39755,10/02/2020 09:12:53 +0000
39744,09/02/2020 17:35:27 -0800
44695,09/02/2020 12:29:45 -0800
39744,08/02/2020 21:33:39 -0800
39709,08/02/2020 20:24:56 -0800
39712,08/02/2020 18:30:42 +0530
39742,07/02/2020 16:24:19 -0800
39742,07/02/2020 16:14:53 -0800
39638,07/02/2020 14:06:52 -0800
39633,07/02/2020 14:57:10 -0500
39443,07/02/2020 17:47:15 +0000
39755,07/02/2020 11:48:54 +0000
39742,07/02/2020 03:38:58 -0800
39439,07/02/2020 11:49:41 +0100
282836,07/02/2020 08:51:47 +0100
283186,07/02/2020 13:07:18 +0530
39587,06/02/2020 20:59:19 -0800
39587,06/02/2020 15:50:14 -0800
39711,06/02/2020 14:49:49 -0800
39587,06/02/2020 13:40:28 -0800
39744,06/02/2020 13:32:23 -0800
39587,06/02/2020 13:14:16 -0800
39744,06/02/2020 12:52:34 -0800
39597,06/02/2020 21:33:16 +0100
39587,06/02/2020 11:41:56 -0800
39587,06/02/2020 10:32:20 -0800
39536,06/02/2020 10:25:00 -0800
39762,06/02/2020 18:44:49 +0200
39747,06/02/2020 14:17:35 +0100
39747,06/02/2020 14:17:03 +0100
39762,06/02/2020 12:15:02 +0000
39752,05/02/2020 20:41:53 -0800
39628,05/02/2020 22:56:43 -0500
39752,05/02/2020 17:56:53 -0800
39587,05/02/2020 15:44:51 -0800
39764,05/02/2020 14:41:57 -0800
39521,05/02/2020 10:48:13 -0800
39521,05/02/2020 09:39:29 -0800
39501,06/02/2020 00:42:46 +0900
39423,05/02/2020 15:59:06 +0100
39686,05/02/2020 12:54:43 +0000
282836,05/02/2020 10:53:34 +0100
282836,05/02/2020 10:04:57 +0100
282836,05/02/2020 08:32:27 +0100
39587,04/02/2020 21:41:49 -0800
39521,04/02/2020 16:18:31 -0800
39753,04/02/2020 16:14:21 -0800
39744,04/02/2020 15:10:53 -0800
39442,05/02/2020 01:34:18 +0300
39521,04/02/2020 13:53:57 -0800
39597,04/02/2020 22:15:06 +0100
39763,04/02/2020 12:23:54 -0800
39742,04/02/2020 11:45:40 -0800
39712,05/02/2020 00:57:10 +0530
39712,05/02/2020 00:30:54 +0530
39712,05/02/2020 00:28:15 +0530
39742,04/02/2020 00:10:01 -0800
39587,03/02/2020 20:22:34 -0800
39638,03/02/2020 18:02:03 -0800
39443,03/02/2020 22:07:58 +0000
39624,03/02/2020 22:21:37 +0100
39755,03/02/2020 20:25:15 +0000
39589,03/02/2020 12:23:00 -0800
39638,03/02/2020 11:19:45 -0800
39521,03/02/2020 11:17:26 -0800
39521,03/02/2020 10:59:39 -0800
39690,03/02/2020 10:49:03 -0800
39763,03/02/2020 10:48:05 -0800
39597,03/02/2020 19:30:50 +0100
39747,03/02/2020 19:00:58 +0100
39747,03/02/2020 18:58:39 +0100
39762,03/02/2020 18:54:31 +0200
39536,03/02/2020 08:38:51 -0800
39762,03/02/2020 17:56:26 +0200
39747,03/02/2020 10:21:36 +0100
39628,02/02/2020 21:22:18 -0500
39628,02/02/2020 20:49:28 -0500
39628,02/02/2020 20:10:07 -0500
39444,02/02/2020 13:12:37 -0200
39762,02/02/2020 16:03:34 +0200
39364,02/02/2020 19:04:13 +0800
39742,01/02/2020 10:03:08 -0800
39474,01/02/2020 18:38:47 +0300
39624,01/02/2020 13:19:31 +0100
39587,31/01/2020 18:31:37 -0800
39742,31/01/2020 15:50:44 -0800
39587,31/01/2020 15:30:57 -0800
39755,31/01/2020 23:26:51 +0000
39755,31/01/2020 21:38:21 +0000
39711,31/01/2020 13:22:18 -0800
39755,31/01/2020 21:07:59 +0000
39755,31/01/2020 21:07:59 +0000
39755,31/01/2020 21:07:59 +0000
39755,31/01/2020 21:07:58 +0000
39755,31/01/2020 21:07:58 +0000
39755,31/01/2020 21:07:58 +0000
39711,31/01/2020 12:34:20 -0800
39634,31/01/2020 12:14:17 -0800
39634,31/01/2020 11:26:21 -0800
39501,01/02/2020 00:08:40 +0900
39501,31/01/2020 22:54:44 +0900
39742,30/01/2020 22:08:10 -0800
39634,30/01/2020 16:10:50 -0800
39589,30/01/2020 16:00:54 -0800
39521,30/01/2020 15:22:57 -0800
39589,30/01/2020 14:57:44 -0800
39744,30/01/2020 14:33:04 -0800
39752,30/01/2020 14:09:10 -0800
39638,30/01/2020 13:57:41 -0800
39744,30/01/2020 13:04:17 -0800
39763,30/01/2020 11:04:27 -0800
39523,30/01/2020 10:54:05 -0800
39536,30/01/2020 10:25:30 -0800
39634,30/01/2020 08:05:40 -0800
39712,30/01/2020 21:33:43 +0530
39755,30/01/2020 14:29:15 +0000
282836,30/01/2020 12:04:51 +0100
39742,29/01/2020 23:20:08 -0800
39587,29/01/2020 22:22:10 -0800
39752,29/01/2020 17:46:08 -0800
39752,29/01/2020 17:31:09 -0800
39634,29/01/2020 15:19:37 -0800
39763,29/01/2020 13:16:52 -0800
39744,29/01/2020 12:33:02 -0800
39744,29/01/2020 12:30:39 -0800
39536,29/01/2020 11:28:34 -0800
39636,29/01/2020 14:15:30 -0500
39709,29/01/2020 10:17:36 -0800
39634,29/01/2020 09:47:54 -0800
39634,29/01/2020 09:19:16 -0800
39634,29/01/2020 09:06:20 -0800
39762,29/01/2020 13:59:52 +0200
39518,29/01/2020 12:12:26 +0800
39589,28/01/2020 16:26:56 -0800
39543,28/01/2020 16:44:45 -0700
39744,28/01/2020 15:28:12 -0800
39762,28/01/2020 22:52:49 +0200
39764,28/01/2020 10:22:17 -0800
39634,28/01/2020 09:38:48 -0800
39634,28/01/2020 09:29:36 -0800
39755,28/01/2020 15:02:32 +0000
39762,28/01/2020 15:32:03 +0200
39762,28/01/2020 15:05:57 +0200
39256,28/01/2020 12:05:47 +0000
39762,28/01/2020 13:22:15 +0200
39755,28/01/2020 10:13:08 +0000
39762,28/01/2020 11:13:23 +0200
39762,28/01/2020 11:12:11 +0200
39704,27/01/2020 16:27:43 -0600
39709,27/01/2020 13:03:28 -0800
39634,27/01/2020 12:59:51 -0800
39712,27/01/2020 22:12:19 +0530
44695,27/01/2020 08:13:37 -0800
39755,27/01/2020 14:33:55 +0000
39762,27/01/2020 12:51:17 +0200
282836,27/01/2020 09:23:16 +0100
39744,26/01/2020 13:44:55 -0800
39744,26/01/2020 13:43:18 -0800
39587,26/01/2020 12:29:03 -0800
39744,26/01/2020 12:09:38 -0800
39744,26/01/2020 12:03:54 -0800
39587,26/01/2020 11:01:41 -0800
39744,26/01/2020 07:45:40 -0800
39698,26/01/2020 22:48:11 +0800
39744,25/01/2020 09:12:11 -0800
39624,25/01/2020 12:38:42 +0100
39566,25/01/2020 18:53:25 +0800
39744,24/01/2020 22:23:22 -0800
39744,24/01/2020 21:59:41 -0800
39744,24/01/2020 21:46:31 -0800
39744,24/01/2020 21:33:10 -0800
39638,24/01/2020 15:46:01 -0800
39742,24/01/2020 13:08:55 -0800
39634,24/01/2020 10:55:39 -0800
39762,24/01/2020 20:05:04 +0200
39634,24/01/2020 09:59:15 -0800
39711,23/01/2020 12:59:57 -0800
39634,23/01/2020 12:32:03 -0800
39766,23/01/2020 21:29:15 +0100
39711,23/01/2020 12:02:47 -0800
39711,23/01/2020 11:34:27 -0800
39694,23/01/2020 16:45:35 +0100
39624,23/01/2020 13:20:05 +0100
39690,22/01/2020 15:52:31 -0800
39764,22/01/2020 15:46:34 -0800
39638,22/01/2020 14:08:14 -0800
39763,22/01/2020 13:40:40 -0800
39763,22/01/2020 13:34:39 -0800
39622,22/01/2020 13:10:25 -0800
39747,22/01/2020 21:54:16 +0100
39633,22/01/2020 12:33:06 -0800
39633,22/01/2020 09:40:20 -0800
39634,22/01/2020 09:11:34 -0800
39712,22/01/2020 21:41:30 +0530
39605,22/01/2020 09:05:37 +0100
39605,22/01/2020 08:32:56 +0100
39704,21/01/2020 20:52:32 -0600
39634,21/01/2020 16:22:20 -0800
39711,21/01/2020 14:51:43 -0800
39690,21/01/2020 10:52:50 -0800
39762,21/01/2020 15:08:27 +0200
39742,20/01/2020 20:40:34 -0800
39628,20/01/2020 22:24:28 -0500
39624,20/01/2020 21:22:38 +0100
44695,20/01/2020 11:31:15 -0800
39712,20/01/2020 23:32:21 +0530
39690,20/01/2020 08:58:36 -0800
39762,20/01/2020 18:02:12 +0200
39747,20/01/2020 10:17:44 +0100
39747,20/01/2020 10:14:25 +0100
39501,20/01/2020 07:49:24 +0100
39712,19/01/2020 11:36:57 +0530
39712,19/01/2020 11:14:53 +0530
39597,18/01/2020 23:27:05 +0100
39597,18/01/2020 19:34:33 +0100
39744,17/01/2020 19:25:39 -0800
39763,17/01/2020 16:00:44 -0800
39763,17/01/2020 16:00:07 -0800
39762,17/01/2020 19:06:53 +0200
39634,17/01/2020 09:06:48 -0800
39636,17/01/2020 11:42:55 -0500
39634,17/01/2020 08:03:07 -0800
39755,17/01/2020 12:52:59 +0000
39698,17/01/2020 18:11:23 +0800
39755,17/01/2020 09:32:36 +0000
281641,16/01/2020 19:34:12 +0100
39634,16/01/2020 08:39:09 -0800
39747,16/01/2020 14:34:03 +0100
39605,16/01/2020 14:18:04 +0100
39747,16/01/2020 12:23:36 +0100
282836,16/01/2020 12:15:06 +0100
39755,16/01/2020 09:47:54 +0000
39645,16/01/2020 10:30:29 +0200
39744,15/01/2020 20:40:40 -0800
39744,15/01/2020 18:50:38 -0800
39744,15/01/2020 18:47:12 -0800
39589,15/01/2020 16:52:54 -0800
39638,15/01/2020 14:46:49 -0800
39744,15/01/2020 13:31:43 -0800
39755,15/01/2020 21:24:09 +0000
39755,15/01/2020 20:21:58 +0000
39762,15/01/2020 21:54:36 +0200
39762,15/01/2020 21:53:05 +0200
38943,15/01/2020 13:03:24 -0500
39730,15/01/2020 09:36:19 -0800
39712,15/01/2020 19:45:15 +0530
39686,15/01/2020 14:05:29 +0000
282836,15/01/2020 12:03:25 +0100
39755,15/01/2020 08:17:18 +0000
44695,14/01/2020 22:48:13 -0800
39327,15/01/2020 07:15:29 +0100
39709,14/01/2020 18:54:40 -0800
39744,14/01/2020 16:20:31 -0800
39694,14/01/2020 18:08:15 +0100
39694,14/01/2020 15:35:36 +0100
39747,14/01/2020 15:31:13 +0100
39694,14/01/2020 15:15:09 +0100
39747,14/01/2020 15:15:01 +0100
39694,14/01/2020 14:43:14 +0100
39762,14/01/2020 14:07:50 +0200
39676,14/01/2020 03:57:51 +0200
39764,13/01/2020 15:12:16 -0800
39311,14/01/2020 01:08:12 +0200
39742,13/01/2020 14:40:21 -0800
39312,13/01/2020 22:44:18 +0100
39690,13/01/2020 13:19:53 -0800
39653,13/01/2020 12:17:23 -0800
39624,13/01/2020 20:23:35 +0100
39690,13/01/2020 10:37:43 -0800
39747,13/01/2020 18:57:06 +0100
44695,12/01/2020 14:15:50 -0800
39742,12/01/2020 14:14:01 -0800
44695,11/01/2020 12:50:43 -0800
39744,11/01/2020 11:23:53 -0800
36950,11/01/2020 11:18:46 -0500
39747,11/01/2020 16:23:11 +0100
39747,11/01/2020 12:35:18 +0100
39747,11/01/2020 12:26:37 +0100
39711,10/01/2020 17:22:59 -0800
39742,10/01/2020 16:00:49 -0800
39709,10/01/2020 15:33:28 -0800
39744,10/01/2020 14:55:07 -0800
39730,10/01/2020 13:40:05 -0800
39730,10/01/2020 13:40:04 -0800
39730,10/01/2020 13:40:02 -0800
39730,10/01/2020 13:40:01 -0800
39730,10/01/2020 13:40:00 -0800
39730,10/01/2020 13:39:58 -0800
39730,10/01/2020 13:39:57 -0800
39730,10/01/2020 13:39:55 -0800
39730,10/01/2020 13:39:54 -0800
39730,10/01/2020 13:39:52 -0800
39730,10/01/2020 13:39:43 -0800
39730,10/01/2020 13:39:41 -0800
39730,10/01/2020 13:39:40 -0800
39730,10/01/2020 13:39:38 -0800
39730,10/01/2020 13:39:37 -0800
39730,10/01/2020 13:39:35 -0800
39730,10/01/2020 13:39:34 -0800
39730,10/01/2020 13:39:32 -0800
39755,10/01/2020 18:08:23 +0000
39762,10/01/2020 16:40:58 +0200
39755,10/01/2020 12:41:05 +0000
39755,10/01/2020 09:54:58 +0000
39587,09/01/2020 21:48:16 -0800
39712,10/01/2020 09:21:32 +0530
39628,09/01/2020 21:54:14 -0500
39711,09/01/2020 18:31:43 -0800
39711,09/01/2020 18:16:26 -0800
39638,09/01/2020 17:50:29 -0800
39755,09/01/2020 22:34:28 +0000
39706,09/01/2020 21:32:50 +0000
39742,09/01/2020 12:39:52 -0800
39742,09/01/2020 12:39:52 -0800
39742,09/01/2020 12:36:43 -0800
39742,09/01/2020 12:36:43 -0800
39750,09/01/2020 12:16:47 -0800
39752,09/01/2020 12:08:11 -0800
39589,09/01/2020 12:05:40 -0800
39747,09/01/2020 20:59:47 +0100
39747,09/01/2020 20:37:02 +0100
39768,09/01/2020 20:12:44 +0100
39749,09/01/2020 20:50:44 +0200
39768,09/01/2020 18:35:53 +0100
39762,09/01/2020 16:56:41 +0200
39762,09/01/2020 16:44:02 +0200
39755,09/01/2020 14:23:50 +0000
39755,09/01/2020 14:18:34 +0000
37334,09/01/2020 13:07:06 +0100
38965,09/01/2020 13:06:48 +0100
39764,08/01/2020 16:39:32 -0800
39763,08/01/2020 14:46:17 -0800
39762,08/01/2020 22:26:59 +0200
39690,08/01/2020 12:18:18 -0800
39744,08/01/2020 11:42:31 -0800
39589,08/01/2020 11:32:33 -0800
39742,08/01/2020 11:09:36 -0800
39742,08/01/2020 11:09:36 -0800
39762,08/01/2020 19:10:25 +0200
39747,08/01/2020 18:06:07 +0100
39755,08/01/2020 15:03:30 +0000
39686,08/01/2020 14:30:39 +0000
39501,08/01/2020 23:05:27 +0900
39686,08/01/2020 14:01:31 +0000
39686,08/01/2020 14:01:16 +0000
39686,08/01/2020 13:37:08 +0000
39686,08/01/2020 12:58:49 +0000
39686,08/01/2020 12:48:25 +0000
39686,08/01/2020 12:11:22 +0000
39686,08/01/2020 12:06:10 +0000
39742,08/01/2020 02:08:00 -0800
39742,08/01/2020 02:08:00 -0800
39742,08/01/2020 01:30:07 -0800
39742,08/01/2020 01:30:07 -0800
39742,08/01/2020 01:14:27 -0800
39742,08/01/2020 01:14:27 -0800
39742,08/01/2020 01:13:00 -0800
39742,08/01/2020 01:13:00 -0800
39742,08/01/2020 00:42:33 -0800
39742,08/01/2020 00:42:33 -0800
39742,07/01/2020 23:56:49 -0800
39742,07/01/2020 23:56:49 -0800
39752,07/01/2020 16:48:13 -0800
39763,07/01/2020 16:29:34 -0800
39687,07/01/2020 15:19:50 -0800
39753,07/01/2020 14:32:31 -0800
39755,07/01/2020 14:40:17 +0000
39755,07/01/2020 10:10:48 +0000
39768,07/01/2020 06:33:57 +0100
39768,07/01/2020 06:26:47 +0100
39756,06/01/2020 23:09:56 -0500
39742,06/01/2020 19:12:38 -0800
39638,06/01/2020 17:27:29 -0800
39742,06/01/2020 15:06:52 -0800
39597,06/01/2020 23:12:19 +0100
39704,06/01/2020 14:48:27 -0600
39698,06/01/2020 10:37:49 +0800
39766,05/01/2020 21:33:30 +0100
39757,04/01/2020 17:11:48 -0500
39698,04/01/2020 22:20:46 +0800
39765,04/01/2020 13:39:09 +0330
39698,04/01/2020 11:30:14 +0800
39589,03/01/2020 15:30:40 -0800
39768,03/01/2020 20:22:03 +0200
39698,03/01/2020 18:32:30 +0800
39501,03/01/2020 14:28:06 +0900
39501,03/01/2020 14:21:17 +0900
39742,02/01/2020 19:05:47 -0800
39742,02/01/2020 19:05:47 -0800
39589,02/01/2020 10:35:30 -0800
39764,02/01/2020 09:49:18 -0800
39501,02/01/2020 22:59:20 +0900
39767,02/01/2020 16:58:35 +0530
39501,02/01/2020 15:48:30 +0900
