397430,31/12/2020 13:34:55 -0800
395612,31/12/2020 13:20:31 -0800
398405,31/12/2020 13:18:31 -0800
398434,31/12/2020 13:13:02 -0800
395578,30/12/2020 17:25:46 -0800
397097,30/12/2020 13:57:44 -0600
398349,30/12/2020 09:57:15 -0800
397593,30/12/2020 13:14:31 +0000
397645,30/12/2020 07:56:34 +0000
397645,30/12/2020 07:52:34 +0000
396937,30/12/2020 16:37:23 +0900
398349,30/12/2020 16:15:41 +0900
397593,30/12/2020 06:06:17 +0000
398405,30/12/2020 05:28:01 +0000
398045,30/12/2020 14:06:34 +0900
398349,30/12/2020 10:20:54 +0900
397645,29/12/2020 12:26:25 -0800
398418,29/12/2020 14:35:01 +0000
397645,29/12/2020 14:30:37 +0000
398405,29/12/2020 23:26:27 +0900
398418,29/12/2020 13:34:43 +0000
395764,29/12/2020 13:33:06 +0000
397645,29/12/2020 13:29:48 +0000
397097,29/12/2020 21:42:00 +0900
398349,29/12/2020 21:37:17 +0900
398343,29/12/2020 20:51:57 +0900
398434,29/12/2020 07:35:45 +0000
398418,29/12/2020 07:09:11 +0000
397645,29/12/2020 06:49:26 +0000
398401,28/12/2020 16:58:42 -0800
398429,28/12/2020 16:44:57 -0800
398343,28/12/2020 16:33:01 -0800
397645,28/12/2020 09:07:21 +0000
398405,28/12/2020 08:23:01 +0000
398434,28/12/2020 00:03:45 -0800
398349,28/12/2020 16:52:56 +0900
397645,28/12/2020 07:03:29 +0000
398405,28/12/2020 16:00:24 +0900
395612,28/12/2020 06:48:27 +0000
397097,28/12/2020 15:29:09 +0900
398395,28/12/2020 05:45:40 +0000
397097,28/12/2020 14:07:50 +0900
398312,28/12/2020 09:52:42 +0900
397645,27/12/2020 17:57:42 +0900
397097,26/12/2020 17:40:19 -0600
395619,26/12/2020 16:30:50 +0900
398405,25/12/2020 09:07:48 +0900
398355,24/12/2020 14:44:16 -0800
395764,24/12/2020 14:30:34 -0800
397379,25/12/2020 00:54:26 +0900
398427,24/12/2020 08:56:02 +0000
397645,24/12/2020 08:54:53 +0000
397593,24/12/2020 08:13:48 +0000
398418,24/12/2020 08:10:28 +0000
398427,24/12/2020 07:40:38 +0000
398395,24/12/2020 05:21:39 +0000
396773,24/12/2020 12:44:37 +0900
395631,23/12/2020 20:01:53 -0600
398427,23/12/2020 15:38:32 -0800
398343,23/12/2020 15:31:56 -0800
397560,23/12/2020 14:48:01 -0800
396080,23/12/2020 12:42:18 -0600
398343,23/12/2020 23:43:21 +0900
398418,23/12/2020 14:35:46 +0000
397645,23/12/2020 14:34:01 +0000
397645,23/12/2020 12:19:07 +0000
395640,23/12/2020 09:20:49 +0000
397645,23/12/2020 09:09:48 +0000
398401,23/12/2020 18:04:28 +0900
398427,23/12/2020 16:14:27 +0900
395764,22/12/2020 22:43:03 -0800
398343,22/12/2020 21:59:53 -0800
398355,23/12/2020 13:50:05 +0900
398427,22/12/2020 19:46:37 -0800
398429,23/12/2020 11:47:13 +0900
396116,22/12/2020 09:55:33 -0800
398232,23/12/2020 00:22:42 +0900
398427,22/12/2020 14:24:12 +0000
397645,22/12/2020 12:37:16 +0000
395653,22/12/2020 17:55:16 +0900
396922,22/12/2020 08:29:22 +0000
396922,22/12/2020 08:23:56 +0000
395764,22/12/2020 15:10:46 +0900
397097,21/12/2020 20:24:23 -0800
398343,21/12/2020 19:48:58 -0800
398427,22/12/2020 03:07:26 +0000
398405,22/12/2020 11:37:59 +0900
398343,21/12/2020 16:35:04 -0800
395662,21/12/2020 14:17:09 -0800
398401,22/12/2020 06:27:27 +0900
398401,21/12/2020 11:11:25 -0800
398418,21/12/2020 10:25:23 -0800
397645,21/12/2020 14:06:31 +0000
398355,21/12/2020 04:24:04 -0800
398418,21/12/2020 04:15:29 -0800
398429,21/12/2020 20:59:33 +0900
397645,21/12/2020 03:37:30 -0800
398280,21/12/2020 03:29:00 -0800
395672,21/12/2020 19:42:59 +0900
397645,21/12/2020 08:34:12 +0000
398395,21/12/2020 04:58:56 +0000
398280,20/12/2020 17:38:47 -0800
398280,21/12/2020 09:40:42 +0900
395677,20/12/2020 08:51:17 -0600
398395,19/12/2020 14:37:15 -0800
397302,19/12/2020 14:19:44 -0800
398280,19/12/2020 14:10:20 -0800
395681,19/12/2020 14:53:40 -0600
398395,19/12/2020 08:32:58 -0800
398427,19/12/2020 08:00:09 -0800
397825,19/12/2020 06:59:44 -0800
398410,19/12/2020 08:43:48 -0600
398429,19/12/2020 14:35:28 +0900
395687,18/12/2020 13:26:19 -0800
398427,18/12/2020 11:23:38 -0800
397593,18/12/2020 14:12:35 +0000
397593,18/12/2020 13:47:31 +0000
398418,18/12/2020 13:20:58 +0000
395764,18/12/2020 20:27:16 +0900
398405,18/12/2020 00:01:13 -0800
398280,18/12/2020 15:10:13 +0900
398405,18/12/2020 14:24:53 +0900
398395,18/12/2020 04:30:15 +0000
398278,17/12/2020 19:09:57 -0800
398349,18/12/2020 10:48:51 +0900
398401,18/12/2020 10:03:07 +0900
398355,17/12/2020 16:16:05 -0800
398434,17/12/2020 09:28:17 -0800
395789,17/12/2020 08:56:45 -0600
398434,17/12/2020 08:52:09 -0600
397448,17/12/2020 17:20:45 +0900
397825,17/12/2020 15:51:04 +0900
397825,17/12/2020 15:49:40 +0900
396708,17/12/2020 05:47:44 +0000
398395,17/12/2020 05:25:51 +0000
397379,17/12/2020 11:36:31 +0900
397097,16/12/2020 15:06:25 -0800
398395,16/12/2020 14:13:02 -0800
398427,16/12/2020 14:09:28 -0800
398401,16/12/2020 08:34:22 -0800
398395,16/12/2020 15:56:50 +0000
398401,16/12/2020 23:42:34 +0900
398427,16/12/2020 14:36:38 +0000
397645,16/12/2020 13:49:49 +0000
398401,16/12/2020 13:42:30 +0000
398401,16/12/2020 17:20:03 +0900
398401,16/12/2020 00:10:13 -0800
398395,16/12/2020 05:45:44 +0000
398395,16/12/2020 05:37:56 +0000
395723,16/12/2020 11:26:54 +0900
398384,16/12/2020 10:07:35 +0900
397645,16/12/2020 10:03:48 +0900
395726,15/12/2020 14:00:38 -0800
396922,15/12/2020 13:50:58 -0800
398429,15/12/2020 14:16:43 +0000
398002,15/12/2020 13:46:58 +0000
397593,15/12/2020 19:20:01 +0900
395731,15/12/2020 18:55:48 +0900
398429,15/12/2020 18:29:28 +0900
397645,15/12/2020 05:36:57 +0000
398395,15/12/2020 05:23:39 +0000
398401,15/12/2020 08:56:45 +0900
396274,14/12/2020 15:18:50 -0800
397645,14/12/2020 14:28:47 -0800
398418,14/12/2020 13:34:23 -0800
398045,14/12/2020 12:05:28 -0800
396922,14/12/2020 11:39:42 -0800
396922,14/12/2020 10:54:18 -0800
395764,14/12/2020 14:35:24 +0000
398405,14/12/2020 14:32:08 +0000
398045,14/12/2020 02:09:59 -0800
397097,14/12/2020 17:51:40 +0800
398395,14/12/2020 08:39:01 +0000
396566,14/12/2020 08:31:50 +0000
396814,14/12/2020 08:27:18 +0000
397645,14/12/2020 08:16:33 +0000
397645,14/12/2020 15:56:46 +0900
398427,14/12/2020 05:14:38 +0000
398280,13/12/2020 17:27:39 -0800
398384,14/12/2020 10:22:37 +0900
398355,13/12/2020 15:04:23 -0800
398349,13/12/2020 14:57:09 -0800
398418,13/12/2020 14:52:26 -0800
398418,13/12/2020 14:40:55 -0800
395793,13/12/2020 14:36:54 -0800
395759,13/12/2020 22:00:05 +0900
398401,13/12/2020 10:41:47 +0900
396274,11/12/2020 14:43:51 -0800
398280,12/12/2020 00:54:40 +0900
398280,12/12/2020 00:53:31 +0900
395764,12/12/2020 00:52:33 +0900
397645,11/12/2020 12:48:40 +0000
398395,11/12/2020 12:39:58 +0000
398280,11/12/2020 01:53:41 -0800
398280,11/12/2020 01:52:13 -0800
407291,11/12/2020 06:49:45 +0000
397825,10/12/2020 22:32:23 -0800
397593,11/12/2020 05:52:33 +0000
398312,11/12/2020 14:41:15 +0900
398401,11/12/2020 14:15:56 +0900
397825,10/12/2020 19:15:01 -0800
397645,10/12/2020 17:49:56 -0800
398427,10/12/2020 16:32:24 -0800
396566,10/12/2020 09:14:07 +0000
397593,10/12/2020 08:38:24 +0000
398280,09/12/2020 22:04:09 -0800
398395,10/12/2020 05:18:34 +0000
397645,10/12/2020 04:54:52 +0000
398045,09/12/2020 20:42:10 -0800
398045,10/12/2020 11:35:55 +0900
398349,09/12/2020 14:26:53 -0800
396922,09/12/2020 11:42:54 -0800
398401,09/12/2020 20:26:18 +0900
398384,09/12/2020 19:47:20 +0900
395788,09/12/2020 18:35:24 +0900
395789,09/12/2020 01:21:13 -0600
398427,09/12/2020 06:44:10 +0000
398395,09/12/2020 05:06:37 +0000
397454,09/12/2020 11:18:09 +0800
395793,08/12/2020 12:11:06 -0800
398429,08/12/2020 11:41:35 -0800
397825,08/12/2020 10:43:41 -0800
407291,08/12/2020 08:57:13 -0600
398395,08/12/2020 14:07:58 +0000
397645,08/12/2020 12:08:22 +0000
396145,08/12/2020 20:45:25 +0900
397825,07/12/2020 23:10:35 -0800
397825,08/12/2020 14:11:39 +0900
398395,08/12/2020 03:54:16 +0000
398280,07/12/2020 19:09:59 -0800
396050,08/12/2020 11:04:29 +0800
397825,07/12/2020 18:59:15 -0800
396930,08/12/2020 09:35:36 +0800
396922,07/12/2020 15:32:10 -0800
398429,07/12/2020 13:35:37 -0800
398429,07/12/2020 10:50:31 -0800
407291,07/12/2020 08:40:29 -0600
398427,07/12/2020 13:40:15 +0000
396566,07/12/2020 13:25:43 +0000
398418,07/12/2020 21:36:52 +0900
397645,07/12/2020 08:14:36 +0000
397645,06/12/2020 23:22:52 -0800
398280,06/12/2020 23:02:36 -0800
397825,06/12/2020 19:34:54 -0800
398280,06/12/2020 17:57:19 -0800
397645,07/12/2020 10:21:04 +0900
397825,07/12/2020 10:05:28 +0900
398395,07/12/2020 09:48:16 +0900
398224,06/12/2020 22:36:34 +0800
397645,06/12/2020 02:56:08 -0800
398401,06/12/2020 01:22:24 -0800
396274,06/12/2020 01:14:22 -0800
397789,05/12/2020 23:04:55 -0800
398395,06/12/2020 12:03:14 +0900
398429,04/12/2020 16:48:31 -0800
396708,04/12/2020 15:15:19 -0800
397825,04/12/2020 15:04:18 -0800
397825,04/12/2020 14:10:42 -0800
395832,05/12/2020 06:51:54 +0900
398429,04/12/2020 14:01:15 +0000
398401,04/12/2020 19:37:03 +0900
398432,04/12/2020 19:33:11 +0900
398280,04/12/2020 00:12:04 -0800
398280,03/12/2020 23:47:43 -0800
396773,04/12/2020 16:45:55 +0900
397645,04/12/2020 16:26:07 +0900
398384,04/12/2020 16:24:41 +0900
398415,04/12/2020 07:23:35 +0000
396566,04/12/2020 06:48:49 +0000
398415,04/12/2020 05:43:05 +0000
398384,04/12/2020 10:58:41 +0800
397645,03/12/2020 16:43:15 -0800
397454,04/12/2020 08:35:50 +0800
398429,03/12/2020 09:22:53 -0800
396922,03/12/2020 09:12:30 -0800
398312,04/12/2020 01:37:44 +0900
398429,03/12/2020 15:24:44 +0000
396145,03/12/2020 14:58:56 +0000
398384,03/12/2020 14:04:08 +0000
398349,03/12/2020 14:34:44 +0900
398349,03/12/2020 10:57:14 +0900
396773,02/12/2020 17:36:25 -0800
396050,03/12/2020 09:31:46 +0800
398184,02/12/2020 17:11:51 -0800
397825,03/12/2020 09:34:42 +0900
397097,02/12/2020 12:58:41 -0800
398384,02/12/2020 12:44:39 -0800
398434,02/12/2020 17:51:22 +0000
397789,02/12/2020 08:43:30 -0800
396814,02/12/2020 16:10:45 +0000
398401,02/12/2020 16:03:08 +0000
396269,02/12/2020 09:24:19 -0600
397097,02/12/2020 18:41:49 +0900
397825,02/12/2020 18:23:48 +0900
396886,02/12/2020 15:28:16 +0900
396886,02/12/2020 10:17:00 +0900
398378,02/12/2020 09:50:02 +0900
398336,01/12/2020 10:44:14 -0800
398384,02/12/2020 01:36:41 +0800
396922,01/12/2020 09:27:46 -0800
396922,01/12/2020 14:11:01 +0000
398002,01/12/2020 21:13:27 +0900
397593,01/12/2020 11:48:30 +0000
398415,01/12/2020 11:38:42 +0000
398312,01/12/2020 20:34:00 +0900
396154,01/12/2020 11:07:16 +0000
398432,01/12/2020 14:42:48 +0900
398401,01/12/2020 13:43:02 +0900
398432,01/12/2020 13:11:14 +0900
398280,01/12/2020 11:45:32 +0900
397454,01/12/2020 09:36:42 +0800
398351,01/12/2020 10:34:40 +0900
397454,01/12/2020 09:52:19 +0900
398432,01/12/2020 06:44:15 +0900
397825,30/11/2020 13:29:50 -0800
396116,30/11/2020 14:40:51 -0600
397645,30/11/2020 16:40:36 +0000
397645,30/11/2020 14:05:49 +0000
397645,30/11/2020 13:45:53 +0000
396011,30/11/2020 19:31:42 +0900
398429,30/11/2020 09:23:05 +0000
397593,30/11/2020 17:04:38 +0900
396814,30/11/2020 15:36:26 +0900
398395,30/11/2020 05:37:10 +0000
398427,30/11/2020 05:23:23 +0000
407291,30/11/2020 13:59:51 +0900
396274,30/11/2020 04:50:50 +0000
398418,30/11/2020 11:24:15 +0900
398418,30/11/2020 11:21:02 +0900
395972,30/11/2020 10:03:18 +0900
397645,29/11/2020 12:18:07 -0800
397645,29/11/2020 12:10:16 -0800
398170,29/11/2020 11:56:48 -0800
398175,29/11/2020 11:24:58 -0800
398418,29/11/2020 09:36:55 +0800
397645,28/11/2020 16:58:40 -0800
398349,28/11/2020 12:47:47 -0800
398280,28/11/2020 23:38:11 +0900
407291,27/11/2020 10:22:45 -0600
396145,27/11/2020 13:32:25 +0000
396814,27/11/2020 13:24:11 +0000
397593,27/11/2020 10:27:08 +0000
398395,27/11/2020 10:16:56 +0000
398395,27/11/2020 07:08:24 +0000
397097,27/11/2020 15:47:39 +0900
398336,27/11/2020 11:00:09 +0900
397530,25/11/2020 19:32:22 -0800
398401,26/11/2020 11:42:12 +0900
398384,26/11/2020 10:19:38 +0900
398349,25/11/2020 15:22:47 -0800
398364,25/11/2020 15:15:50 -0800
398418,25/11/2020 12:37:59 -0800
397825,25/11/2020 09:57:46 -0800
398349,25/11/2020 08:55:39 -0800
398384,25/11/2020 23:15:52 +0800
396978,25/11/2020 15:09:02 +0000
395930,25/11/2020 12:50:21 +0000
397645,25/11/2020 12:41:53 +0000
398384,25/11/2020 08:59:31 +0000
398418,25/11/2020 16:38:55 +0900
398280,24/11/2020 20:18:45 -0800
398432,25/11/2020 13:12:20 +0900
398395,25/11/2020 03:04:04 +0000
398429,25/11/2020 02:02:32 +0000
398336,25/11/2020 10:24:41 +0900
398336,25/11/2020 09:27:04 +0900
398312,25/11/2020 07:38:45 +0900
397097,24/11/2020 09:50:10 -0800
398395,24/11/2020 11:06:39 +0000
397645,24/11/2020 08:04:21 +0000
398349,24/11/2020 13:30:06 +0900
397825,23/11/2020 19:35:58 -0800
397825,23/11/2020 16:28:43 -0800
398384,24/11/2020 09:27:44 +0900
395948,23/11/2020 15:16:20 -0600
397593,23/11/2020 14:54:44 +0000
397645,23/11/2020 09:00:41 +0000
398395,23/11/2020 08:54:00 +0000
398224,23/11/2020 17:43:58 +0900
397302,22/11/2020 22:56:59 -0800
398312,23/11/2020 15:19:34 +0900
398349,23/11/2020 10:42:28 +0900
397302,23/11/2020 10:38:40 +0900
397825,22/11/2020 16:40:54 -0800
398346,22/11/2020 15:36:44 -0800
395959,23/11/2020 08:30:41 +0900
398405,22/11/2020 10:29:15 -0800
395961,21/11/2020 08:39:16 -0800
397825,20/11/2020 19:01:58 -0800
396274,20/11/2020 18:45:17 -0800
397645,20/11/2020 18:41:25 -0800
398432,21/11/2020 10:27:00 +0900
395966,21/11/2020 08:33:39 +0900
396274,20/11/2020 14:59:56 -0800
398415,20/11/2020 10:14:37 -0800
396050,20/11/2020 11:35:34 -0600
398405,20/11/2020 08:40:14 -0800
398346,20/11/2020 13:23:08 +0000
395972,20/11/2020 22:19:35 +0900
397645,20/11/2020 12:53:45 +0000
397097,20/11/2020 21:27:41 +0900
396857,20/11/2020 06:00:30 -0600
398401,20/11/2020 13:14:20 +0900
398312,19/11/2020 13:36:45 -0800
396274,19/11/2020 12:42:33 -0800
397593,19/11/2020 16:56:21 +0000
398346,19/11/2020 13:31:10 +0000
396708,19/11/2020 13:29:01 +0000
396708,19/11/2020 00:12:22 -0800
397825,18/11/2020 23:59:11 -0800
398002,19/11/2020 06:25:37 +0000
398418,19/11/2020 14:01:42 +0800
397097,19/11/2020 14:20:39 +0900
396978,18/11/2020 19:18:28 -0800
398349,18/11/2020 18:58:06 -0800
398349,18/11/2020 18:35:11 -0800
398384,19/11/2020 11:20:18 +0900
398336,19/11/2020 09:52:29 +0900
398384,19/11/2020 09:23:36 +0900
398401,18/11/2020 15:13:43 -0800
396978,18/11/2020 14:07:51 -0800
396274,18/11/2020 12:39:00 -0800
395996,18/11/2020 10:42:46 -0800
397825,18/11/2020 08:04:14 -0800
398410,18/11/2020 23:02:31 +0800
398384,18/11/2020 22:09:40 +0800
398355,18/11/2020 21:20:28 +0900
398351,18/11/2020 21:18:19 +0900
398405,17/11/2020 20:52:58 -0600
398349,18/11/2020 11:32:27 +0900
396004,17/11/2020 13:41:58 -0800
397789,17/11/2020 08:47:04 -0800
398349,17/11/2020 14:29:37 +0000
398418,17/11/2020 13:47:01 +0000
398401,17/11/2020 14:15:31 +0900
396886,17/11/2020 11:18:42 +0900
398002,17/11/2020 10:35:43 +0900
396011,16/11/2020 16:54:08 -0800
396814,16/11/2020 16:14:31 +0000
397645,16/11/2020 16:11:42 +0000
396145,16/11/2020 15:27:18 +0000
396814,16/11/2020 11:57:50 +0000
397645,16/11/2020 17:57:20 +0900
398349,16/11/2020 17:53:31 +0900
397789,16/11/2020 00:02:18 -0800
398418,16/11/2020 07:18:13 +0000
397645,16/11/2020 07:08:21 +0000
398349,16/11/2020 15:47:35 +0900
397825,16/11/2020 15:06:51 +0900
398418,16/11/2020 11:28:52 +0800
396534,16/11/2020 10:44:57 +0900
396025,16/11/2020 10:32:00 +0900
398336,16/11/2020 10:21:50 +0900
396030,15/11/2020 16:56:35 -0800
398349,14/11/2020 19:02:36 -0800
396145,14/11/2020 13:37:12 -0800
396030,14/11/2020 20:54:17 +0800
398349,13/11/2020 15:10:02 -0800
396080,13/11/2020 16:16:23 -0600
397635,13/11/2020 16:04:13 -0600
396814,13/11/2020 13:35:45 +0000
397593,13/11/2020 16:51:06 +0800
398427,13/11/2020 06:58:16 +0000
398346,13/11/2020 15:57:07 +0900
397825,12/11/2020 21:19:51 -0800
397645,13/11/2020 05:15:13 +0000
398349,12/11/2020 15:31:57 -0800
396274,12/11/2020 15:22:56 -0800
396042,13/11/2020 01:10:28 +0900
397593,12/11/2020 14:59:22 +0000
398346,12/11/2020 20:26:33 +0900
398410,12/11/2020 19:14:07 +0800
398427,12/11/2020 18:53:06 +0900
396814,12/11/2020 08:50:32 +0000
397825,12/11/2020 15:36:31 +0900
396773,12/11/2020 12:22:25 +0900
396050,12/11/2020 11:32:12 +0900
398402,12/11/2020 10:20:33 +0800
407291,12/11/2020 08:29:22 +0900
397381,11/11/2020 14:27:48 -0800
397645,11/11/2020 08:50:43 -0800
398336,12/11/2020 00:13:17 +0900
397004,11/11/2020 09:30:42 +0000
398429,11/11/2020 16:13:21 +0900
398355,11/11/2020 15:24:05 +0900
398395,11/11/2020 05:54:27 +0000
397645,11/11/2020 05:26:46 +0000
398346,11/11/2020 11:39:11 +0900
396062,11/11/2020 09:28:59 +0900
398349,10/11/2020 16:17:00 -0800
398336,10/11/2020 09:17:00 -0800
396274,10/11/2020 15:41:04 +0000
398405,10/11/2020 14:40:24 +0000
396274,10/11/2020 14:37:42 +0000
396068,10/11/2020 19:39:18 +0900
396814,10/11/2020 07:23:47 +0000
396773,10/11/2020 05:46:45 +0000
398395,10/11/2020 05:28:06 +0000
398384,10/11/2020 04:43:32 +0000
396274,09/11/2020 19:07:16 -0800
398312,10/11/2020 11:22:35 +0900
396269,10/11/2020 11:12:19 +0900
398343,10/11/2020 11:08:55 +0900
398427,10/11/2020 10:15:55 +0900
398336,10/11/2020 09:33:48 +0900
396079,09/11/2020 14:33:27 -0800
396080,09/11/2020 11:00:52 -0600
398359,09/11/2020 19:27:36 +0900
396566,09/11/2020 09:44:58 +0000
398418,09/11/2020 09:20:31 +0000
398418,09/11/2020 08:32:51 +0000
398429,09/11/2020 08:08:00 +0000
398415,09/11/2020 07:02:14 +0000
398343,08/11/2020 22:43:27 -0800
398349,08/11/2020 18:44:26 -0800
397097,08/11/2020 12:51:48 -0600
396090,08/11/2020 20:29:24 +0900
398401,06/11/2020 15:05:37 -0800
397097,07/11/2020 06:43:27 +0900
396093,06/11/2020 13:12:35 -0800
396094,06/11/2020 16:53:10 +0900
398395,05/11/2020 22:00:45 -0800
397789,06/11/2020 05:46:38 +0000
396269,06/11/2020 13:45:02 +0800
398429,06/11/2020 05:20:25 +0000
398343,06/11/2020 12:46:26 +0900
397302,05/11/2020 17:37:44 -0800
398429,05/11/2020 15:44:04 -0800
396116,05/11/2020 12:38:42 -0600
396274,05/11/2020 10:09:28 -0800
398280,05/11/2020 09:29:53 -0800
398429,05/11/2020 09:23:41 -0800
398432,05/11/2020 18:21:17 +0900
396107,05/11/2020 16:22:31 +0900
398401,05/11/2020 16:15:17 +0900
396109,05/11/2020 16:10:52 +0900
396110,05/11/2020 12:27:20 +0800
397452,05/11/2020 11:50:11 +0900
398280,04/11/2020 15:05:35 -0800
398287,04/11/2020 16:48:55 -0600
398343,04/11/2020 08:35:10 -0800
398280,04/11/2020 17:39:06 +0900
396116,04/11/2020 06:51:54 +0000
398395,04/11/2020 06:50:37 +0000
398346,04/11/2020 05:01:39 +0000
398429,04/11/2020 12:30:38 +0800
396274,03/11/2020 14:53:01 -0800
396269,03/11/2020 08:49:52 -0600
398336,03/11/2020 22:50:59 +0900
398343,02/11/2020 22:23:26 -0800
398401,03/11/2020 10:00:49 +0900
397645,02/11/2020 10:10:24 -0800
397645,02/11/2020 10:07:18 -0800
398418,02/11/2020 08:34:50 -0800
396886,02/11/2020 06:44:07 +0000
397789,02/11/2020 05:03:41 +0000
398336,02/11/2020 08:54:08 +0900
398384,01/11/2020 23:57:57 +0800
397560,01/11/2020 20:28:12 +0900
396133,01/11/2020 19:09:12 +0900
398023,31/10/2020 15:14:46 -0700
396274,31/10/2020 10:01:31 -0700
396274,31/10/2020 09:49:18 -0700
398378,30/10/2020 17:16:53 -0500
398045,30/10/2020 11:26:30 -0700
396139,30/10/2020 11:14:42 -0700
398401,30/10/2020 17:53:30 +0900
398346,30/10/2020 08:18:10 +0000
398405,30/10/2020 14:11:25 +0900
397645,30/10/2020 11:18:47 +0900
398343,29/10/2020 19:10:01 -0700
396145,29/10/2020 16:44:17 +0000
397097,29/10/2020 08:00:23 -0700
398349,29/10/2020 07:44:44 -0700
397645,29/10/2020 21:02:10 +0900
397645,29/10/2020 10:30:41 +0900
396150,29/10/2020 10:28:50 +0900
398429,29/10/2020 07:37:16 +0900
398432,28/10/2020 10:00:29 -0700
398355,28/10/2020 08:33:02 -0700
396154,28/10/2020 13:17:28 +0000
398384,28/10/2020 21:32:09 +0900
397593,28/10/2020 06:40:23 +0000
396708,28/10/2020 05:51:47 +0000
398395,28/10/2020 05:44:55 +0000
398432,28/10/2020 03:31:11 +0000
398355,28/10/2020 11:21:35 +0900
398336,28/10/2020 09:46:13 +0900
396162,28/10/2020 08:36:14 +0900
396477,27/10/2020 13:20:22 -0700
398045,27/10/2020 11:54:08 -0700
398415,27/10/2020 15:04:53 +0000
396479,27/10/2020 22:53:05 +0900
396814,27/10/2020 12:40:57 +0000
397430,27/10/2020 14:28:20 +0900
398401,27/10/2020 14:03:57 +0900
398336,27/10/2020 11:05:53 +0900
398401,27/10/2020 09:52:09 +0900
398405,27/10/2020 09:25:53 +0900
398343,26/10/2020 15:29:12 -0700
397381,26/10/2020 12:31:05 -0700
396269,26/10/2020 20:41:56 +0800
396886,26/10/2020 20:23:24 +0900
398343,26/10/2020 01:50:23 -0700
396338,26/10/2020 16:19:06 +0900
396886,26/10/2020 13:33:06 +0900
398401,26/10/2020 11:38:48 +0900
398405,26/10/2020 11:20:29 +0900
396182,25/10/2020 17:06:06 -0700
398355,25/10/2020 16:15:55 -0700
398432,24/10/2020 15:36:41 -0700
396185,24/10/2020 09:55:57 -0700
398336,24/10/2020 10:00:04 +0900
398427,23/10/2020 13:34:33 -0700
398401,23/10/2020 19:19:02 +0900
398343,22/10/2020 22:53:24 -0700
398427,23/10/2020 05:52:38 +0000
398434,23/10/2020 13:58:44 +0900
398349,23/10/2020 13:35:46 +0900
396193,22/10/2020 16:35:55 -0700
397645,22/10/2020 15:57:03 +0000
397097,22/10/2020 14:01:07 +0000
398405,22/10/2020 13:53:01 +0000
397789,22/10/2020 13:51:42 +0000
396198,22/10/2020 17:23:10 +0900
398343,22/10/2020 01:10:24 -0700
397593,22/10/2020 07:59:49 +0000
396274,22/10/2020 03:21:34 +0000
397645,22/10/2020 03:04:29 +0000
396203,21/10/2020 18:14:21 -0700
397645,22/10/2020 10:03:41 +0900
398401,21/10/2020 14:46:47 -0700
398343,21/10/2020 14:37:56 -0700
398355,21/10/2020 13:04:39 -0700
398410,21/10/2020 08:49:25 -0500
398427,21/10/2020 15:51:16 +0900
398351,21/10/2020 09:13:33 +0900
398343,20/10/2020 15:02:36 -0700
398343,20/10/2020 14:55:08 -0700
396233,21/10/2020 00:36:45 +0900
398401,21/10/2020 00:31:58 +0900
398401,20/10/2020 17:35:09 +0900
398312,20/10/2020 15:14:38 +0900
397645,20/10/2020 14:58:59 +0900
396218,20/10/2020 11:13:16 +0900
396219,20/10/2020 10:23:58 +0900
396930,19/10/2020 12:50:01 -0700
398349,19/10/2020 10:35:34 -0700
397645,19/10/2020 17:47:49 +0900
398401,19/10/2020 17:13:47 +0900
396814,19/10/2020 16:40:48 +0900
397302,19/10/2020 15:54:52 +0900
397302,19/10/2020 14:13:37 +0900
398405,18/10/2020 19:02:21 -0700
396479,19/10/2020 09:50:59 +0900
398343,18/10/2020 09:59:50 -0700
398401,18/10/2020 09:24:44 -0700
397825,18/10/2020 09:21:07 -0700
396233,18/10/2020 17:13:55 +0900
396233,18/10/2020 16:47:04 +0900
398349,17/10/2020 21:02:25 -0700
398349,16/10/2020 22:18:12 -0700
398343,16/10/2020 21:23:21 -0700
396311,16/10/2020 16:32:09 -0700
398349,16/10/2020 14:48:14 -0700
398045,16/10/2020 14:47:46 -0700
397645,16/10/2020 14:27:27 -0700
397825,16/10/2020 12:52:45 -0700
398427,16/10/2020 09:37:54 -0700
396269,16/10/2020 23:13:22 +0800
398346,16/10/2020 11:26:27 +0000
397593,16/10/2020 11:11:57 +0000
396814,16/10/2020 06:05:17 +0000
398401,16/10/2020 13:50:57 +0900
396248,15/10/2020 22:12:41 -0500
398355,16/10/2020 11:39:09 +0900
398415,16/10/2020 11:04:35 +0900
397645,16/10/2020 10:28:15 +0900
397825,15/10/2020 17:58:58 -0700
396944,15/10/2020 17:24:22 -0700
396311,15/10/2020 14:49:43 -0500
398349,15/10/2020 12:38:10 -0700
396256,15/10/2020 12:34:52 -0500
398401,15/10/2020 09:08:14 -0700
398415,15/10/2020 15:33:23 +0000
398280,15/10/2020 20:51:20 +0900
398343,15/10/2020 02:24:49 -0700
398343,15/10/2020 01:51:01 -0700
397765,15/10/2020 05:53:32 +0000
398343,14/10/2020 20:48:13 -0700
397768,15/10/2020 11:59:29 +0900
398429,14/10/2020 16:17:28 +0000
398432,14/10/2020 08:30:03 -0700
396267,14/10/2020 08:48:55 -0500
397645,14/10/2020 12:13:54 +0900
396269,13/10/2020 09:29:05 -0700
397789,13/10/2020 09:21:06 -0700
396814,13/10/2020 13:21:45 +0000
397593,13/10/2020 13:12:17 +0000
398415,13/10/2020 12:57:54 +0000
396274,13/10/2020 12:44:20 +0000
396311,13/10/2020 21:37:26 +0900
396479,13/10/2020 20:11:04 +0900
398418,13/10/2020 17:41:55 +0900
398410,13/10/2020 13:09:40 +0800
396279,12/10/2020 14:18:34 -0700
396814,12/10/2020 14:48:40 +0000
398410,12/10/2020 09:01:03 -0500
398355,12/10/2020 22:54:31 +0900
398349,12/10/2020 16:54:21 +0900
398343,12/10/2020 00:27:53 -0700
398418,11/10/2020 21:54:56 -0700
398312,12/10/2020 12:24:54 +0900
397302,11/10/2020 20:05:40 -0700
396311,11/10/2020 18:51:00 -0700
398336,12/10/2020 10:29:28 +0900
398418,10/10/2020 16:41:42 -0700
398045,10/10/2020 16:24:50 -0700
397825,09/10/2020 22:35:12 -0700
398312,10/10/2020 13:53:09 +0900
398336,10/10/2020 13:48:26 +0900
398401,09/10/2020 03:04:26 -0700
398432,09/10/2020 03:01:54 -0700
398343,09/10/2020 02:50:38 -0700
397645,09/10/2020 02:37:47 -0700
398336,09/10/2020 09:50:45 +0900
398346,09/10/2020 09:25:22 +0900
397645,08/10/2020 11:59:30 -0700
398343,08/10/2020 11:50:53 -0700
396303,08/10/2020 07:52:00 -0500
398401,08/10/2020 16:29:15 +0900
397645,08/10/2020 05:28:33 +0000
398395,08/10/2020 04:58:41 +0000
396338,08/10/2020 12:18:06 +0900
396308,08/10/2020 12:05:39 +0900
398336,08/10/2020 10:37:42 +0900
398336,08/10/2020 10:32:30 +0900
396311,07/10/2020 15:28:00 -0700
397645,07/10/2020 13:50:15 -0700
398343,07/10/2020 12:27:23 -0700
396877,07/10/2020 09:52:00 -0700
398355,07/10/2020 20:16:40 +0900
398336,07/10/2020 19:53:59 +0900
396534,07/10/2020 16:39:25 +0900
398395,07/10/2020 06:33:20 +0000
397645,07/10/2020 04:48:57 +0000
398401,07/10/2020 13:00:59 +0900
397645,07/10/2020 09:29:30 +0900
398349,06/10/2020 16:59:23 -0700
398434,06/10/2020 14:18:37 -0700
398280,06/10/2020 09:40:16 -0700
398427,06/10/2020 16:01:10 +0000
398429,06/10/2020 14:33:34 +0000
396810,06/10/2020 08:31:06 -0500
398351,06/10/2020 18:11:24 +0900
398405,06/10/2020 09:09:19 +0000
396990,06/10/2020 08:53:30 +0000
398355,06/10/2020 08:32:55 +0000
397645,06/10/2020 13:01:57 +0900
398401,06/10/2020 09:09:58 +0900
398343,05/10/2020 15:29:56 -0700
396708,05/10/2020 09:30:27 -0700
396336,05/10/2020 09:02:06 -0700
398418,05/10/2020 22:00:42 +0900
396338,05/10/2020 20:25:57 +0900
398336,05/10/2020 16:31:17 +0900
398336,05/10/2020 13:18:12 +0900
396341,05/10/2020 11:48:28 +0900
398280,04/10/2020 16:11:06 -0700
398045,03/10/2020 15:14:48 -0700
398349,03/10/2020 14:55:02 -0700
398336,03/10/2020 13:50:38 -0700
398278,03/10/2020 13:12:55 -0500
398355,03/10/2020 23:37:01 +0900
396348,02/10/2020 20:26:46 -0700
398355,02/10/2020 22:16:19 +0900
398336,02/10/2020 00:53:17 -0700
398343,02/10/2020 00:06:03 -0700
398280,02/10/2020 15:17:44 +0900
398401,02/10/2020 15:12:33 +0900
398418,01/10/2020 23:01:31 -0700
398312,02/10/2020 13:04:40 +0900
396886,02/10/2020 09:01:15 +0900
396381,01/10/2020 16:33:19 -0700
398280,01/10/2020 18:01:23 -0500
398346,01/10/2020 15:58:01 -0400
398343,01/10/2020 12:41:40 -0700
397097,01/10/2020 08:37:07 -0500
398332,01/10/2020 20:50:16 +0900
397645,01/10/2020 14:50:32 +0900
398359,30/09/2020 21:30:17 -0700
398405,30/09/2020 19:24:50 -0700
396366,30/09/2020 19:00:18 -0700
397231,01/10/2020 08:15:53 +0900
398343,30/09/2020 09:27:57 -0700
398355,30/09/2020 21:37:29 +0900
398343,29/09/2020 12:02:45 -0700
398418,29/09/2020 16:46:04 +0000
397384,29/09/2020 08:38:43 -0500
396450,29/09/2020 13:05:33 +0200
396479,29/09/2020 16:51:44 +0900
398349,28/09/2020 22:22:47 -0700
397645,29/09/2020 05:20:12 +0000
398401,28/09/2020 22:14:28 -0700
397645,29/09/2020 05:13:01 +0000
398401,28/09/2020 21:54:00 -0700
397593,29/09/2020 09:54:43 +0900
396381,28/09/2020 10:07:36 -0700
398432,28/09/2020 14:57:59 +0900
396383,28/09/2020 12:30:28 +0900
396479,28/09/2020 12:22:15 +0900
397097,27/09/2020 10:26:51 -0500
398410,27/09/2020 10:26:05 -0500
398336,27/09/2020 16:21:23 +0900
398410,27/09/2020 09:35:05 +0800
398074,26/09/2020 16:03:59 -0700
398410,26/09/2020 08:16:39 -0500
398343,25/09/2020 16:36:15 -0700
397945,25/09/2020 07:27:29 +0000
396773,25/09/2020 06:50:24 +0000
398346,24/09/2020 22:16:05 -0700
398395,25/09/2020 04:29:09 +0000
398343,24/09/2020 16:22:08 -0700
396647,24/09/2020 10:58:52 -0700
397097,24/09/2020 08:32:32 -0700
397097,24/09/2020 08:25:24 -0700
398401,24/09/2020 14:49:58 +0900
398336,24/09/2020 14:15:36 +0900
398343,23/09/2020 20:10:01 -0700
396403,23/09/2020 20:02:20 -0700
398343,23/09/2020 16:47:10 -0700
398045,23/09/2020 15:39:31 -0700
397825,23/09/2020 15:33:53 -0700
396810,23/09/2020 12:38:06 -0500
396810,23/09/2020 12:36:46 -0500
398410,23/09/2020 15:54:56 +0800
398395,23/09/2020 05:49:45 +0000
396479,23/09/2020 10:18:38 +0900
397645,23/09/2020 09:41:38 +0900
398401,23/09/2020 09:30:51 +0900
398336,23/09/2020 09:28:33 +0900
397645,22/09/2020 12:45:19 -0700
398429,22/09/2020 11:05:35 -0700
397097,22/09/2020 11:01:44 -0700
398429,22/09/2020 08:49:58 -0700
398280,22/09/2020 14:46:27 +0900
398336,21/09/2020 22:32:25 -0700
398359,21/09/2020 21:43:17 -0700
397560,22/09/2020 11:04:14 +0900
397093,21/09/2020 09:05:40 -0500
398405,21/09/2020 09:15:12 +0000
398336,21/09/2020 16:35:00 +0900
398429,21/09/2020 13:28:31 +0800
396534,21/09/2020 12:29:17 +0900
398336,21/09/2020 09:39:34 +0900
398401,20/09/2020 10:58:17 +0900
398434,18/09/2020 14:02:14 -0700
398359,18/09/2020 13:56:19 -0700
397097,18/09/2020 10:38:30 -0500
397097,18/09/2020 22:24:33 +0900
398427,18/09/2020 11:55:27 +0000
396450,18/09/2020 11:49:26 +0000
397302,18/09/2020 18:13:11 +0900
398427,18/09/2020 07:41:21 +0000
397593,18/09/2020 07:06:38 +0000
398355,17/09/2020 22:07:47 -0700
397645,18/09/2020 10:47:06 +0900
398410,18/09/2020 08:57:52 +0800
398355,18/09/2020 08:29:29 +0900
398359,18/09/2020 08:17:23 +0900
396444,17/09/2020 14:50:47 -0700
397097,17/09/2020 14:35:01 -0700
398343,17/09/2020 14:01:52 -0700
398236,17/09/2020 09:25:17 -0700
396647,17/09/2020 07:50:39 -0700
398434,17/09/2020 11:20:50 +0000
396450,17/09/2020 12:35:40 +0200
397379,17/09/2020 06:50:30 +0000
398349,17/09/2020 05:39:40 +0000
396453,17/09/2020 09:01:06 +0900
397097,16/09/2020 13:42:04 -0500
398401,16/09/2020 10:13:47 -0700
396566,16/09/2020 16:53:25 +0000
398434,16/09/2020 15:00:31 +0000
396490,16/09/2020 23:39:41 +0900
398418,16/09/2020 14:08:59 +0000
398336,16/09/2020 20:22:11 +0900
397768,16/09/2020 20:18:36 +0900
398349,16/09/2020 20:16:15 +0900
396708,16/09/2020 06:05:35 +0000
396464,16/09/2020 12:13:15 +0900
398401,16/09/2020 12:06:57 +0900
398401,16/09/2020 08:11:43 +0900
398346,15/09/2020 14:11:30 +0000
396468,15/09/2020 08:41:22 -0500
398427,15/09/2020 13:07:03 +0000
398387,15/09/2020 06:46:17 +0000
398163,15/09/2020 06:24:54 +0000
397825,15/09/2020 14:38:01 +0900
398434,14/09/2020 21:15:06 -0700
398005,14/09/2020 18:24:52 -0700
398280,15/09/2020 09:27:47 +0900
397302,14/09/2020 16:03:19 -0700
396477,14/09/2020 13:58:15 -0700
398401,14/09/2020 13:54:21 -0700
396479,14/09/2020 22:52:33 +0900
396773,14/09/2020 09:20:24 +0000
396886,14/09/2020 08:49:51 +0000
398280,14/09/2020 15:34:58 +0900
398401,14/09/2020 13:15:14 +0900
397593,14/09/2020 11:57:29 +0900
398280,14/09/2020 10:00:15 +0900
396647,12/09/2020 22:19:30 -0700
396487,12/09/2020 21:45:55 -0700
396647,12/09/2020 21:34:35 -0700
396558,12/09/2020 18:15:15 -0500
396490,12/09/2020 16:12:37 -0500
396537,12/09/2020 13:22:54 -0700
398278,11/09/2020 20:08:22 -0700
398355,12/09/2020 08:42:07 +0900
397825,11/09/2020 11:48:34 -0700
396495,11/09/2020 10:38:01 -0500
398359,11/09/2020 13:42:33 +0000
398429,11/09/2020 06:15:58 -0700
396498,11/09/2020 08:05:34 -0500
398429,11/09/2020 09:22:56 +0900
398280,11/09/2020 09:11:35 +0900
397593,10/09/2020 11:25:32 +0000
398427,10/09/2020 11:20:05 +0000
398355,10/09/2020 19:19:26 +0900
398432,10/09/2020 08:10:32 +0000
398401,10/09/2020 00:11:07 -0700
397825,09/09/2020 23:41:32 -0700
398432,10/09/2020 15:33:18 +0900
398401,10/09/2020 14:22:38 +0900
398351,10/09/2020 14:16:19 +0900
398427,10/09/2020 04:53:38 +0000
398349,10/09/2020 02:53:22 +0000
397825,09/09/2020 19:46:55 -0700
398395,10/09/2020 01:48:51 +0000
398429,09/09/2020 18:15:22 +0000
398230,09/09/2020 13:35:51 -0400
397097,09/09/2020 14:40:49 +0000
397097,09/09/2020 08:53:44 -0500
398401,09/09/2020 12:22:13 +0800
398349,09/09/2020 12:23:05 +0900
398378,09/09/2020 10:33:21 +0900
397645,09/09/2020 10:29:58 +0900
398378,09/09/2020 10:28:40 +0900
397765,09/09/2020 10:20:21 +0900
397645,08/09/2020 14:15:16 +0000
398387,08/09/2020 21:36:21 +0900
397379,08/09/2020 11:54:04 +0000
398387,08/09/2020 20:20:16 +0900
398434,08/09/2020 04:40:13 +0000
398429,07/09/2020 20:43:43 -0700
396534,08/09/2020 12:22:13 +0900
398401,08/09/2020 10:32:22 +0900
398429,08/09/2020 09:54:05 +0900
397645,08/09/2020 09:42:59 +0900
396534,08/09/2020 09:41:02 +0900
397765,07/09/2020 16:08:57 +0000
398387,07/09/2020 06:26:14 +0000
396537,07/09/2020 15:10:33 +0900
398346,07/09/2020 06:00:23 +0000
398427,07/09/2020 05:11:30 +0000
397013,06/09/2020 19:23:12 +0800
398055,06/09/2020 09:44:07 +0900
398418,05/09/2020 23:49:17 +0800
398401,04/09/2020 18:06:25 +0900
396544,04/09/2020 09:40:35 +0900
398418,04/09/2020 08:38:35 +0800
398387,04/09/2020 09:33:20 +0900
398429,03/09/2020 23:49:17 +0800
398355,03/09/2020 14:48:26 +0000
398359,03/09/2020 14:17:34 +0000
398055,03/09/2020 13:56:03 +0200
396773,03/09/2020 16:04:36 +0900
398427,03/09/2020 04:56:40 +0000
398280,02/09/2020 13:31:06 -0700
398434,02/09/2020 13:03:44 -0700
398418,03/09/2020 01:10:59 +0900
398405,02/09/2020 13:49:09 +0000
398387,02/09/2020 21:34:49 +0800
396558,02/09/2020 08:27:00 -0500
397336,02/09/2020 20:23:57 +0800
398405,02/09/2020 18:27:29 +0900
396561,02/09/2020 18:05:06 +0900
398418,02/09/2020 04:16:20 +0000
398280,02/09/2020 10:03:07 +0900
398280,02/09/2020 09:43:32 +0900
398387,01/09/2020 09:08:35 -0700
396566,01/09/2020 13:04:24 +0000
398429,01/09/2020 12:54:40 +0000
398415,01/09/2020 07:23:20 +0000
398429,01/09/2020 07:19:43 +0000
398074,01/09/2020 15:15:11 +0900
398401,01/09/2020 15:08:03 +0900
396647,01/09/2020 06:06:25 +0000
398418,01/09/2020 05:51:04 +0000
398401,01/09/2020 14:20:07 +0900
396575,01/09/2020 10:07:34 +0900
396647,31/08/2020 20:59:54 +0000
398415,31/08/2020 13:21:15 +0000
398401,31/08/2020 22:00:56 +0900
398401,31/08/2020 17:39:12 +0900
398336,31/08/2020 16:56:50 +0900
396886,31/08/2020 15:43:13 +0900
396930,31/08/2020 11:23:31 +0900
398427,31/08/2020 11:03:01 +0900
398236,30/08/2020 10:25:32 -0700
396886,30/08/2020 07:01:33 +0900
398429,29/08/2020 14:06:01 -0700
396638,28/08/2020 10:15:16 -0700
396693,28/08/2020 16:51:00 +0000
398355,28/08/2020 16:35:47 +0000
398427,29/08/2020 00:30:31 +0900
398434,28/08/2020 21:23:53 +0900
398401,28/08/2020 15:38:39 +0900
398432,28/08/2020 15:14:57 +0900
398401,28/08/2020 15:09:06 +0900
398349,28/08/2020 10:32:23 +0900
397825,27/08/2020 09:49:21 -0700
396597,27/08/2020 09:05:50 -0500
397794,27/08/2020 09:03:39 -0500
398427,27/08/2020 06:52:34 +0000
396814,27/08/2020 06:24:42 +0000
398395,27/08/2020 06:21:04 +0000
396904,26/08/2020 15:16:47 -0700
397825,26/08/2020 11:24:35 -0700
396604,26/08/2020 10:34:49 -0700
398418,26/08/2020 06:57:43 +0000
398236,25/08/2020 23:38:43 -0700
398434,26/08/2020 14:46:14 +0900
398401,26/08/2020 12:25:59 +0900
398401,26/08/2020 12:23:24 +0900
398418,25/08/2020 18:46:10 -0700
398278,26/08/2020 00:25:58 +0900
398378,25/08/2020 23:05:35 +0900
396613,25/08/2020 22:45:44 +0900
398427,25/08/2020 13:17:03 +0000
398434,25/08/2020 21:03:44 +0900
398427,25/08/2020 05:57:14 +0000
396990,25/08/2020 04:59:37 +0000
398349,25/08/2020 13:47:52 +0900
398181,25/08/2020 13:42:31 +0900
397430,25/08/2020 12:07:49 +0900
396621,25/08/2020 11:20:01 +0900
397097,25/08/2020 11:13:01 +0900
398181,24/08/2020 14:55:11 -0700
398395,24/08/2020 16:30:30 +0000
396810,24/08/2020 10:19:30 -0500
396886,24/08/2020 08:53:26 +0000
398349,24/08/2020 14:06:08 +0900
398415,24/08/2020 09:43:41 +0900
396629,23/08/2020 17:40:59 -0700
396630,23/08/2020 17:24:10 -0700
396631,23/08/2020 17:17:39 -0700
398410,23/08/2020 17:14:40 -0500
397645,23/08/2020 12:43:30 -0700
398405,23/08/2020 08:08:55 -0700
398349,23/08/2020 00:40:53 -0700
396814,22/08/2020 22:32:39 -0700
396637,22/08/2020 13:26:59 -0500
396638,22/08/2020 09:27:31 -0500
397097,22/08/2020 09:24:16 -0500
396773,22/08/2020 21:32:23 +0900
396769,22/08/2020 11:07:14 +0900
396642,21/08/2020 16:14:29 -0700
396643,22/08/2020 06:45:35 +0900
398429,22/08/2020 06:23:46 +0900
398355,21/08/2020 21:23:41 +0900
398349,21/08/2020 07:57:24 +0000
396647,21/08/2020 16:48:54 +0900
398405,21/08/2020 07:37:11 +0000
396955,21/08/2020 01:02:33 -0500
398384,21/08/2020 13:12:43 +0800
398429,20/08/2020 13:26:39 -0700
398429,20/08/2020 15:23:25 +0000
398355,20/08/2020 06:12:05 -0700
398405,20/08/2020 12:03:02 +0000
398434,20/08/2020 12:00:32 +0000
398432,20/08/2020 02:26:38 -0700
398053,20/08/2020 07:08:30 +0000
398346,20/08/2020 05:33:12 +0000
398045,19/08/2020 18:28:21 -0700
397825,19/08/2020 12:11:34 -0700
398366,19/08/2020 16:25:35 +0000
398395,19/08/2020 16:23:22 +0000
398418,19/08/2020 05:20:26 -0700
398434,19/08/2020 08:44:49 +0000
398405,19/08/2020 08:31:58 +0000
398434,19/08/2020 06:53:06 +0000
396667,19/08/2020 14:57:34 +0900
398278,19/08/2020 14:30:07 +0900
398429,19/08/2020 13:50:29 +0900
398384,19/08/2020 11:37:53 +0800
398401,19/08/2020 12:28:36 +0900
398434,18/08/2020 13:50:57 +0000
398401,18/08/2020 19:35:15 +0900
398401,18/08/2020 18:18:47 +0800
398287,18/08/2020 18:53:34 +0900
396904,18/08/2020 06:47:31 +0000
398349,17/08/2020 13:19:49 -0700
398401,17/08/2020 11:17:50 -0700
396814,17/08/2020 14:28:10 +0000
398434,17/08/2020 14:22:12 +0000
398429,17/08/2020 13:18:46 +0800
396886,17/08/2020 08:06:19 +0900
398280,16/08/2020 12:07:37 -0500
398418,15/08/2020 12:31:32 -0700
398280,14/08/2020 17:10:22 -0500
398434,14/08/2020 13:29:48 +0000
396687,14/08/2020 22:10:41 +0900
398415,14/08/2020 08:08:16 +0000
398346,14/08/2020 06:59:15 +0000
396937,13/08/2020 20:50:47 -0700
397097,13/08/2020 11:46:30 -0500
396990,13/08/2020 03:28:25 +0000
396693,13/08/2020 11:54:43 +0900
398045,12/08/2020 17:07:18 -0700
397004,12/08/2020 17:25:47 +0000
398405,12/08/2020 12:18:33 +0000
398434,12/08/2020 21:05:50 +0900
397645,12/08/2020 20:59:59 +0900
396699,12/08/2020 06:39:10 +0000
398405,12/08/2020 06:02:42 +0000
396857,12/08/2020 00:22:22 -0500
397645,12/08/2020 13:32:16 +0900
398418,12/08/2020 13:16:57 +0900
397593,11/08/2020 16:20:19 +0000
397530,11/08/2020 06:29:32 +0000
396814,11/08/2020 06:23:51 +0000
398401,11/08/2020 15:15:30 +0900
396708,11/08/2020 03:14:15 +0000
398429,10/08/2020 16:41:13 +0000
398405,10/08/2020 16:37:31 +0000
398287,10/08/2020 09:32:01 -0700
397825,10/08/2020 07:33:06 -0700
398005,10/08/2020 14:04:09 +0000
398355,10/08/2020 06:38:19 -0700
398355,10/08/2020 19:05:50 +0900
397454,10/08/2020 18:43:41 +0900
398349,10/08/2020 15:41:32 +0900
396773,10/08/2020 14:01:31 +0900
396719,10/08/2020 04:49:37 +0000
398432,09/08/2020 20:14:15 -0700
396904,09/08/2020 20:00:39 -0700
396722,09/08/2020 19:03:37 -0700
398355,09/08/2020 18:36:35 -0700
396745,09/08/2020 16:47:31 -0700
398280,08/08/2020 22:14:29 -0700
398355,08/08/2020 16:33:25 -0700
398432,08/08/2020 15:09:22 -0700
396728,08/08/2020 12:36:07 -0700
396930,08/08/2020 08:51:57 -0700
397825,08/08/2020 10:31:36 +0900
398355,07/08/2020 08:17:45 -0700
398349,07/08/2020 08:07:41 -0700
396733,07/08/2020 03:31:45 -0500
398429,07/08/2020 07:36:08 +0000
397231,07/08/2020 14:29:32 +0900
398023,07/08/2020 05:00:33 +0000
398060,07/08/2020 11:50:46 +0900
398280,07/08/2020 11:29:18 +0900
398415,06/08/2020 13:54:15 -0700
397645,06/08/2020 14:23:56 +0000
397645,06/08/2020 08:35:59 +0000
398384,06/08/2020 05:56:59 +0000
398434,06/08/2020 05:39:47 +0000
398045,05/08/2020 16:28:14 -0700
396745,05/08/2020 10:57:11 -0700
398401,05/08/2020 10:35:03 -0700
396810,05/08/2020 16:11:09 +0000
398427,05/08/2020 13:56:11 +0000
397645,05/08/2020 12:03:36 +0000
398415,05/08/2020 11:57:33 +0000
398401,05/08/2020 11:14:14 +0900
398280,04/08/2020 23:27:05 +0800
397645,04/08/2020 14:57:09 +0000
398395,04/08/2020 21:11:00 +0800
396990,04/08/2020 12:11:04 +0000
397825,04/08/2020 17:49:52 +0900
398432,04/08/2020 14:51:25 +0900
397593,04/08/2020 04:41:19 +0000
397560,04/08/2020 12:45:06 +0900
397645,04/08/2020 11:23:28 +0900
397645,03/08/2020 16:05:54 +0000
398415,03/08/2020 08:50:34 -0700
398355,03/08/2020 13:00:07 +0000
398427,03/08/2020 12:49:34 +0000
398427,03/08/2020 12:48:22 +0000
398111,03/08/2020 06:03:55 +0000
398002,03/08/2020 03:26:03 +0000
397645,03/08/2020 03:20:17 +0000
396769,03/08/2020 03:15:54 +0000
397097,02/08/2020 16:46:11 -0700
398384,01/08/2020 13:09:26 +0800
398429,31/07/2020 14:20:20 +0000
396773,31/07/2020 14:16:41 +0000
396857,31/07/2020 22:12:24 +0900
398427,31/07/2020 22:11:05 +0900
397560,31/07/2020 17:28:35 +0900
398312,31/07/2020 14:52:33 +0900
396886,31/07/2020 05:51:57 +0000
398312,31/07/2020 13:40:33 +0900
398280,31/07/2020 10:37:05 +0900
396904,30/07/2020 12:00:19 -0700
396904,30/07/2020 11:58:11 -0700
397825,30/07/2020 10:59:26 -0700
398401,31/07/2020 00:57:24 +0900
397033,30/07/2020 21:44:49 +0900
398401,30/07/2020 21:07:31 +0900
398401,30/07/2020 20:06:35 +0900
398401,30/07/2020 19:28:34 +0900
398355,30/07/2020 07:51:27 +0000
398427,30/07/2020 06:44:13 +0000
398401,30/07/2020 15:16:02 +0900
397645,30/07/2020 06:05:55 +0000
398410,29/07/2020 19:53:28 -0700
398401,30/07/2020 10:15:25 +0900
397825,29/07/2020 18:05:53 -0700
397825,29/07/2020 17:57:46 -0700
398045,29/07/2020 21:39:14 +0000
398429,29/07/2020 14:21:47 -0500
398378,29/07/2020 13:46:28 -0500
397825,29/07/2020 10:47:32 -0700
397645,30/07/2020 01:37:42 +0800
398415,29/07/2020 09:58:25 -0500
397825,29/07/2020 07:48:23 -0700
398280,29/07/2020 08:44:56 -0500
397825,28/07/2020 22:31:39 -0700
398005,29/07/2020 03:58:03 +0000
398395,29/07/2020 03:55:48 +0000
397645,29/07/2020 12:14:13 +0900
398401,29/07/2020 12:07:35 +0900
396810,28/07/2020 10:36:20 -0700
396811,28/07/2020 08:36:11 -0700
397645,28/07/2020 12:34:10 +0000
398434,28/07/2020 12:24:15 +0000
396814,28/07/2020 04:42:15 +0000
397398,28/07/2020 12:32:19 +0900
396816,28/07/2020 11:22:18 +0900
396942,28/07/2020 10:00:21 +0900
397272,28/07/2020 09:41:53 +0900
398410,27/07/2020 12:05:29 -0700
398401,27/07/2020 12:02:43 -0700
398427,27/07/2020 17:03:14 +0000
396886,27/07/2020 17:01:03 +0000
398401,27/07/2020 22:37:08 +0900
397033,27/07/2020 08:16:13 -0500
398401,27/07/2020 20:10:13 +0900
398401,27/07/2020 17:49:21 +0900
396827,27/07/2020 08:14:02 +0000
398401,27/07/2020 14:21:15 +0900
396886,27/07/2020 04:51:32 +0000
397825,26/07/2020 19:25:41 -0700
397825,26/07/2020 18:51:25 -0700
398349,27/07/2020 10:43:32 +0900
397825,26/07/2020 15:55:48 -0700
397825,26/07/2020 07:54:30 -0700
396835,26/07/2020 09:12:43 -0500
397825,25/07/2020 20:34:31 -0700
397825,25/07/2020 15:54:21 -0700
397825,25/07/2020 10:58:25 -0700
397825,25/07/2020 10:52:55 -0700
397825,25/07/2020 10:16:01 -0700
397825,25/07/2020 08:19:02 -0700
397825,25/07/2020 08:07:28 -0700
397379,25/07/2020 03:30:01 -0700
398401,25/07/2020 03:06:45 -0700
398401,25/07/2020 13:09:23 +0900
398312,24/07/2020 11:41:42 -0700
398378,24/07/2020 11:12:28 -0700
396848,24/07/2020 11:03:57 -0700
398427,24/07/2020 09:13:26 -0700
398401,24/07/2020 08:52:30 -0700
397645,24/07/2020 14:12:43 +0000
398384,24/07/2020 18:14:19 +0800
398349,24/07/2020 04:33:18 +0000
397645,24/07/2020 09:55:36 +0900
397645,24/07/2020 09:54:11 +0900
398278,23/07/2020 16:20:17 -0700
396857,23/07/2020 12:33:22 -0500
398395,23/07/2020 14:32:10 +0000
398434,23/07/2020 14:24:47 +0000
398429,23/07/2020 14:02:38 +0000
397825,23/07/2020 06:28:08 -0700
398406,23/07/2020 21:14:36 +0900
397560,23/07/2020 13:53:50 +0900
396904,22/07/2020 21:04:06 -0700
398005,23/07/2020 03:10:45 +0000
397560,23/07/2020 03:07:30 +0000
398427,23/07/2020 10:12:13 +0900
398346,22/07/2020 19:05:50 +0000
397825,22/07/2020 07:58:45 -0700
398150,22/07/2020 09:53:16 -0500
398355,22/07/2020 02:51:30 -0700
397645,22/07/2020 08:32:01 +0000
398427,22/07/2020 08:15:04 +0000
398434,21/07/2020 23:16:38 -0700
397430,22/07/2020 13:27:34 +0900
396886,22/07/2020 08:56:26 +0900
396877,21/07/2020 16:34:30 -0700
398401,21/07/2020 22:49:14 +0900
397825,20/07/2020 22:20:16 -0700
396880,21/07/2020 13:42:19 +0900
398005,21/07/2020 12:47:45 +0900
397593,20/07/2020 20:34:51 -0700
396883,20/07/2020 17:48:07 -0700
398401,20/07/2020 13:56:00 -0700
396885,20/07/2020 13:48:57 -0700
396886,20/07/2020 14:38:43 +0000
398395,20/07/2020 14:25:51 +0000
398384,20/07/2020 14:17:31 +0000
398384,20/07/2020 20:49:22 +0900
398045,19/07/2020 21:33:13 -0700
398336,20/07/2020 10:42:33 +0900
396892,19/07/2020 12:19:36 -0700
396922,19/07/2020 12:11:26 -0700
398384,19/07/2020 12:00:23 +0900
398355,19/07/2020 11:11:42 +0900
398278,19/07/2020 11:02:37 +0900
398278,18/07/2020 15:08:00 -0700
396898,18/07/2020 13:04:58 -0500
398002,17/07/2020 16:11:02 -0700
397302,17/07/2020 12:05:45 -0700
398410,17/07/2020 12:00:49 -0500
396902,17/07/2020 11:59:19 -0500
396903,17/07/2020 13:40:54 +0000
396904,17/07/2020 06:04:34 +0000
398427,17/07/2020 04:50:26 +0000
398401,17/07/2020 11:49:18 +0900
396942,17/07/2020 11:14:25 +0900
397825,16/07/2020 11:21:14 -0700
398415,16/07/2020 11:12:29 -0700
396910,16/07/2020 09:25:52 -0700
398435,17/07/2020 00:01:13 +0900
397148,16/07/2020 13:11:47 +0000
398427,16/07/2020 13:01:53 +0000
397033,16/07/2020 11:31:24 +0800
398278,15/07/2020 13:26:28 -0700
398415,15/07/2020 10:13:03 -0700
396917,15/07/2020 11:40:55 -0500
397825,15/07/2020 07:43:56 -0700
398241,15/07/2020 01:28:39 -0700
397825,14/07/2020 22:14:31 -0700
398432,15/07/2020 13:40:43 +0900
396922,14/07/2020 21:17:33 -0700
398401,14/07/2020 20:44:09 -0700
398401,15/07/2020 08:46:20 +0900
398401,15/07/2020 08:44:48 +0900
398401,14/07/2020 16:43:16 -0700
397430,15/07/2020 07:51:13 +0900
396930,14/07/2020 12:46:11 -0700
397097,14/07/2020 12:40:47 -0700
396930,14/07/2020 12:29:56 -0700
398434,14/07/2020 12:19:01 -0700
398278,14/07/2020 02:06:50 -0700
398349,14/07/2020 05:51:59 +0000
398359,14/07/2020 04:26:29 +0000
398401,14/07/2020 11:22:44 +0900
398045,13/07/2020 14:05:33 -0700
396937,13/07/2020 08:31:39 -0700
398405,13/07/2020 08:23:25 -0700
398405,13/07/2020 08:58:25 +0000
398349,12/07/2020 15:34:43 -0700
397825,12/07/2020 14:50:47 -0700
396942,13/07/2020 05:04:47 +0900
398401,12/07/2020 09:44:27 -0700
396944,12/07/2020 09:01:41 -0700
397448,12/07/2020 09:53:27 -0500
398434,12/07/2020 09:45:18 +0900
398349,11/07/2020 15:58:40 -0700
398405,11/07/2020 14:48:23 -0700
398278,11/07/2020 14:34:02 -0700
398280,11/07/2020 13:46:59 -0700
398401,11/07/2020 13:09:06 -0700
397302,12/07/2020 00:45:48 +0900
398415,11/07/2020 10:37:26 -0500
397645,12/07/2020 00:16:37 +0900
396955,11/07/2020 22:55:26 +0900
398434,11/07/2020 06:27:56 -0700
398429,10/07/2020 15:10:28 -0700
396958,10/07/2020 13:55:20 -0700
397460,10/07/2020 11:06:52 -0700
398405,10/07/2020 09:03:16 -0700
398434,10/07/2020 13:36:29 +0000
398170,10/07/2020 21:14:29 +0900
398432,10/07/2020 13:12:25 +0900
398427,09/07/2020 19:45:16 -0700
398401,09/07/2020 19:44:08 -0700
398241,09/07/2020 18:27:07 -0700
398432,09/07/2020 14:32:20 -0700
396968,09/07/2020 10:35:21 -0700
396969,09/07/2020 09:33:54 -0500
398345,09/07/2020 08:42:20 +0000
397825,09/07/2020 17:18:39 +0900
398432,09/07/2020 07:37:06 +0000
397231,09/07/2020 16:14:33 +0900
398429,09/07/2020 15:56:40 +0900
397560,09/07/2020 15:51:56 +0900
398432,09/07/2020 15:26:38 +0900
397033,08/07/2020 16:45:36 -0700
396978,08/07/2020 16:06:40 -0700
397825,08/07/2020 14:11:18 -0700
398401,08/07/2020 07:50:07 -0700
397093,08/07/2020 21:58:45 +0900
398280,08/07/2020 17:46:25 +0900
398346,08/07/2020 11:30:47 +0900
398005,07/07/2020 18:58:01 -0700
398406,08/07/2020 09:36:06 +0900
397336,08/07/2020 09:28:16 +0900
397645,07/07/2020 14:09:40 -0700
398349,07/07/2020 11:17:53 -0700
398312,07/07/2020 09:38:08 -0700
396990,07/07/2020 16:34:03 +0000
398410,07/07/2020 08:30:15 -0700
397645,07/07/2020 07:26:40 -0700
398346,07/07/2020 13:39:04 +0000
398429,06/07/2020 20:07:33 -0700
397052,06/07/2020 09:20:31 -0700
398351,06/07/2020 21:39:41 +0900
398427,06/07/2020 10:34:31 +0000
397825,05/07/2020 20:12:41 -0700
397825,06/07/2020 12:03:08 +0900
398280,05/07/2020 19:09:04 -0700
398415,04/07/2020 19:01:07 -0700
397645,02/07/2020 13:26:57 -0700
397460,02/07/2020 10:15:10 -0700
397004,02/07/2020 14:49:40 +0000
398429,02/07/2020 21:04:26 +0900
397006,02/07/2020 21:02:00 +0900
397007,02/07/2020 19:21:11 +0900
398349,02/07/2020 13:56:43 +0900
397009,01/07/2020 18:28:14 -0700
398349,01/07/2020 16:14:51 -0700
397645,01/07/2020 15:45:39 -0700
398429,02/07/2020 06:09:54 +0800
397013,01/07/2020 11:33:18 -0700
398429,01/07/2020 08:03:46 -0700
398415,01/07/2020 08:09:07 -0500
398405,01/07/2020 12:00:15 +0000
397017,01/07/2020 07:13:10 +0000
397231,30/06/2020 23:33:50 -0700
398401,01/07/2020 14:15:02 +0900
397645,01/07/2020 13:17:49 +0900
398312,30/06/2020 11:18:16 -0700
398312,30/06/2020 10:30:22 -0700
398280,30/06/2020 09:28:54 -0700
397460,30/06/2020 08:56:59 -0500
398432,30/06/2020 08:09:18 +0000
397026,29/06/2020 13:13:42 +0000
398429,29/06/2020 11:53:56 +0000
398434,29/06/2020 11:37:03 +0000
398349,29/06/2020 11:33:40 +0000
398429,28/06/2020 21:55:19 -0700
398434,28/06/2020 21:49:10 -0700
398406,28/06/2020 21:35:59 -0700
397033,28/06/2020 21:06:45 -0700
398406,28/06/2020 12:22:44 -0700
397645,27/06/2020 17:54:06 -0700
397825,26/06/2020 19:43:29 -0700
397593,26/06/2020 19:36:06 -0700
398256,26/06/2020 19:12:42 -0700
397231,26/06/2020 19:06:31 -0700
398415,26/06/2020 12:57:30 -0500
398415,26/06/2020 12:55:38 -0500
398392,26/06/2020 10:41:27 +0900
397825,25/06/2020 16:21:14 -0700
398401,25/06/2020 11:04:47 -0700
397945,24/06/2020 11:00:20 -0700
398401,24/06/2020 14:56:55 +0000
398434,24/06/2020 14:50:45 +0000
398351,24/06/2020 22:13:54 +0900
398401,24/06/2020 15:37:41 +0900
398346,24/06/2020 04:50:46 +0000
397645,24/06/2020 04:43:53 +0000
397052,24/06/2020 13:39:55 +0900
397093,23/06/2020 21:43:02 -0500
398401,24/06/2020 11:05:27 +0900
398401,24/06/2020 11:03:05 +0900
397645,23/06/2020 11:45:12 +0000
398312,23/06/2020 03:58:40 -0700
397302,23/06/2020 16:59:55 +0900
397645,23/06/2020 06:13:55 +0000
397645,23/06/2020 05:53:04 +0000
398434,22/06/2020 13:59:46 +0000
398241,22/06/2020 21:38:19 +0900
398349,22/06/2020 04:58:22 -0700
398406,22/06/2020 07:56:59 +0000
397065,21/06/2020 19:47:24 -0700
398427,21/06/2020 16:28:00 -0700
398236,20/06/2020 19:20:54 -0700
398346,20/06/2020 18:38:44 -0700
398415,20/06/2020 08:43:28 -0500
398427,19/06/2020 19:54:46 -0700
397645,19/06/2020 19:33:13 -0700
397460,19/06/2020 19:24:34 -0700
398395,20/06/2020 08:20:45 +0900
398312,19/06/2020 14:46:26 -0700
397165,19/06/2020 09:59:14 -0500
398434,19/06/2020 12:45:47 +0000
398432,19/06/2020 06:01:06 +0000
398427,19/06/2020 05:58:54 +0000
398406,19/06/2020 05:56:50 +0000
397645,19/06/2020 05:41:09 +0000
398406,19/06/2020 12:17:40 +0900
397082,18/06/2020 14:36:20 -0700
398429,18/06/2020 15:32:44 +0000
398241,18/06/2020 22:45:55 +0900
398044,18/06/2020 06:08:40 +0000
398434,17/06/2020 13:28:47 +0000
397645,17/06/2020 06:28:47 +0000
397825,16/06/2020 21:05:29 -0700
398401,17/06/2020 12:10:12 +0900
397645,17/06/2020 12:07:36 +0900
398312,16/06/2020 18:22:12 -0700
398349,16/06/2020 16:46:32 -0700
397093,16/06/2020 12:59:57 -0500
398355,16/06/2020 09:13:00 -0700
397645,16/06/2020 14:07:03 +0000
397645,16/06/2020 12:56:27 +0000
397097,16/06/2020 19:20:44 +0900
397272,16/06/2020 08:35:35 +0000
398432,16/06/2020 16:41:08 +0900
397645,16/06/2020 06:00:05 +0000
397825,15/06/2020 19:04:23 -0700
397593,15/06/2020 14:15:54 -0700
397789,15/06/2020 11:26:03 -0700
398355,16/06/2020 00:27:45 +0900
397645,15/06/2020 08:09:07 -0700
398355,15/06/2020 07:48:48 -0700
398415,15/06/2020 08:49:03 -0500
397645,15/06/2020 07:25:56 +0000
398427,15/06/2020 06:10:24 +0000
398349,15/06/2020 11:01:56 +0900
398332,14/06/2020 16:41:59 -0500
398434,14/06/2020 14:26:11 -0700
398184,14/06/2020 14:49:01 +0900
398432,14/06/2020 14:37:38 +0900
397460,13/06/2020 22:21:35 -0700
398280,14/06/2020 14:17:16 +0900
398280,13/06/2020 19:04:33 -0700
398415,13/06/2020 12:20:29 -0500
398384,12/06/2020 17:22:41 -0700
398401,13/06/2020 07:26:37 +0900
398355,13/06/2020 07:12:27 +0900
398429,12/06/2020 11:06:52 -0700
398332,12/06/2020 10:27:31 -0500
398429,12/06/2020 17:50:43 +0800
398349,12/06/2020 16:54:55 +0900
397645,12/06/2020 06:17:31 +0000
398418,11/06/2020 22:50:36 -0700
398241,12/06/2020 09:19:29 +0900
398280,11/06/2020 18:27:53 -0500
398355,11/06/2020 14:15:28 -0700
398384,11/06/2020 10:13:45 -0700
398434,11/06/2020 14:16:12 +0000
397231,11/06/2020 22:03:40 +0900
398429,11/06/2020 06:39:14 +0000
398401,10/06/2020 21:56:35 -0700
398432,10/06/2020 21:32:16 -0700
398401,10/06/2020 21:15:40 -0700
398384,10/06/2020 20:59:48 -0700
397765,11/06/2020 03:34:07 +0000
398427,11/06/2020 03:29:12 +0000
398351,11/06/2020 10:26:40 +0900
397825,10/06/2020 17:36:32 -0700
397825,10/06/2020 17:21:03 -0700
398401,10/06/2020 15:54:07 -0700
397302,10/06/2020 14:42:45 -0700
398429,10/06/2020 13:11:24 -0700
398349,10/06/2020 18:08:47 +0900
397148,10/06/2020 16:51:19 +0900
398434,10/06/2020 16:42:38 +0900
397560,10/06/2020 16:38:59 +0900
398355,10/06/2020 16:29:43 +0900
398384,09/06/2020 12:15:07 -0700
398427,09/06/2020 16:56:45 +0000
398427,09/06/2020 16:49:40 +0000
398434,09/06/2020 09:20:54 -0700
398418,09/06/2020 16:07:22 +0000
398122,09/06/2020 15:57:18 +0000
397645,09/06/2020 15:20:13 +0000
397384,09/06/2020 09:29:37 -0500
397199,09/06/2020 13:59:00 +0000
397645,09/06/2020 04:59:41 +0000
398432,09/06/2020 04:52:48 +0000
398401,09/06/2020 10:24:34 +0900
398045,08/06/2020 16:03:13 -0700
397165,08/06/2020 15:55:49 -0500
398170,08/06/2020 12:06:17 -0700
398401,08/06/2020 15:18:42 +0900
398280,08/06/2020 10:10:52 +0900
398332,07/06/2020 13:08:50 +0900
398312,06/06/2020 16:49:48 +0900
398005,06/06/2020 07:35:25 +0900
398427,05/06/2020 16:44:16 +0000
397645,05/06/2020 14:18:16 +0000
397453,05/06/2020 10:01:00 +0000
398427,05/06/2020 08:14:01 +0000
398401,05/06/2020 15:43:11 +0900
398401,05/06/2020 13:31:35 +0900
397560,05/06/2020 12:53:58 +0900
397645,04/06/2020 10:45:36 +0900
398232,03/06/2020 18:06:13 -0500
398429,03/06/2020 19:08:36 +0000
398429,04/06/2020 01:54:22 +0800
398427,03/06/2020 13:30:22 +0000
398429,03/06/2020 20:11:41 +0800
397645,03/06/2020 12:00:20 +0000
397825,03/06/2020 02:17:25 -0700
398280,03/06/2020 01:15:36 -0700
398427,03/06/2020 06:49:58 +0000
398427,03/06/2020 06:07:53 +0000
398401,03/06/2020 14:15:30 +0900
398401,03/06/2020 12:07:05 +0900
398392,02/06/2020 17:26:43 -0700
398280,02/06/2020 16:45:16 -0700
397302,02/06/2020 21:58:33 +0000
397296,02/06/2020 12:46:12 -0700
398045,02/06/2020 11:11:23 -0700
398045,02/06/2020 11:04:07 -0700
398280,02/06/2020 08:29:07 -0500
397199,02/06/2020 21:07:10 +0900
397645,02/06/2020 11:53:58 +0000
397201,02/06/2020 11:30:30 +0000
398401,01/06/2020 22:03:47 -0700
397635,02/06/2020 12:57:15 +0900
397765,02/06/2020 02:00:58 +0000
398401,01/06/2020 16:31:39 -0700
398045,01/06/2020 15:49:17 -0700
397825,01/06/2020 11:19:42 -0700
397645,01/06/2020 15:13:44 +0000
398280,01/06/2020 10:00:10 -0500
397210,01/06/2020 09:46:18 -0500
398434,01/06/2020 13:06:18 +0000
398355,01/06/2020 04:50:00 +0000
398401,01/06/2020 09:45:21 +0900
398401,01/06/2020 09:43:03 +0900
398415,31/05/2020 10:24:20 -0500
397645,31/05/2020 13:05:00 +0000
398427,31/05/2020 12:34:39 +0000
398415,30/05/2020 14:51:45 -0500
397530,30/05/2020 07:47:29 +0000
397453,30/05/2020 06:14:32 +0000
398280,29/05/2020 10:41:29 -0700
397825,29/05/2020 07:46:53 -0700
398432,29/05/2020 07:42:57 -0700
398418,29/05/2020 07:28:57 +0000
397645,29/05/2020 05:18:37 +0000
397530,29/05/2020 04:23:38 +0000
397530,29/05/2020 04:20:22 +0000
398427,29/05/2020 04:13:23 +0000
398364,28/05/2020 14:25:49 -0700
398351,28/05/2020 10:27:15 +0900
397231,28/05/2020 09:57:11 +0900
398332,28/05/2020 09:52:08 +0900
397233,27/05/2020 17:27:29 -0700
398053,27/05/2020 16:37:02 -0700
398280,27/05/2020 14:36:12 -0700
398429,27/05/2020 18:53:19 +0000
397645,27/05/2020 18:44:22 +0000
398427,27/05/2020 17:26:07 +0000
398055,27/05/2020 15:49:08 +0000
398415,27/05/2020 09:01:56 -0500
398332,27/05/2020 08:59:08 -0500
398111,27/05/2020 15:05:06 +0900
398312,26/05/2020 18:21:22 -0700
398401,27/05/2020 10:15:33 +0900
397645,26/05/2020 12:13:28 +0000
398241,26/05/2020 14:40:58 +0900
397328,26/05/2020 14:27:42 +0900
397645,26/05/2020 05:15:51 +0000
398002,26/05/2020 14:13:02 +0900
398401,25/05/2020 20:36:00 -0700
397645,25/05/2020 18:36:02 -0700
398427,25/05/2020 15:07:41 +0000
397645,25/05/2020 15:00:11 +0000
398427,25/05/2020 14:27:47 +0000
398415,25/05/2020 09:18:08 -0500
397645,25/05/2020 12:50:38 +0900
397515,25/05/2020 12:44:14 +0900
397258,25/05/2020 10:29:08 +0900
397302,25/05/2020 10:25:43 +0900
398415,24/05/2020 08:42:42 -0500
398166,24/05/2020 14:50:11 +0900
398280,24/05/2020 09:13:38 +0900
398384,23/05/2020 15:00:28 -0700
397825,23/05/2020 11:07:45 -0700
398332,23/05/2020 17:17:53 +0900
398045,22/05/2020 18:19:41 -0700
398355,23/05/2020 08:48:29 +0900
398432,22/05/2020 16:46:17 -0700
398415,23/05/2020 08:43:16 +0900
397460,22/05/2020 14:16:30 +0000
398280,22/05/2020 08:24:31 -0500
397272,22/05/2020 22:01:38 +0900
398429,22/05/2020 16:10:08 +0900
398053,21/05/2020 23:36:55 -0700
398434,21/05/2020 23:34:11 -0700
397645,22/05/2020 09:53:35 +0900
398384,21/05/2020 16:00:58 -0700
398280,21/05/2020 11:43:25 -0700
398378,21/05/2020 13:11:35 -0500
398332,21/05/2020 13:00:00 -0500
397281,21/05/2020 16:06:28 +0000
397645,21/05/2020 04:01:19 +0000
397825,20/05/2020 18:33:38 -0700
398434,21/05/2020 03:11:20 +0900
397336,20/05/2020 10:30:17 -0700
398427,20/05/2020 19:18:05 +0900
397287,20/05/2020 07:41:00 +0000
397825,20/05/2020 14:55:23 +0900
398401,19/05/2020 22:36:36 -0700
398429,20/05/2020 03:45:13 +0000
398434,20/05/2020 11:00:58 +0900
398401,19/05/2020 17:09:37 -0700
398427,19/05/2020 14:08:51 +0000
398055,19/05/2020 11:10:49 +0200
398434,18/05/2020 23:54:41 -0700
397296,18/05/2020 23:21:32 -0700
398002,18/05/2020 11:37:53 -0700
397645,18/05/2020 12:07:01 +0000
398052,18/05/2020 20:25:02 +0900
398401,18/05/2020 14:35:02 +0900
398074,18/05/2020 05:32:57 +0000
397302,17/05/2020 22:11:21 -0700
397645,18/05/2020 05:00:50 +0000
397825,17/05/2020 21:35:42 -0700
398401,17/05/2020 21:33:42 -0700
398401,17/05/2020 21:31:06 -0700
397307,17/05/2020 09:43:01 -0500
398432,17/05/2020 02:27:23 +0000
397645,17/05/2020 02:26:00 +0000
397825,16/05/2020 15:12:45 -0700
398429,16/05/2020 07:33:58 -0700
398427,16/05/2020 09:11:21 +0000
398406,16/05/2020 04:37:18 +0000
397825,15/05/2020 10:34:21 -0700
398434,15/05/2020 15:36:28 +0000
398415,15/05/2020 09:59:14 -0500
397825,15/05/2020 00:30:25 -0700
398427,15/05/2020 06:36:34 +0000
397645,15/05/2020 04:24:58 +0000
397825,14/05/2020 19:28:25 -0700
397825,14/05/2020 12:01:03 -0700
397825,14/05/2020 10:25:22 -0700
398415,14/05/2020 10:54:35 -0500
397454,14/05/2020 09:24:40 -0500
397325,14/05/2020 13:55:24 +0000
397326,13/05/2020 23:18:38 -0700
398429,14/05/2020 12:32:40 +0900
397328,14/05/2020 12:07:22 +0900
397825,13/05/2020 13:59:42 -0700
398401,13/05/2020 10:03:12 -0700
398280,13/05/2020 01:46:40 -0700
398280,13/05/2020 01:04:57 -0700
397825,12/05/2020 14:24:56 -0700
397825,12/05/2020 13:07:00 -0700
397825,12/05/2020 19:57:48 +0000
397336,12/05/2020 09:14:34 -0700
397454,12/05/2020 08:54:28 -0700
397645,12/05/2020 14:05:31 +0000
397339,12/05/2020 13:46:24 +0000
398427,12/05/2020 13:37:13 +0000
397493,12/05/2020 08:27:43 -0500
398410,12/05/2020 12:54:03 +0800
398111,12/05/2020 10:25:04 +0900
398432,11/05/2020 17:25:41 -0700
397345,11/05/2020 18:23:23 -0500
397346,11/05/2020 13:10:39 -0700
398312,11/05/2020 09:10:58 -0500
398415,11/05/2020 09:09:00 -0500
397645,11/05/2020 12:59:41 +0000
397825,10/05/2020 22:32:26 -0700
397645,11/05/2020 04:58:08 +0000
397645,10/05/2020 14:22:12 -0500
398415,10/05/2020 12:57:25 -0500
397645,10/05/2020 13:31:26 +0900
397364,08/05/2020 15:50:19 -0700
397385,08/05/2020 15:41:23 -0500
397765,08/05/2020 10:24:13 -0700
398280,08/05/2020 08:41:18 +0000
398410,08/05/2020 14:06:36 +0800
398415,08/05/2020 11:02:24 +0800
398415,08/05/2020 10:57:35 +0800
398410,08/05/2020 10:52:01 +0800
397825,07/05/2020 17:50:32 -0700
397364,07/05/2020 15:22:13 -0700
398405,07/05/2020 12:01:43 -0700
397645,07/05/2020 07:52:29 +0000
398427,07/05/2020 14:40:26 +0900
398427,07/05/2020 14:37:03 +0900
398410,07/05/2020 10:07:24 +0800
398349,07/05/2020 09:57:08 +0900
397645,07/05/2020 09:46:42 +0900
398401,07/05/2020 09:00:59 +0900
398415,06/05/2020 09:11:03 -0500
398434,06/05/2020 12:52:53 +0000
398415,06/05/2020 16:10:30 +0800
398349,06/05/2020 04:50:06 +0000
397377,06/05/2020 04:34:43 +0000
398410,06/05/2020 10:06:23 +0800
397379,06/05/2020 10:56:19 +0900
398434,05/05/2020 12:36:42 -0700
397381,05/05/2020 12:17:24 -0700
397645,05/05/2020 14:15:31 +0000
397645,05/05/2020 14:11:53 +0000
397384,05/05/2020 08:58:37 -0500
397385,05/05/2020 08:40:57 -0500
398410,05/05/2020 08:35:20 -0500
398241,05/05/2020 15:21:14 +0900
398122,05/05/2020 15:14:33 +0900
397645,05/05/2020 05:40:15 +0000
397825,05/05/2020 10:07:30 +0900
398111,05/05/2020 10:04:16 +0900
397645,04/05/2020 17:27:02 -0700
397825,04/05/2020 08:14:12 -0700
398366,04/05/2020 12:22:29 +0000
398175,04/05/2020 16:53:50 +0900
398429,04/05/2020 15:30:10 +0900
398418,04/05/2020 14:59:33 +0900
397398,04/05/2020 14:50:38 +0900
397645,04/05/2020 09:39:50 +0900
397448,03/05/2020 12:40:20 +0900
397645,02/05/2020 17:54:36 +0900
398415,01/05/2020 10:11:43 -0700
397826,01/05/2020 09:16:08 -0500
398392,01/05/2020 22:09:04 +0900
398053,01/05/2020 11:46:17 +0900
398406,01/05/2020 10:32:37 +0900
397454,01/05/2020 10:08:16 +0900
397448,30/04/2020 16:58:05 -0700
398415,01/05/2020 06:30:35 +0900
398224,30/04/2020 09:34:56 -0700
397645,30/04/2020 12:45:32 +0000
398429,30/04/2020 12:11:16 +0000
398406,30/04/2020 06:24:00 +0000
397945,30/04/2020 05:47:42 +0000
398111,30/04/2020 03:58:04 +0000
397825,30/04/2020 09:15:12 +0530
398427,30/04/2020 03:31:29 +0000
397645,30/04/2020 03:20:10 +0000
398401,30/04/2020 09:22:07 +0900
398044,29/04/2020 21:10:40 +0000
397448,29/04/2020 18:42:32 +0900
397645,29/04/2020 07:19:34 +0000
398355,29/04/2020 00:14:50 -0700
398395,29/04/2020 07:06:45 +0000
398427,29/04/2020 06:56:33 +0000
398405,29/04/2020 06:48:46 +0000
397645,29/04/2020 06:44:22 +0000
398427,29/04/2020 15:34:45 +0900
397825,29/04/2020 13:10:43 +0900
397430,28/04/2020 17:27:13 -0700
398415,29/04/2020 09:17:23 +0900
398415,28/04/2020 11:17:45 -0500
398427,28/04/2020 15:39:28 +0000
397645,28/04/2020 14:10:50 +0000
398427,28/04/2020 14:01:07 +0000
397448,28/04/2020 17:24:21 +0900
398406,28/04/2020 08:11:41 +0000
398431,28/04/2020 07:21:00 +0000
397825,28/04/2020 13:22:43 +0900
397448,28/04/2020 11:03:51 +0900
397448,28/04/2020 10:58:48 +0900
397825,27/04/2020 18:56:30 -0700
398429,27/04/2020 16:47:39 -0700
398406,27/04/2020 15:07:52 -0700
398280,27/04/2020 13:34:43 -0700
398415,27/04/2020 09:45:00 -0500
398427,27/04/2020 17:08:52 +0900
397448,27/04/2020 17:02:18 +0900
398434,27/04/2020 07:39:24 +0000
398401,27/04/2020 14:49:22 +0900
398427,27/04/2020 05:28:46 +0000
397452,27/04/2020 05:00:36 +0000
397453,27/04/2020 04:27:55 +0000
397454,26/04/2020 21:04:14 -0700
398280,26/04/2020 16:57:23 -0700
397645,26/04/2020 15:49:00 -0700
398359,26/04/2020 15:31:32 -0700
398280,27/04/2020 05:14:46 +0900
398355,26/04/2020 11:46:52 -0700
397460,26/04/2020 11:35:44 -0500
398384,25/04/2020 13:43:52 -0700
398427,25/04/2020 10:27:05 -0700
397645,25/04/2020 09:29:51 -0700
398434,24/04/2020 22:11:35 -0700
397465,24/04/2020 21:52:50 -0700
398384,24/04/2020 18:59:15 -0700
398045,24/04/2020 18:51:25 -0700
398427,24/04/2020 18:28:41 -0700
398427,24/04/2020 18:04:26 -0700
398312,24/04/2020 17:56:58 -0700
398415,25/04/2020 09:02:16 +0900
398427,25/04/2020 08:53:00 +0900
397473,24/04/2020 22:10:58 +0000
398002,24/04/2020 11:22:08 -0700
398410,24/04/2020 11:24:15 -0500
398418,24/04/2020 22:20:32 +0900
398434,24/04/2020 19:10:18 +0900
398415,24/04/2020 08:05:27 +0000
398434,24/04/2020 04:17:06 +0000
398432,24/04/2020 12:34:44 +0900
397825,24/04/2020 12:13:10 +0900
397645,24/04/2020 02:21:53 +0000
398355,24/04/2020 11:19:20 +0900
397484,24/04/2020 04:38:15 +0900
398427,23/04/2020 15:07:44 +0000
398434,23/04/2020 10:59:35 +0000
398415,23/04/2020 15:03:20 +0900
398406,23/04/2020 14:32:10 +0900
398415,23/04/2020 14:12:10 +0900
398355,23/04/2020 04:59:59 +0000
398427,23/04/2020 13:33:04 +0900
397645,23/04/2020 04:23:33 +0000
397493,22/04/2020 20:04:17 -0700
398378,23/04/2020 10:20:39 +0900
398312,22/04/2020 17:10:30 -0700
397497,22/04/2020 09:44:43 -0500
397594,22/04/2020 08:25:24 -0500
398434,22/04/2020 12:44:06 +0000
398349,22/04/2020 21:23:48 +0900
398427,22/04/2020 10:24:49 +0000
398427,22/04/2020 10:16:39 +0000
398163,21/04/2020 18:17:19 -0700
397504,21/04/2020 14:08:37 -0700
398429,21/04/2020 11:22:18 -0700
398401,22/04/2020 00:38:57 +0900
398429,22/04/2020 00:26:23 +0900
398434,21/04/2020 12:33:58 +0000
398427,21/04/2020 11:55:33 +0000
398434,21/04/2020 10:12:56 +0000
398410,21/04/2020 12:43:14 +0800
398124,20/04/2020 21:32:43 -0700
397530,21/04/2020 03:56:42 +0000
398410,21/04/2020 11:09:05 +0800
398355,21/04/2020 10:55:13 +0900
397515,20/04/2020 14:41:45 -0700
398429,20/04/2020 13:50:07 -0700
398418,20/04/2020 13:38:24 -0700
397945,20/04/2020 13:08:55 -0700
397530,20/04/2020 11:55:48 -0700
397645,20/04/2020 07:26:38 +0000
397645,20/04/2020 06:35:16 +0000
398395,20/04/2020 02:59:09 +0000
398401,20/04/2020 10:31:44 +0900
397825,19/04/2020 10:51:09 -0700
398385,19/04/2020 09:11:17 -0700
398355,18/04/2020 13:37:12 -0700
398346,18/04/2020 09:27:44 -0700
397945,18/04/2020 20:59:45 +0900
398427,18/04/2020 00:32:42 -0700
397530,18/04/2020 00:08:36 -0700
398415,18/04/2020 09:31:52 +0900
398429,17/04/2020 13:20:34 -0700
397825,17/04/2020 12:07:34 -0700
398278,17/04/2020 13:25:12 -0500
398355,17/04/2020 14:11:17 +0000
398427,17/04/2020 13:59:02 +0000
398410,17/04/2020 08:27:21 -0500
398111,17/04/2020 17:10:48 +0900
398431,17/04/2020 06:23:54 +0000
398434,17/04/2020 04:48:27 +0000
398434,16/04/2020 21:23:32 -0700
398163,16/04/2020 18:47:46 -0700
398280,16/04/2020 16:24:11 -0700
397544,16/04/2020 14:15:10 -0700
398280,16/04/2020 12:54:10 -0700
398280,17/04/2020 02:31:08 +0900
398359,16/04/2020 17:52:22 +0900
397645,16/04/2020 02:54:38 +0000
398401,16/04/2020 10:16:58 +0900
398415,16/04/2020 08:34:26 +0900
398434,15/04/2020 11:29:55 -0700
397645,15/04/2020 16:33:56 +0000
397553,15/04/2020 03:45:39 -0700
397645,15/04/2020 06:19:12 +0000
397645,14/04/2020 14:44:00 +0000
398429,14/04/2020 08:06:55 +0000
398410,14/04/2020 14:44:54 +0800
398280,13/04/2020 23:23:00 -0700
398434,14/04/2020 05:18:58 +0000
397560,14/04/2020 14:08:56 +0900
397645,14/04/2020 04:50:20 +0000
398415,14/04/2020 13:29:44 +0900
398427,14/04/2020 10:25:37 +0900
398355,14/04/2020 10:22:46 +0900
398384,13/04/2020 17:12:26 -0700
398434,13/04/2020 14:40:53 +0000
398434,13/04/2020 14:36:25 +0000
398434,13/04/2020 19:04:36 +0900
398401,13/04/2020 18:48:41 +0900
397645,13/04/2020 06:07:31 +0000
397645,13/04/2020 05:29:54 +0000
398355,12/04/2020 23:40:36 -0500
398415,12/04/2020 23:39:27 -0500
398415,12/04/2020 23:38:17 -0500
398427,13/04/2020 03:11:28 +0000
398393,13/04/2020 10:01:31 +0900
398280,12/04/2020 13:14:41 -0700
397945,12/04/2020 13:10:57 -0700
398415,12/04/2020 13:57:54 -0500
397825,11/04/2020 08:27:30 -0700
397825,11/04/2020 08:23:59 -0700
398241,11/04/2020 08:28:11 +0900
398111,10/04/2020 13:08:19 +0000
398434,10/04/2020 08:16:48 +0000
398427,10/04/2020 07:34:01 +0000
397825,09/04/2020 21:36:26 -0700
398429,10/04/2020 03:43:32 +0000
397825,10/04/2020 12:02:41 +0900
398415,09/04/2020 19:39:34 -0500
398336,09/04/2020 19:38:11 -0500
398415,09/04/2020 13:28:01 -0500
398312,09/04/2020 09:20:02 -0700
397593,09/04/2020 12:16:43 +0000
397594,09/04/2020 11:00:29 +0000
398401,09/04/2020 16:46:27 +0900
398384,09/04/2020 15:03:08 +0900
397645,09/04/2020 05:23:52 +0000
398401,09/04/2020 13:14:41 +0900
398336,08/04/2020 22:29:44 -0500
398401,09/04/2020 11:04:35 +0900
398432,08/04/2020 16:59:39 -0700
398332,08/04/2020 13:04:59 -0700
398415,08/04/2020 10:51:04 -0500
398434,08/04/2020 17:54:28 +0900
397945,08/04/2020 12:27:40 +0900
398111,08/04/2020 12:25:06 +0900
398366,07/04/2020 17:17:47 -0700
398332,07/04/2020 15:34:33 -0700
398378,07/04/2020 14:06:19 -0700
398045,07/04/2020 13:54:36 -0700
398091,07/04/2020 09:25:01 -0700
398401,07/04/2020 23:06:53 +0900
398336,07/04/2020 09:01:45 -0500
398427,07/04/2020 07:09:45 +0000
398280,06/04/2020 12:38:12 -0700
397616,06/04/2020 09:06:01 -0500
398415,06/04/2020 09:02:22 -0500
398355,06/04/2020 21:36:51 +0900
398111,06/04/2020 17:43:02 +0900
398111,06/04/2020 06:02:02 +0000
398435,06/04/2020 05:43:29 +0000
398349,06/04/2020 05:34:59 +0000
397645,06/04/2020 05:21:04 +0000
397825,06/04/2020 11:04:21 +0900
398349,06/04/2020 09:36:20 +0900
397945,05/04/2020 16:37:03 -0700
398401,04/04/2020 08:09:15 +0900
398434,03/04/2020 09:41:03 -0700
398429,03/04/2020 12:43:33 +0000
398434,03/04/2020 16:05:07 +0900
398415,03/04/2020 14:36:03 +0900
398435,03/04/2020 04:35:31 +0000
398355,02/04/2020 21:09:16 -0700
398429,02/04/2020 16:02:47 -0700
397635,02/04/2020 08:30:18 -0500
398122,02/04/2020 08:18:14 -0500
398111,02/04/2020 09:13:22 +0000
398427,02/04/2020 08:34:36 +0000
398111,02/04/2020 16:01:54 +0900
397640,02/04/2020 12:37:58 +0900
398429,01/04/2020 12:04:40 -0700
398280,01/04/2020 12:03:41 -0700
398346,01/04/2020 11:46:41 -0700
398429,01/04/2020 16:43:32 +0900
397645,01/04/2020 07:02:26 +0000
398435,01/04/2020 04:56:05 +0000
397825,01/04/2020 03:42:26 +0000
398415,01/04/2020 10:38:03 +0900
398385,31/03/2020 18:08:55 -0700
398434,31/03/2020 17:26:58 -0700
398415,01/04/2020 08:42:15 +0900
397826,31/03/2020 16:33:26 -0500
398429,31/03/2020 13:03:52 -0700
398434,31/03/2020 17:35:26 +0000
398432,31/03/2020 16:17:26 +0000
398429,31/03/2020 23:19:46 +0800
398406,31/03/2020 19:01:08 +0800
398435,31/03/2020 17:38:47 +0800
398401,31/03/2020 16:11:59 +0900
397660,31/03/2020 15:16:17 +0900
398111,31/03/2020 12:35:01 +0900
398111,31/03/2020 12:33:46 +0900
398111,31/03/2020 12:33:01 +0900
398111,31/03/2020 12:32:04 +0900
398111,31/03/2020 12:31:25 +0900
398410,31/03/2020 10:40:17 +0800
397825,30/03/2020 19:14:14 -0700
398287,30/03/2020 18:00:54 -0700
397669,30/03/2020 15:41:57 -0700
397765,30/03/2020 12:44:46 -0500
398435,30/03/2020 16:46:31 +0800
398410,30/03/2020 13:37:56 +0800
397673,30/03/2020 13:20:57 +0800
398435,30/03/2020 12:20:11 +0800
397682,29/03/2020 14:27:19 -0700
398427,29/03/2020 11:32:22 -0700
398415,29/03/2020 11:19:24 -0500
397945,28/03/2020 22:05:16 -0700
398401,29/03/2020 13:59:18 +0900
398387,29/03/2020 13:30:14 +0900
398401,28/03/2020 18:36:34 -0700
397682,29/03/2020 08:48:08 +0900
397825,27/03/2020 18:44:53 -0700
398429,27/03/2020 15:45:35 -0700
398385,27/03/2020 10:47:21 -0700
398429,27/03/2020 09:35:35 -0700
397789,27/03/2020 09:13:55 -0700
398435,27/03/2020 09:06:59 -0700
398435,27/03/2020 21:14:25 +0800
398427,27/03/2020 15:21:19 +0800
397945,26/03/2020 23:51:15 -0700
397945,26/03/2020 23:49:24 -0700
398044,27/03/2020 14:28:57 +0800
398415,27/03/2020 14:05:49 +0800
398280,27/03/2020 13:35:28 +0800
398395,27/03/2020 12:48:14 +0800
398427,27/03/2020 12:05:45 +0800
398349,27/03/2020 12:10:30 +0900
398111,27/03/2020 08:09:17 +0900
398435,26/03/2020 13:14:28 -0700
398434,26/03/2020 09:11:13 -0700
398378,26/03/2020 09:46:36 -0500
398429,26/03/2020 22:57:01 +0900
398111,26/03/2020 20:11:15 +0900
398434,26/03/2020 18:52:56 +0800
398435,26/03/2020 17:45:29 +0800
398401,26/03/2020 15:42:54 +0800
398427,26/03/2020 15:03:16 +0800
398415,26/03/2020 14:24:53 +0800
398415,26/03/2020 13:53:31 +0800
398435,26/03/2020 13:36:00 +0800
398406,26/03/2020 12:37:48 +0800
398427,26/03/2020 13:06:21 +0900
398401,26/03/2020 12:33:17 +0900
398427,26/03/2020 10:48:11 +0900
397825,25/03/2020 12:38:15 -0700
398429,25/03/2020 09:25:55 -0700
398355,25/03/2020 08:37:28 -0700
398435,25/03/2020 16:32:28 +0800
397720,25/03/2020 15:00:15 +0800
398053,25/03/2020 13:19:43 +0800
398053,25/03/2020 13:43:35 +0900
398280,24/03/2020 13:37:13 -0700
398280,24/03/2020 13:00:46 -0500
398434,24/03/2020 23:03:57 +0800
398435,24/03/2020 21:14:25 +0800
398401,24/03/2020 17:59:43 +0900
398401,24/03/2020 14:10:59 +0900
398429,24/03/2020 12:07:22 +0800
398435,23/03/2020 23:02:48 +0900
398429,23/03/2020 22:00:50 +0800
398434,23/03/2020 16:28:34 +0800
398435,23/03/2020 14:21:24 +0800
398005,22/03/2020 22:22:13 -0700
398111,23/03/2020 13:01:44 +0900
398410,23/03/2020 11:16:57 +0800
398111,23/03/2020 11:07:43 +0900
398427,22/03/2020 14:22:44 +0900
398415,22/03/2020 12:44:18 +0800
398432,21/03/2020 19:10:23 -0700
398312,21/03/2020 18:59:29 -0700
397789,21/03/2020 18:26:53 -0700
398091,21/03/2020 17:41:23 -0700
397744,20/03/2020 10:32:58 -0500
398415,20/03/2020 10:28:00 -0500
398427,20/03/2020 21:59:26 +0800
398435,20/03/2020 19:02:54 +0900
398435,20/03/2020 15:57:21 +0900
398435,20/03/2020 13:57:49 +0800
397825,20/03/2020 12:28:57 +0800
398355,19/03/2020 20:11:04 -0700
397825,19/03/2020 16:08:51 -0700
398429,20/03/2020 00:52:09 +0900
398074,19/03/2020 20:53:01 +0900
398435,19/03/2020 12:49:51 +0800
398054,19/03/2020 12:12:39 +0900
398366,18/03/2020 18:07:24 -0700
398429,19/03/2020 07:29:31 +0900
398427,19/03/2020 07:27:06 +0900
398415,18/03/2020 13:21:24 -0500
398434,18/03/2020 23:56:48 +0800
398427,18/03/2020 20:19:50 +0800
398427,18/03/2020 12:29:39 +0800
397826,17/03/2020 16:15:02 -0700
397765,17/03/2020 14:23:28 -0700
398045,17/03/2020 12:04:06 -0700
398429,17/03/2020 11:48:54 -0700
397768,17/03/2020 11:20:10 -0700
398427,17/03/2020 23:03:18 +0800
398427,17/03/2020 21:53:46 +0800
398355,17/03/2020 00:52:45 -0700
398429,17/03/2020 00:23:16 -0700
398387,17/03/2020 14:20:16 +0800
397774,16/03/2020 21:53:58 -0700
398429,17/03/2020 12:01:29 +0800
398410,17/03/2020 11:29:08 +0800
398336,17/03/2020 10:44:21 +0900
398181,17/03/2020 10:41:41 +0900
398434,16/03/2020 11:45:25 -0700
398401,16/03/2020 11:22:34 -0700
398415,16/03/2020 12:41:22 -0500
397782,16/03/2020 10:31:56 -0700
398431,16/03/2020 23:33:56 +0800
398435,16/03/2020 17:06:15 +0800
398429,16/03/2020 16:48:31 +0900
398312,15/03/2020 23:55:04 -0700
398005,15/03/2020 20:20:23 -0500
398111,16/03/2020 10:08:07 +0900
397789,15/03/2020 12:39:46 -0500
398181,15/03/2020 13:09:35 +0900
397945,15/03/2020 07:35:20 +0900
398401,13/03/2020 16:44:23 -0700
398170,13/03/2020 15:55:29 -0700
397794,13/03/2020 15:24:48 -0700
398280,13/03/2020 12:58:49 -0700
398384,12/03/2020 20:01:17 -0700
397945,13/03/2020 11:45:59 +0900
398312,12/03/2020 19:04:35 -0700
398429,13/03/2020 10:47:36 +0900
398427,12/03/2020 12:59:29 -0700
398427,12/03/2020 09:24:49 -0700
397825,12/03/2020 09:06:29 -0700
398429,12/03/2020 21:28:24 +0800
398434,12/03/2020 21:16:02 +0900
398427,12/03/2020 18:13:52 +0800
398432,11/03/2020 20:27:00 -0700
398410,12/03/2020 11:21:30 +0800
397825,11/03/2020 19:26:15 -0700
398111,12/03/2020 11:03:47 +0900
398111,12/03/2020 11:02:29 +0900
398111,12/03/2020 09:54:08 +0900
398111,12/03/2020 09:52:57 +0900
398111,12/03/2020 09:52:20 +0900
398429,11/03/2020 16:52:40 -0700
398045,11/03/2020 14:42:31 -0700
398415,11/03/2020 13:51:49 -0500
398429,11/03/2020 09:55:24 -0700
398429,11/03/2020 23:47:13 +0800
398181,11/03/2020 08:22:02 -0500
398435,11/03/2020 20:53:56 +0800
398427,11/03/2020 20:13:59 +0800
398349,11/03/2020 18:27:48 +0800
398406,11/03/2020 14:11:13 +0800
398429,10/03/2020 21:50:44 -0700
397825,10/03/2020 17:50:34 -0700
397826,11/03/2020 08:47:30 +0900
398434,10/03/2020 11:09:36 -0700
398427,10/03/2020 22:08:58 +0800
398395,10/03/2020 20:15:48 +0800
398091,10/03/2020 19:08:59 +0800
398111,10/03/2020 18:04:09 +0900
398401,10/03/2020 00:33:32 -0700
398375,10/03/2020 14:15:44 +0800
398376,10/03/2020 11:37:31 +0800
398378,09/03/2020 12:17:59 -0700
398349,09/03/2020 11:06:45 -0700
398415,09/03/2020 09:11:21 -0500
398434,09/03/2020 15:53:34 +0800
398280,08/03/2020 20:20:39 -0700
398429,08/03/2020 11:41:09 -0700
398111,08/03/2020 12:33:02 +0900
398111,08/03/2020 12:31:57 +0900
398415,07/03/2020 18:09:00 -0600
398181,07/03/2020 11:43:32 -0600
398415,07/03/2020 11:42:05 -0600
398044,06/03/2020 21:09:24 +0000
398332,06/03/2020 16:45:06 +0800
398355,06/03/2020 16:57:03 +0900
398366,06/03/2020 15:40:44 +0800
398415,06/03/2020 13:24:30 +0800
398384,05/03/2020 21:22:32 -0800
398434,06/03/2020 13:00:04 +0800
398435,06/03/2020 12:29:35 +0800
398343,05/03/2020 20:09:39 -0800
398375,06/03/2020 11:41:45 +0800
398111,06/03/2020 11:19:08 +0900
398111,06/03/2020 11:08:57 +0900
398435,06/03/2020 10:35:44 +0900
398401,06/03/2020 10:33:20 +0900
398359,06/03/2020 10:30:59 +0900
398355,05/03/2020 16:54:59 -0800
398401,06/03/2020 09:39:02 +0900
398044,06/03/2020 00:13:57 +0000
398434,05/03/2020 10:56:49 -0800
398429,06/03/2020 00:46:34 +0800
398434,05/03/2020 21:31:26 +0800
398435,05/03/2020 20:49:43 +0800
398429,05/03/2020 20:43:52 +0900
398427,05/03/2020 19:38:20 +0800
398375,05/03/2020 18:53:01 +0800
398395,05/03/2020 18:33:59 +0800
398434,05/03/2020 00:21:32 -0800
398406,05/03/2020 15:29:39 +0800
398427,04/03/2020 20:37:51 -0800
398111,05/03/2020 11:58:21 +0900
398432,04/03/2020 10:05:26 -0800
398044,04/03/2020 23:41:49 +0900
398434,04/03/2020 20:21:48 +0800
398395,04/03/2020 18:09:48 +0800
398429,04/03/2020 18:27:44 +0900
398170,04/03/2020 13:55:34 +0800
398406,04/03/2020 13:56:02 +0900
398336,04/03/2020 12:20:02 +0800
398410,04/03/2020 11:02:27 +0800
398434,03/03/2020 13:40:51 -0800
398355,03/03/2020 12:25:12 -0800
398395,04/03/2020 00:55:26 +0800
397888,03/03/2020 09:55:15 -0600
397889,03/03/2020 09:29:43 -0600
398278,03/03/2020 09:27:18 -0600
397974,03/03/2020 09:24:33 -0600
398384,03/03/2020 19:34:19 +0800
398355,03/03/2020 19:00:33 +0900
398427,03/03/2020 14:21:20 +0800
398401,03/03/2020 10:24:50 +0900
398375,02/03/2020 16:04:00 -0800
398398,02/03/2020 15:20:45 -0800
398434,02/03/2020 11:23:07 -0800
398042,02/03/2020 08:56:17 -0600
398432,02/03/2020 22:33:11 +0800
398384,02/03/2020 15:48:48 +0800
398111,02/03/2020 15:16:40 +0900
398111,02/03/2020 15:15:49 +0900
398111,02/03/2020 15:14:47 +0900
397905,02/03/2020 15:13:58 +0900
398415,02/03/2020 10:33:26 +0900
398435,02/03/2020 10:30:00 +0900
398398,02/03/2020 10:19:12 +0900
398332,01/03/2020 10:55:41 +0900
398378,28/02/2020 15:23:33 -0600
398378,28/02/2020 11:43:05 -0800
398415,28/02/2020 11:22:08 -0800
398434,28/02/2020 10:54:38 -0800
398332,28/02/2020 22:57:50 +0800
398091,28/02/2020 18:42:15 +0800
398410,28/02/2020 16:55:24 +0800
398427,28/02/2020 00:01:20 -0800
398415,28/02/2020 15:18:25 +0900
398429,28/02/2020 15:14:23 +0900
398336,28/02/2020 12:59:39 +0900
398336,28/02/2020 12:58:56 +0900
398434,28/02/2020 11:50:20 +0800
398349,28/02/2020 12:29:46 +0900
398355,27/02/2020 17:19:27 -0800
398343,27/02/2020 17:05:56 -0800
397926,27/02/2020 11:05:53 -0600
398427,27/02/2020 23:12:35 +0900
398434,27/02/2020 21:29:42 +0800
398401,27/02/2020 00:18:46 -0800
398091,27/02/2020 16:40:10 +0900
398349,27/02/2020 14:09:07 +0800
398111,27/02/2020 13:42:02 +0800
398343,26/02/2020 19:24:41 -0800
398111,27/02/2020 11:05:11 +0900
398401,26/02/2020 18:01:26 -0800
398111,27/02/2020 10:58:44 +0900
398111,27/02/2020 10:57:34 +0900
398111,27/02/2020 10:56:38 +0900
398415,26/02/2020 19:45:15 -0600
398427,26/02/2020 14:40:32 -0800
398429,26/02/2020 13:59:43 -0800
398332,27/02/2020 01:48:12 +0800
398395,27/02/2020 00:21:38 +0800
398401,26/02/2020 20:48:43 +0900
397945,25/02/2020 19:44:31 -0800
398434,26/02/2020 11:55:05 +0900
398432,25/02/2020 15:29:36 -0800
398432,25/02/2020 15:17:16 -0800
398429,25/02/2020 14:10:29 -0800
398410,25/02/2020 12:32:12 -0600
398378,25/02/2020 10:55:56 -0600
398435,25/02/2020 23:05:28 +0800
398427,25/02/2020 22:19:24 +0800
398406,25/02/2020 17:37:34 +0900
397955,25/02/2020 17:04:13 +0900
398395,25/02/2020 13:04:28 +0800
398170,25/02/2020 12:28:31 +0800
398111,25/02/2020 11:39:11 +0900
398278,24/02/2020 20:18:10 -0600
397960,24/02/2020 20:16:00 -0600
398359,24/02/2020 13:46:21 -0800
398170,24/02/2020 18:48:19 +0900
398111,24/02/2020 00:28:46 -0800
398359,24/02/2020 16:48:48 +0900
398359,24/02/2020 16:47:08 +0900
397966,24/02/2020 15:42:45 +0800
398366,24/02/2020 15:16:37 +0800
398431,24/02/2020 14:29:25 +0800
398435,24/02/2020 14:06:25 +0800
398415,24/02/2020 11:14:54 +0800
398434,23/02/2020 17:46:19 +0900
398434,23/02/2020 09:52:54 +0900
397973,21/02/2020 21:39:35 -0700
397974,22/02/2020 09:52:45 +0900
398435,22/02/2020 09:48:10 +0900
398111,22/02/2020 09:46:42 +0900
398054,21/02/2020 11:40:28 -0800
398091,21/02/2020 23:36:14 +0800
398375,21/02/2020 22:49:20 +0800
398406,21/02/2020 17:03:22 +0800
398435,21/02/2020 15:32:11 +0800
398434,21/02/2020 14:46:54 +0800
398434,21/02/2020 15:21:53 +0900
398181,21/02/2020 14:53:40 +0900
397985,21/02/2020 12:55:32 +0800
398384,21/02/2020 10:06:45 +0900
398343,20/02/2020 09:08:33 -0800
398435,21/02/2020 00:44:09 +0800
398435,21/02/2020 00:00:48 +0800
398429,20/02/2020 22:10:04 +0800
398435,20/02/2020 21:26:20 +0800
398384,20/02/2020 00:59:22 -0800
398401,19/02/2020 23:01:49 -0800
398429,20/02/2020 13:07:52 +0800
397995,20/02/2020 12:21:24 +0900
398053,19/02/2020 17:04:47 -0800
398415,19/02/2020 17:29:52 -0600
398163,19/02/2020 10:17:46 -0800
398427,19/02/2020 10:47:59 -0600
398429,19/02/2020 22:26:56 +0800
398002,19/02/2020 20:23:22 +0800
398181,19/02/2020 17:28:58 +0900
398431,19/02/2020 15:55:29 +0800
398005,19/02/2020 15:05:34 +0800
398111,19/02/2020 14:26:27 +0800
398401,19/02/2020 11:17:47 +0900
398429,18/02/2020 21:19:57 +0100
398434,18/02/2020 20:39:50 +0800
398434,18/02/2020 16:10:43 +0800
398052,18/02/2020 16:46:45 +0900
398401,18/02/2020 14:28:44 +0800
398395,18/02/2020 13:01:45 +0800
398060,18/02/2020 09:22:26 +0800
398393,17/02/2020 19:19:28 -0600
398111,18/02/2020 09:44:34 +0900
398416,18/02/2020 09:42:31 +0900
398416,18/02/2020 02:26:52 +0800
398435,18/02/2020 02:15:44 +0800
398434,18/02/2020 01:52:23 +0800
398406,18/02/2020 01:44:14 +0800
398418,17/02/2020 09:26:56 -0800
398023,17/02/2020 18:15:54 +0100
398406,18/02/2020 00:52:05 +0800
398410,17/02/2020 09:41:38 -0600
398026,17/02/2020 09:30:35 -0600
398435,17/02/2020 22:51:56 +0800
398406,17/02/2020 22:06:58 +0800
398029,17/02/2020 20:16:31 +0800
398432,17/02/2020 20:45:24 +0900
398432,17/02/2020 20:41:56 +0900
398355,17/02/2020 16:05:08 +0900
398435,17/02/2020 13:59:21 +0800
398429,17/02/2020 12:40:52 +0800
398429,17/02/2020 12:07:46 +0800
398427,17/02/2020 12:06:25 +0900
398351,17/02/2020 11:06:51 +0900
398384,17/02/2020 09:54:00 +0900
398410,16/02/2020 10:01:49 -0600
398406,16/02/2020 09:55:03 -0600
398415,16/02/2020 09:53:12 -0600
398042,16/02/2020 09:51:02 -0600
398435,15/02/2020 19:49:58 +0800
398044,14/02/2020 21:46:01 +0000
398045,14/02/2020 12:36:52 -0800
398401,14/02/2020 10:18:08 -0800
398435,14/02/2020 22:16:57 +0800
398401,14/02/2020 18:20:18 +0800
398434,14/02/2020 16:52:28 +0800
398052,14/02/2020 13:49:11 +0900
398375,14/02/2020 11:20:55 +0800
398052,14/02/2020 11:00:35 +0900
398053,13/02/2020 17:43:55 -0800
398054,13/02/2020 16:15:00 -0800
398054,13/02/2020 16:15:00 -0800
398055,13/02/2020 23:58:55 +0100
398343,13/02/2020 11:42:00 -0800
398343,13/02/2020 11:17:27 -0800
398429,13/02/2020 20:09:24 +0100
398355,13/02/2020 10:53:55 -0800
398060,13/02/2020 23:55:13 +0800
398418,13/02/2020 22:48:27 +0800
398111,13/02/2020 22:06:24 +0800
398395,13/02/2020 20:13:36 +0800
398375,13/02/2020 19:32:38 +0800
398332,13/02/2020 12:23:40 +0800
398378,12/02/2020 16:45:42 -0600
398385,12/02/2020 14:27:18 -0800
398435,13/02/2020 02:31:48 +0800
398091,13/02/2020 02:00:23 +0800
398435,12/02/2020 23:50:34 +0800
398435,12/02/2020 20:12:38 +0800
398122,12/02/2020 20:21:52 +0900
398111,12/02/2020 14:49:22 +0800
398074,12/02/2020 15:19:16 +0900
398401,12/02/2020 10:49:46 +0900
398163,12/02/2020 10:48:29 +0900
398435,11/02/2020 10:15:34 -0800
398401,11/02/2020 09:55:02 -0800
398079,12/02/2020 00:12:45 +0800
398435,11/02/2020 09:07:40 -0600
398382,11/02/2020 22:16:44 +0800
398409,11/02/2020 20:42:02 +0800
398401,11/02/2020 17:22:08 +0900
398401,11/02/2020 15:50:03 +0900
398351,11/02/2020 10:03:01 +0900
398170,10/02/2020 14:26:14 -0800
398406,10/02/2020 22:16:25 +0100
398435,10/02/2020 12:51:37 -0800
398401,10/02/2020 10:56:43 -0800
398349,10/02/2020 10:45:00 -0800
398091,10/02/2020 23:41:39 +0800
398431,10/02/2020 21:48:00 +0800
398395,10/02/2020 19:04:49 +0800
398427,10/02/2020 16:23:44 +0900
398349,09/02/2020 19:45:16 -0800
398384,09/02/2020 14:18:51 -0800
398181,09/02/2020 19:20:47 +0900
398415,09/02/2020 13:14:30 +0800
398406,08/02/2020 14:28:15 -0800
398406,08/02/2020 14:10:28 -0800
398410,08/02/2020 08:46:16 +0800
398395,08/02/2020 02:47:44 +0800
398435,08/02/2020 02:32:07 +0800
398104,07/02/2020 18:42:16 +0900
398406,06/02/2020 14:58:53 -0800
398429,06/02/2020 13:33:39 -0800
398429,06/02/2020 09:16:14 -0800
398406,06/02/2020 20:53:44 +0800
398434,06/02/2020 20:34:29 +0800
398434,06/02/2020 20:20:44 +0800
398111,06/02/2020 15:24:26 +0900
398395,06/02/2020 13:54:17 +0800
398434,06/02/2020 12:48:27 +0800
398401,06/02/2020 13:01:08 +0900
398401,05/02/2020 17:01:33 -0800
398343,05/02/2020 16:55:45 -0800
398117,05/02/2020 14:16:59 -0800
398429,05/02/2020 12:36:51 -0800
398406,05/02/2020 11:19:42 -0800
398343,05/02/2020 11:01:53 -0800
398402,05/02/2020 07:54:16 -0800
398122,05/02/2020 21:24:02 +0800
398435,05/02/2020 18:48:45 +0800
398124,05/02/2020 01:17:30 -0800
398434,05/02/2020 17:16:38 +0800
398434,05/02/2020 16:15:44 +0800
398401,05/02/2020 16:45:54 +0900
398401,05/02/2020 11:38:33 +0900
398343,04/02/2020 17:26:46 -0800
398385,04/02/2020 17:22:23 -0800
398435,04/02/2020 21:17:05 +0800
398435,04/02/2020 16:33:34 +0900
398375,04/02/2020 12:31:44 +0800
398343,03/02/2020 19:57:16 -0800
398382,04/02/2020 01:24:53 +0800
398406,02/02/2020 23:37:13 -0800
398366,03/02/2020 14:08:59 +0800
398336,03/02/2020 11:09:25 +0900
398343,02/02/2020 00:44:25 -0800
398418,01/02/2020 20:50:47 -0800
398410,01/02/2020 15:19:16 +0800
398343,01/02/2020 15:38:16 +0900
398143,31/01/2020 21:14:11 -0800
398378,31/01/2020 22:20:28 -0600
398349,31/01/2020 19:55:25 -0800
398410,31/01/2020 21:04:26 -0600
398343,31/01/2020 17:41:27 -0800
398434,31/01/2020 15:05:26 -0800
398435,31/01/2020 15:03:16 -0600
398150,31/01/2020 14:28:02 -0600
398280,31/01/2020 11:58:52 -0800
398429,01/02/2020 02:59:16 +0800
398415,31/01/2020 12:52:22 -0600
398432,31/01/2020 10:17:07 -0800
398378,31/01/2020 09:48:34 -0800
398230,31/01/2020 09:26:03 -0800
398434,01/02/2020 01:03:00 +0800
398158,31/01/2020 08:49:34 -0600
398378,31/01/2020 08:25:32 -0600
398401,31/01/2020 22:50:01 +0900
398366,31/01/2020 16:41:10 +0800
398415,30/01/2020 23:36:39 -0800
398163,31/01/2020 16:14:07 +0900
398343,30/01/2020 22:51:51 -0800
398366,30/01/2020 22:02:48 -0800
398166,31/01/2020 14:01:32 +0800
398429,31/01/2020 13:37:43 +0800
398432,30/01/2020 21:04:08 -0800
398432,30/01/2020 20:21:43 -0800
398170,30/01/2020 18:14:50 -0800
398349,30/01/2020 13:23:58 -0800
398415,30/01/2020 13:13:10 -0600
398429,30/01/2020 10:34:59 -0800
398429,30/01/2020 10:27:35 -0800
398175,30/01/2020 09:41:32 -0800
398435,30/01/2020 09:05:14 -0800
398410,30/01/2020 10:52:07 -0600
398343,30/01/2020 03:17:29 -0800
398181,30/01/2020 16:40:38 +0900
398405,29/01/2020 20:55:29 -0800
398181,30/01/2020 13:04:53 +0900
398336,29/01/2020 18:42:18 -0600
398378,29/01/2020 15:37:11 -0800
398184,29/01/2020 13:43:51 -0800
398185,29/01/2020 15:02:48 -0600
398186,29/01/2020 08:49:45 -0600
398241,29/01/2020 08:41:40 -0600
398355,29/01/2020 12:23:59 +0900
398336,29/01/2020 10:37:08 +0900
398432,28/01/2020 17:16:21 -0800
398343,28/01/2020 12:48:16 -0800
398410,28/01/2020 20:55:21 +0800
398435,27/01/2020 11:19:32 -0800
398194,27/01/2020 10:32:15 -0800
398432,27/01/2020 10:20:51 -0800
398241,27/01/2020 08:59:48 -0600
398241,27/01/2020 08:58:45 -0600
398241,27/01/2020 08:37:42 -0600
398351,26/01/2020 15:21:06 -0800
398376,26/01/2020 12:59:24 -0800
398224,25/01/2020 23:17:36 -0800
398224,25/01/2020 21:34:12 -0800
398336,25/01/2020 21:16:22 -0800
398336,26/01/2020 12:59:53 +0900
398241,26/01/2020 09:11:33 +0900
398343,25/01/2020 15:41:55 -0800
398385,24/01/2020 22:17:28 -0800
398415,24/01/2020 12:12:46 -0800
398209,24/01/2020 12:00:30 -0800
398343,24/01/2020 11:49:24 -0800
398384,23/01/2020 21:42:43 -0800
398212,24/01/2020 13:10:09 +0900
398224,23/01/2020 16:23:16 -0800
398224,23/01/2020 15:34:54 -0800
398395,24/01/2020 08:23:07 +0900
398427,23/01/2020 13:13:25 -0800
398429,23/01/2020 13:02:10 -0800
398218,23/01/2020 12:44:43 -0800
398389,23/01/2020 11:29:13 -0600
398429,24/01/2020 01:15:57 +0800
398406,23/01/2020 08:35:32 -0800
398435,23/01/2020 23:01:25 +0800
398429,23/01/2020 21:56:54 +0800
398224,23/01/2020 21:41:56 +0800
398415,23/01/2020 17:51:16 +0900
398410,23/01/2020 16:44:13 +0800
398336,23/01/2020 16:16:47 +0900
398401,23/01/2020 16:00:21 +0900
398366,22/01/2020 22:43:46 -0800
398230,22/01/2020 19:20:25 -0800
398416,22/01/2020 18:21:11 -0800
398232,22/01/2020 19:51:08 -0600
398241,22/01/2020 18:46:28 -0600
398241,22/01/2020 18:30:42 -0600
398435,22/01/2020 15:40:24 -0800
398236,22/01/2020 14:20:28 -0800
398431,22/01/2020 09:02:34 -0800
398427,23/01/2020 00:41:46 +0800
398241,22/01/2020 08:59:34 -0600
398241,22/01/2020 08:45:03 -0600
398241,22/01/2020 08:41:31 -0600
398410,22/01/2020 08:24:11 -0600
398429,22/01/2020 21:31:11 +0800
398427,22/01/2020 16:00:05 +0800
398401,22/01/2020 15:32:58 +0900
398246,21/01/2020 21:37:21 -0800
398435,21/01/2020 14:27:55 -0800
398382,21/01/2020 21:26:30 +0800
398434,21/01/2020 21:09:48 +0800
398427,21/01/2020 20:51:10 +0800
398427,21/01/2020 20:35:47 +0800
398401,21/01/2020 18:23:03 +0900
398401,20/01/2020 23:08:24 -0800
398429,21/01/2020 14:45:50 +0800
398434,21/01/2020 14:23:55 +0800
398256,20/01/2020 20:20:37 -0800
398435,21/01/2020 11:38:05 +0800
398427,21/01/2020 11:14:26 +0800
398427,21/01/2020 10:37:49 +0800
398401,21/01/2020 10:20:01 +0900
398435,21/01/2020 10:19:07 +0900
398434,20/01/2020 21:42:33 +0800
398395,20/01/2020 21:33:44 +0800
398435,20/01/2020 15:22:23 +0900
398435,20/01/2020 13:59:22 +0900
398427,20/01/2020 12:17:37 +0800
398398,19/01/2020 19:12:19 -0800
398355,19/01/2020 19:05:30 -0800
398278,19/01/2020 18:39:38 -0800
398343,19/01/2020 17:42:34 -0800
398280,20/01/2020 10:11:41 +0900
398395,19/01/2020 14:44:12 -0800
398273,19/01/2020 14:14:45 -0800
398435,19/01/2020 17:22:38 +0800
398427,19/01/2020 15:27:51 +0800
398431,19/01/2020 15:10:05 +0800
398278,18/01/2020 11:50:59 -0800
398278,18/01/2020 11:48:43 -0800
398401,18/01/2020 00:18:12 -0800
398280,18/01/2020 00:15:49 -0800
398336,17/01/2020 19:34:30 -0600
398343,17/01/2020 17:20:15 -0800
398283,17/01/2020 17:17:29 -0800
398343,17/01/2020 13:40:50 -0800
398312,17/01/2020 10:45:36 -0800
398286,17/01/2020 10:43:47 -0800
398287,18/01/2020 01:00:45 +0800
398288,17/01/2020 09:46:29 -0600
398378,17/01/2020 08:15:25 -0600
398395,17/01/2020 16:51:44 +0800
398401,17/01/2020 15:00:18 +0900
398429,17/01/2020 12:40:51 +0800
398401,16/01/2020 19:27:30 -0800
398435,17/01/2020 11:44:49 +0900
398415,17/01/2020 10:04:41 +0800
398343,16/01/2020 16:00:58 -0800
398420,16/01/2020 13:37:11 -0800
398431,16/01/2020 22:52:00 +0800
398427,16/01/2020 21:46:07 +0800
398415,16/01/2020 19:23:10 +0800
398435,16/01/2020 13:36:28 +0900
398302,15/01/2020 20:19:44 -0800
398435,16/01/2020 13:10:08 +0900
398349,15/01/2020 20:09:12 -0800
398401,16/01/2020 12:39:44 +0900
398410,16/01/2020 11:01:30 +0800
398434,16/01/2020 11:14:43 +0900
398355,16/01/2020 11:11:36 +0900
398429,15/01/2020 17:38:52 -0800
398355,16/01/2020 08:36:22 +0900
398311,15/01/2020 13:27:15 -0800
398312,15/01/2020 11:46:34 -0800
398432,15/01/2020 10:47:31 -0800
398336,15/01/2020 08:43:36 -0600
398336,15/01/2020 08:42:24 -0600
398355,15/01/2020 22:02:16 +0900
398384,15/01/2020 21:52:43 +0900
398435,15/01/2020 16:41:26 +0900
398336,15/01/2020 12:29:23 +0800
398435,14/01/2020 11:49:50 -0800
398435,14/01/2020 11:48:07 -0800
398416,14/01/2020 10:05:47 -0800
398410,14/01/2020 08:25:51 -0600
398345,14/01/2020 22:07:13 +0800
398431,14/01/2020 20:31:44 +0800
398415,14/01/2020 17:24:17 +0800
398327,14/01/2020 17:17:13 +0800
398409,14/01/2020 17:03:10 +0800
398435,14/01/2020 16:03:10 +0900
398435,14/01/2020 11:06:48 +0900
398401,14/01/2020 10:40:35 +0900
398332,14/01/2020 09:31:09 +0900
398431,13/01/2020 22:55:19 +0800
398415,13/01/2020 08:24:49 -0600
398415,13/01/2020 08:22:20 -0600
398336,13/01/2020 19:03:32 +0800
398401,13/01/2020 18:47:15 +0900
398432,12/01/2020 23:19:37 -0800
398343,12/01/2020 23:03:34 -0800
398346,13/01/2020 15:12:19 +0900
398410,13/01/2020 13:48:36 +0800
398401,13/01/2020 10:47:51 +0900
398343,12/01/2020 23:45:31 +0000
398435,12/01/2020 13:18:19 -0800
398345,12/01/2020 15:18:30 +0800
398346,12/01/2020 15:03:57 +0800
398348,11/01/2020 20:08:46 -0800
398348,11/01/2020 19:51:52 -0800
398349,11/01/2020 13:19:04 -0800
398350,10/01/2020 16:59:51 -0800
398351,10/01/2020 14:37:59 -0800
398385,10/01/2020 11:46:28 -0800
398432,10/01/2020 09:52:59 -0800
398387,10/01/2020 10:55:53 -0600
398355,10/01/2020 23:33:08 +0900
398378,10/01/2020 08:32:28 -0600
398409,10/01/2020 22:36:45 +0900
398401,10/01/2020 22:35:54 +0900
398359,10/01/2020 21:42:10 +0900
398427,10/01/2020 16:47:08 +0800
398432,10/01/2020 15:30:54 +0900
398429,10/01/2020 10:34:46 +0900
398435,10/01/2020 10:32:36 +0900
398364,09/01/2020 15:28:45 -0800
398434,09/01/2020 11:35:29 -0800
398366,09/01/2020 11:18:16 -0800
398415,09/01/2020 09:23:10 -0600
398384,09/01/2020 21:53:37 +0800
398401,09/01/2020 13:45:50 +0900
398390,08/01/2020 19:38:20 -0800
398427,09/01/2020 10:52:36 +0800
398401,09/01/2020 11:42:52 +0900
398401,09/01/2020 10:22:50 +0900
398416,08/01/2020 16:28:19 -0800
398375,08/01/2020 16:11:46 -0800
398376,08/01/2020 11:30:32 -0800
398432,08/01/2020 09:15:41 -0800
398378,08/01/2020 09:13:48 -0800
398410,09/01/2020 00:07:42 +0900
398434,08/01/2020 09:06:20 -0600
398387,08/01/2020 08:22:38 -0600
398382,08/01/2020 20:28:15 +0800
398395,08/01/2020 19:33:19 +0800
398384,07/01/2020 22:39:25 -0800
398385,07/01/2020 18:46:13 -0800
398401,07/01/2020 18:43:21 -0800
398387,08/01/2020 11:28:37 +0900
398410,08/01/2020 10:05:29 +0800
398389,08/01/2020 09:20:39 +0900
398390,07/01/2020 15:14:17 -0800
398416,07/01/2020 14:24:36 -0800
398392,08/01/2020 00:38:15 +0800
398393,07/01/2020 08:34:59 -0600
398427,07/01/2020 22:12:09 +0800
398395,07/01/2020 21:32:08 +0800
398401,07/01/2020 14:31:59 +0900
398398,07/01/2020 14:30:10 +0900
398398,07/01/2020 13:01:37 +0800
398434,07/01/2020 12:05:27 +0800
398418,07/01/2020 11:41:34 +0800
398401,07/01/2020 10:13:40 +0900
398402,06/01/2020 16:18:51 -0800
398432,06/01/2020 08:41:55 -0800
398404,06/01/2020 23:53:45 +0800
398405,06/01/2020 22:54:37 +0800
398406,06/01/2020 12:26:02 +0800
398410,06/01/2020 10:05:42 +0800
398415,05/01/2020 18:48:47 -0600
398409,04/01/2020 15:49:11 -0600
398410,04/01/2020 10:25:02 -0600
398411,04/01/2020 10:17:43 -0600
398429,03/01/2020 12:51:10 -0800
398413,03/01/2020 12:44:49 -0800
398415,03/01/2020 12:01:11 -0600
398415,03/01/2020 11:42:56 -0600
398416,03/01/2020 11:41:45 -0600
398434,03/01/2020 22:54:05 +0800
398418,03/01/2020 22:36:31 +0800
398434,03/01/2020 21:48:14 +0800
398420,03/01/2020 18:38:18 +0900
398427,03/01/2020 16:09:06 +0800
398422,02/01/2020 21:13:15 -0800
398435,03/01/2020 13:26:48 +0900
398435,03/01/2020 10:41:30 +0900
398425,02/01/2020 16:40:22 -0800
398426,02/01/2020 14:48:36 -0600
398427,03/01/2020 02:04:20 +0800
398429,03/01/2020 01:55:38 +0800
398429,03/01/2020 01:41:32 +0800
398431,02/01/2020 23:11:56 +0800
398431,02/01/2020 21:55:36 +0800
398432,02/01/2020 15:44:45 +0800
398434,02/01/2020 15:35:33 +0900
398434,02/01/2020 09:59:15 +0900
398435,02/01/2020 09:56:50 +0900
