124634,31/12/2020 14:33:44 +1100
122318,31/12/2020 00:17:41 +0100
122329,30/12/2020 14:46:08 -0800
124190,30/12/2020 22:35:28 +0000
122444,31/12/2020 01:30:01 +0900
122329,30/12/2020 08:00:55 -0800
124655,30/12/2020 16:13:42 +0100
124655,30/12/2020 15:29:17 +0100
124634,30/12/2020 22:19:51 +1100
124634,30/12/2020 15:17:17 +1100
124634,30/12/2020 12:46:58 +1100
124190,30/12/2020 01:22:09 +0000
122329,29/12/2020 17:20:39 -0800
123113,30/12/2020 10:19:28 +0900
122331,30/12/2020 09:58:20 +0900
123113,30/12/2020 03:34:35 +0900
122338,29/12/2020 12:11:03 -0600
122444,29/12/2020 23:26:08 +0900
122335,29/12/2020 09:24:19 -0500
124655,29/12/2020 00:22:36 +0100
124657,28/12/2020 23:05:29 +0000
122338,28/12/2020 15:37:06 -0600
123598,29/12/2020 05:01:32 +0800
122340,28/12/2020 15:58:58 -0500
123598,28/12/2020 23:51:26 +0800
124655,28/12/2020 16:36:44 +0100
124650,26/12/2020 18:15:30 +0100
123598,26/12/2020 21:29:46 +0800
122440,26/12/2020 20:06:00 +0700
122346,26/12/2020 21:02:37 +0800
122440,24/12/2020 20:11:32 +0700
124634,24/12/2020 21:53:03 +1100
123598,23/12/2020 02:01:29 +0800
404363,22/12/2020 18:01:07 +0100
124655,22/12/2020 17:00:35 +0100
124655,22/12/2020 14:50:13 +0100
124650,22/12/2020 14:14:23 +0100
124634,22/12/2020 21:21:18 +1100
124634,22/12/2020 16:42:32 +1100
124655,22/12/2020 00:57:03 +0100
122482,22/12/2020 02:30:59 +1100
122358,21/12/2020 16:29:50 +0100
124650,21/12/2020 14:44:26 +0100
123598,21/12/2020 21:04:25 +0800
122482,21/12/2020 23:13:09 +1100
124655,20/12/2020 15:14:19 +0100
124655,20/12/2020 00:34:22 +0100
124655,20/12/2020 00:30:53 +0100
122365,20/12/2020 00:13:48 +0200
124655,19/12/2020 16:20:36 +0100
124650,18/12/2020 19:30:49 +0100
124193,18/12/2020 11:27:53 +0100
124190,17/12/2020 16:37:57 +0000
123598,17/12/2020 22:01:47 +0800
123113,17/12/2020 22:14:49 +0900
122806,16/12/2020 22:40:21 -0500
123261,16/12/2020 08:46:32 -0800
124655,16/12/2020 17:14:12 +0100
124655,15/12/2020 21:45:29 +0100
124634,16/12/2020 06:34:39 +1100
123113,15/12/2020 21:02:26 +0900
122378,15/12/2020 04:13:22 -0600
124614,15/12/2020 17:56:41 +0800
124634,15/12/2020 16:52:55 +1100
124655,14/12/2020 21:25:05 +0100
124655,14/12/2020 19:47:28 +0100
124655,14/12/2020 18:42:40 +0100
123598,15/12/2020 00:37:08 +0800
124655,14/12/2020 17:11:17 +0100
124655,14/12/2020 15:47:20 +0100
124654,14/12/2020 09:15:16 -0500
124654,14/12/2020 08:28:56 -0500
124193,14/12/2020 13:55:07 +0100
122390,14/12/2020 08:22:24 +0530
123971,13/12/2020 23:22:26 +0100
124655,13/12/2020 22:34:54 +0100
124655,13/12/2020 19:45:53 +0100
122440,13/12/2020 02:41:43 +0700
124655,12/12/2020 16:54:00 +0100
123113,12/12/2020 22:32:46 +0900
122397,12/12/2020 21:21:48 +0800
122398,12/12/2020 21:16:52 +0900
123718,12/12/2020 07:15:50 -0500
124655,12/12/2020 00:36:18 +0100
123598,12/12/2020 01:52:10 +0800
124655,11/12/2020 18:49:26 +0100
122403,11/12/2020 18:43:01 +0100
124193,11/12/2020 13:18:30 +0100
123971,10/12/2020 22:34:54 +0100
122406,11/12/2020 02:45:45 +0700
123718,10/12/2020 13:49:50 -0500
123598,10/12/2020 23:13:57 +0800
124655,10/12/2020 14:45:41 +0100
123598,10/12/2020 20:38:31 +0800
123598,10/12/2020 20:37:09 +0800
123598,10/12/2020 20:36:07 +0800
123598,10/12/2020 20:31:15 +0800
122414,09/12/2020 19:22:09 -0800
124634,10/12/2020 11:12:46 +1100
124650,09/12/2020 23:09:10 +0100
124655,09/12/2020 21:17:51 +0100
124634,10/12/2020 06:50:47 +1100
124654,09/12/2020 11:02:07 -0500
122420,10/12/2020 00:48:06 +0900
124655,09/12/2020 15:55:05 +0100
124654,08/12/2020 20:29:00 -0500
124655,08/12/2020 16:33:50 +0100
124655,08/12/2020 15:37:45 +0100
124655,08/12/2020 13:54:19 +0100
124650,08/12/2020 11:36:13 +0100
124654,07/12/2020 21:20:01 -0500
124654,07/12/2020 20:12:18 -0500
124655,08/12/2020 00:36:15 +0100
124655,07/12/2020 23:27:43 +0100
122626,07/12/2020 22:22:58 +0200
122806,07/12/2020 08:27:25 -0500
124190,07/12/2020 10:49:58 +0000
124634,07/12/2020 21:46:39 +1100
124655,07/12/2020 11:03:03 +0100
124655,07/12/2020 04:30:40 +0100
124193,06/12/2020 18:19:21 +0100
122439,06/12/2020 12:23:56 -0400
122440,06/12/2020 21:51:13 +0700
122441,05/12/2020 17:41:16 +0100
122442,05/12/2020 17:10:10 +0100
122482,06/12/2020 02:16:07 +1100
122444,05/12/2020 23:49:05 +0900
123598,05/12/2020 22:47:01 +0800
122446,05/12/2020 15:43:46 +0100
122626,04/12/2020 19:47:08 +0200
123598,04/12/2020 20:53:16 +0800
124655,04/12/2020 13:21:38 +0100
124644,03/12/2020 23:52:55 +0100
123598,04/12/2020 02:57:35 +0800
123598,04/12/2020 02:36:13 +0800
122452,02/12/2020 20:26:04 +0100
124650,02/12/2020 20:06:19 +0100
123113,03/12/2020 01:06:25 +0900
124655,01/12/2020 23:33:44 +0100
183894,02/12/2020 01:49:30 +0330
124655,01/12/2020 21:23:48 +0100
124655,01/12/2020 21:20:18 +0100
122482,02/12/2020 06:52:03 +1100
124190,01/12/2020 14:11:02 +0000
123646,01/12/2020 14:23:03 +0100
123598,01/12/2020 21:13:30 +0800
124655,01/12/2020 13:32:41 +0100
124654,30/11/2020 17:10:54 -0500
124650,30/11/2020 20:35:12 +0100
122466,30/11/2020 10:08:03 -0600
122482,01/12/2020 01:34:36 +1100
124650,30/11/2020 14:06:30 +0100
124655,30/11/2020 13:01:16 +0100
124660,29/11/2020 18:10:21 -0800
124193,29/11/2020 20:00:35 +0100
124650,29/11/2020 17:08:38 +0100
124193,29/11/2020 14:16:50 +0100
124655,28/11/2020 21:39:04 +0100
123113,28/11/2020 23:18:13 +0900
123598,28/11/2020 22:03:40 +0800
122745,27/11/2020 16:51:47 -0500
123113,28/11/2020 06:45:38 +0900
122745,27/11/2020 15:02:25 -0500
124634,28/11/2020 06:47:35 +1100
124655,27/11/2020 20:22:09 +0100
122482,28/11/2020 06:14:54 +1100
122745,27/11/2020 13:43:39 -0500
122601,27/11/2020 10:40:11 -0800
122485,27/11/2020 10:33:43 -0800
124654,27/11/2020 12:55:58 -0500
124654,27/11/2020 12:08:28 -0500
124655,27/11/2020 14:19:24 +0100
122489,26/11/2020 21:31:19 +0000
122626,26/11/2020 23:27:55 +0200
124655,26/11/2020 20:12:26 +0100
124654,26/11/2020 12:59:03 -0500
124193,26/11/2020 17:22:36 +0100
124193,26/11/2020 16:38:15 +0100
123308,26/11/2020 08:52:45 -0600
124655,26/11/2020 15:17:45 +0100
124655,26/11/2020 15:12:08 +0100
124193,26/11/2020 13:58:50 +0100
122806,26/11/2020 07:50:08 -0500
123113,26/11/2020 21:16:48 +0900
124655,25/11/2020 18:37:52 +0100
123308,25/11/2020 08:50:00 -0600
124193,25/11/2020 15:17:46 +0100
124650,25/11/2020 15:09:22 +0100
122505,25/11/2020 20:53:24 +0800
124190,25/11/2020 12:06:54 +0000
123238,25/11/2020 13:54:38 +0200
124193,25/11/2020 11:30:14 +0100
124644,25/11/2020 00:38:23 +0100
123971,24/11/2020 22:26:38 +0100
122806,24/11/2020 16:11:16 -0500
124650,24/11/2020 21:00:35 +0100
124634,24/11/2020 09:31:10 +1100
122745,23/11/2020 16:11:56 -0500
124650,23/11/2020 18:06:47 +0100
124655,23/11/2020 15:10:58 +0100
124655,23/11/2020 13:41:50 +0100
124634,23/11/2020 10:22:13 +1100
124190,22/11/2020 23:20:32 +0000
123113,23/11/2020 05:45:44 +0900
122521,22/11/2020 20:59:22 +0530
124193,22/11/2020 16:07:05 +0100
124190,22/11/2020 14:40:33 +0000
123646,22/11/2020 15:34:31 +0100
124190,22/11/2020 13:06:51 +0000
123139,22/11/2020 01:33:42 +0300
122806,21/11/2020 16:13:18 -0500
122602,21/11/2020 20:23:24 +0200
122529,21/11/2020 08:29:18 -0800
123646,21/11/2020 16:53:23 +0100
124655,21/11/2020 16:23:35 +0100
124655,21/11/2020 15:56:14 +0100
124655,21/11/2020 14:45:07 +0100
122534,21/11/2020 14:19:43 +0100
124655,21/11/2020 13:17:42 +0100
124655,20/11/2020 18:01:58 +0100
124655,20/11/2020 13:25:18 +0100
122745,19/11/2020 21:59:45 -0500
124655,19/11/2020 20:37:22 +0100
124655,19/11/2020 19:19:34 +0100
124655,19/11/2020 18:38:31 +0100
124655,19/11/2020 15:19:37 +0100
122543,19/11/2020 21:56:32 +0900
124193,19/11/2020 13:39:45 +0100
122806,19/11/2020 07:23:42 -0500
122546,19/11/2020 20:09:30 +0800
123596,19/11/2020 13:06:19 +0100
123596,19/11/2020 12:58:53 +0100
281601,19/11/2020 20:53:43 +0900
122550,19/11/2020 00:47:47 +0800
122806,17/11/2020 19:49:57 -0500
123646,17/11/2020 21:06:06 +0100
183894,17/11/2020 02:54:21 +0330
122806,16/11/2020 18:20:46 -0500
124655,16/11/2020 20:48:50 +0100
122806,16/11/2020 14:44:37 -0500
123596,16/11/2020 20:36:00 +0100
124655,16/11/2020 11:14:00 +0100
124634,16/11/2020 13:19:31 +1100
122560,15/11/2020 13:57:36 +0100
124655,14/11/2020 20:51:30 +0100
123113,15/11/2020 04:27:37 +0900
122626,14/11/2020 14:10:23 +0200
123113,14/11/2020 21:05:26 +0900
183894,14/11/2020 02:51:11 +0330
123246,14/11/2020 02:31:57 +0530
122877,13/11/2020 06:17:31 +0800
183894,13/11/2020 01:43:13 +0330
123596,12/11/2020 23:11:09 +0100
123139,13/11/2020 00:49:59 +0300
124655,11/11/2020 23:11:40 +0100
124237,12/11/2020 01:23:55 +0530
122626,11/11/2020 17:59:49 +0200
122626,10/11/2020 22:26:58 +0200
122626,10/11/2020 14:15:42 +0200
123718,10/11/2020 04:41:33 -0500
183894,10/11/2020 08:08:46 +0330
122626,10/11/2020 05:34:42 +0200
124634,10/11/2020 10:18:43 +1100
124634,10/11/2020 10:10:41 +1100
183894,10/11/2020 02:13:44 +0330
124655,09/11/2020 20:56:43 +0100
124634,10/11/2020 06:50:33 +1100
124634,10/11/2020 06:49:15 +1100
122981,09/11/2020 19:08:12 +0000
183894,09/11/2020 20:51:33 +0330
122626,09/11/2020 18:49:19 +0200
124655,09/11/2020 15:43:04 +0100
122877,09/11/2020 22:38:29 +0800
122601,09/11/2020 06:25:13 -0800
124634,09/11/2020 21:21:49 +1100
124634,09/11/2020 10:58:21 +1100
124655,08/11/2020 23:35:36 +0100
124655,08/11/2020 23:27:36 +0100
123598,09/11/2020 03:56:36 +0800
122877,09/11/2020 02:07:33 +0800
124193,08/11/2020 11:54:35 +0100
122602,08/11/2020 12:50:27 +0200
124634,08/11/2020 07:00:42 +1100
124650,07/11/2020 20:31:35 +0100
122601,07/11/2020 11:27:07 -0800
122602,07/11/2020 16:05:37 +0200
122603,07/11/2020 13:02:55 +0300
124634,07/11/2020 15:04:22 +1100
124634,07/11/2020 06:53:37 +1100
124655,06/11/2020 17:36:28 +0100
122607,06/11/2020 11:33:59 +0900
122626,06/11/2020 03:40:36 +0200
123261,05/11/2020 17:35:17 -0800
122610,06/11/2020 10:33:41 +0900
183719,06/11/2020 06:58:00 +0530
122612,06/11/2020 02:26:14 +0100
124634,06/11/2020 12:10:19 +1100
124634,06/11/2020 11:38:21 +1100
124579,06/11/2020 01:26:07 +0900
124655,05/11/2020 16:49:03 +0100
124655,05/11/2020 15:53:21 +0100
122811,05/11/2020 05:08:01 +0200
124655,04/11/2020 22:09:06 +0100
122620,04/11/2020 21:03:59 +0400
124655,03/11/2020 19:26:30 +0100
124654,03/11/2020 13:22:33 -0500
124655,03/11/2020 17:49:20 +0100
124655,03/11/2020 16:19:29 +0100
124579,03/11/2020 09:15:29 +0900
122626,03/11/2020 01:42:40 +0200
124655,02/11/2020 23:37:55 +0100
122628,02/11/2020 22:17:26 +0000
124655,02/11/2020 21:54:12 +0100
124634,03/11/2020 06:41:20 +1100
123261,02/11/2020 11:39:39 -0800
122632,03/11/2020 02:11:42 +0800
124579,03/11/2020 02:58:29 +0900
123598,03/11/2020 01:50:45 +0800
122642,02/11/2020 19:42:22 +0200
124579,03/11/2020 02:40:33 +0900
122637,02/11/2020 23:03:13 +0530
123170,03/11/2020 02:09:03 +0900
124634,02/11/2020 22:33:43 +1100
124634,02/11/2020 13:51:56 +1100
123170,02/11/2020 09:01:40 +0900
122642,02/11/2020 01:57:18 +0200
124190,31/10/2020 22:44:42 +0000
124190,31/10/2020 18:57:19 +0000
124650,31/10/2020 15:32:43 +0100
124655,30/10/2020 20:39:53 +0100
124655,30/10/2020 13:06:09 +0100
124655,30/10/2020 12:19:49 +0100
122806,29/10/2020 21:53:27 -0500
124190,30/10/2020 02:19:03 +0000
122651,29/10/2020 18:35:58 +0100
124650,29/10/2020 14:19:55 +0100
124634,29/10/2020 21:18:18 +1100
123113,28/10/2020 20:41:18 +0900
124660,28/10/2020 03:03:17 -0700
124634,28/10/2020 20:38:09 +1100
123598,28/10/2020 09:45:31 +0800
124634,28/10/2020 11:52:20 +1100
124655,27/10/2020 16:00:23 +0100
122679,27/10/2020 23:21:32 +1100
124634,27/10/2020 23:19:27 +1100
124650,27/10/2020 11:48:45 +0100
122679,27/10/2020 09:22:03 +1100
124634,27/10/2020 06:56:00 +1100
124650,26/10/2020 19:57:29 +0100
124654,26/10/2020 12:58:58 -0400
123598,26/10/2020 23:57:09 +0800
123646,26/10/2020 16:46:38 +0100
123586,26/10/2020 16:03:30 +0100
122670,26/10/2020 15:54:27 +0100
122806,26/10/2020 09:42:36 -0500
124654,26/10/2020 10:40:24 -0400
123248,26/10/2020 22:02:08 +0800
124653,26/10/2020 22:55:26 +0900
124655,26/10/2020 14:03:03 +0100
124655,26/10/2020 13:36:13 +0100
124634,26/10/2020 23:10:48 +1100
124190,26/10/2020 03:34:00 +0000
122679,26/10/2020 11:25:43 +1100
124634,26/10/2020 07:17:58 +1100
124655,25/10/2020 01:27:00 +0200
124634,25/10/2020 07:05:33 +1100
124634,25/10/2020 07:02:11 +1100
123598,24/10/2020 22:05:30 +0800
123598,24/10/2020 22:04:59 +0800
124655,23/10/2020 23:01:54 +0200
124655,23/10/2020 22:16:12 +0200
124655,23/10/2020 16:56:25 +0200
124190,23/10/2020 12:31:49 +0100
407618,23/10/2020 18:19:37 +0700
124634,23/10/2020 22:05:41 +1100
124190,23/10/2020 11:38:35 +0100
124490,23/10/2020 04:21:02 +0300
122694,22/10/2020 21:19:38 -0400
124634,23/10/2020 11:50:15 +1100
122696,23/10/2020 01:14:57 +0200
124655,22/10/2020 21:52:37 +0200
124655,22/10/2020 20:36:06 +0200
123246,22/10/2020 22:34:35 +0530
123139,22/10/2020 18:17:38 +0300
122701,22/10/2020 17:09:44 +0200
122721,21/10/2020 22:03:54 -0500
122703,21/10/2020 18:53:27 +0200
123598,21/10/2020 19:41:29 +0800
124237,21/10/2020 16:42:01 +0530
124634,21/10/2020 21:57:01 +1100
123598,21/10/2020 04:54:27 +0800
124654,20/10/2020 10:31:20 -0400
123598,20/10/2020 21:52:10 +0800
124190,20/10/2020 13:30:59 +0100
122877,20/10/2020 19:59:10 +0800
123598,20/10/2020 19:51:57 +0800
122713,20/10/2020 20:47:38 +0900
123598,20/10/2020 19:20:17 +0800
122715,20/10/2020 07:11:38 -0400
124650,20/10/2020 12:15:25 +0200
124190,20/10/2020 05:05:42 +0100
124634,20/10/2020 14:10:42 +1100
123627,20/10/2020 05:08:34 +0200
123308,19/10/2020 21:43:29 -0500
122721,19/10/2020 21:41:40 -0500
122722,19/10/2020 23:56:29 +0200
122723,19/10/2020 23:53:39 +0200
123598,20/10/2020 03:25:21 +0800
124190,19/10/2020 20:19:20 +0100
123598,20/10/2020 01:13:23 +0800
124650,19/10/2020 17:01:36 +0200
123598,19/10/2020 22:54:50 +0800
122751,19/10/2020 15:06:04 +0200
123598,19/10/2020 20:43:58 +0800
124190,19/10/2020 13:36:53 +0100
124579,19/10/2020 21:35:48 +0900
123598,19/10/2020 20:06:21 +0800
123598,19/10/2020 19:41:25 +0800
124024,19/10/2020 13:33:51 +0200
123598,19/10/2020 19:33:15 +0800
124654,19/10/2020 06:35:09 -0400
124654,18/10/2020 13:07:11 -0400
123598,19/10/2020 00:16:26 +0800
124654,18/10/2020 12:12:17 -0400
124655,18/10/2020 16:26:05 +0200
123598,18/10/2020 22:19:47 +0800
124655,17/10/2020 17:08:23 +0200
404363,17/10/2020 11:56:15 +0200
122745,15/10/2020 21:06:31 -0400
124634,16/10/2020 10:34:55 +1100
124655,15/10/2020 12:32:03 +0200
124655,14/10/2020 18:54:29 +0200
122811,14/10/2020 17:59:28 +0200
122750,14/10/2020 17:51:56 +0200
122751,14/10/2020 16:28:21 +0200
124655,14/10/2020 15:19:13 +0200
124579,14/10/2020 22:01:03 +0900
123598,14/10/2020 20:34:05 +0800
124655,14/10/2020 14:04:09 +0200
124634,14/10/2020 10:52:49 +1100
124654,13/10/2020 18:24:40 -0400
122758,14/10/2020 00:19:34 +0900
122759,13/10/2020 10:17:43 -0500
124190,13/10/2020 16:16:10 +0100
123598,13/10/2020 22:23:02 +0800
124579,13/10/2020 22:31:59 +0900
124655,13/10/2020 13:35:35 +0200
124634,13/10/2020 21:54:28 +1100
123627,13/10/2020 03:12:10 +0200
124634,12/10/2020 22:25:25 +1100
124634,12/10/2020 13:25:27 +1100
123971,12/10/2020 01:05:46 +0200
124190,11/10/2020 23:04:43 +0100
124579,12/10/2020 05:04:26 +0900
123598,12/10/2020 03:52:20 +0800
122772,11/10/2020 21:33:23 +0200
123598,12/10/2020 01:49:55 +0800
124655,11/10/2020 13:20:40 +0200
124655,10/10/2020 15:05:19 +0200
124655,10/10/2020 12:30:55 +0200
124654,10/10/2020 05:41:11 -0400
122778,10/10/2020 14:20:24 +0900
123261,09/10/2020 20:03:56 -0700
124654,09/10/2020 15:45:40 -0400
124655,09/10/2020 19:08:10 +0200
124655,09/10/2020 19:05:50 +0200
124644,09/10/2020 15:26:15 +0200
124644,09/10/2020 14:42:03 +0200
124655,09/10/2020 13:00:39 +0200
124190,09/10/2020 06:12:44 +0100
124193,08/10/2020 21:40:49 +0200
124579,09/10/2020 04:39:02 +0900
124655,08/10/2020 18:12:24 +0200
124655,08/10/2020 14:20:18 +0200
124634,08/10/2020 20:43:26 +1100
124190,08/10/2020 10:05:19 +0100
122793,08/10/2020 10:57:45 +0200
124655,07/10/2020 22:30:06 +0200
124190,07/10/2020 21:08:54 +0100
124655,07/10/2020 20:29:12 +0200
122797,07/10/2020 18:01:35 +0200
124655,07/10/2020 17:41:25 +0200
124655,07/10/2020 17:20:20 +0200
124655,07/10/2020 15:56:52 +0200
124190,07/10/2020 13:05:43 +0100
124634,07/10/2020 22:43:44 +1100
123598,07/10/2020 16:24:15 +0800
124634,07/10/2020 16:24:15 +1100
123646,07/10/2020 01:32:56 +0100
122806,06/10/2020 19:31:36 -0500
123598,06/10/2020 19:50:48 +0800
124655,06/10/2020 10:40:48 +0200
124655,06/10/2020 10:18:22 +0200
122811,06/10/2020 07:35:22 +0200
122811,06/10/2020 07:26:12 +0200
124634,05/10/2020 21:39:46 +1100
124190,05/10/2020 10:50:49 +0100
124634,05/10/2020 20:35:51 +1100
124655,05/10/2020 11:08:19 +0200
122816,05/10/2020 10:32:18 +1100
123170,04/10/2020 21:18:36 +0900
123170,04/10/2020 20:34:52 +0900
123261,03/10/2020 13:19:11 -0700
123261,03/10/2020 13:16:13 -0700
122821,03/10/2020 17:44:08 +0300
123598,03/10/2020 22:41:24 +0800
124190,03/10/2020 15:40:26 +0100
123598,03/10/2020 21:52:34 +0800
124655,03/10/2020 14:58:10 +0200
123598,03/10/2020 18:51:25 +0800
122827,03/10/2020 10:57:31 +0800
123598,02/10/2020 21:51:08 +0800
124655,02/10/2020 14:37:48 +0200
124655,02/10/2020 13:51:37 +0200
123598,02/10/2020 19:17:47 +0800
123598,02/10/2020 19:13:23 +0800
123598,02/10/2020 17:27:18 +0800
122834,01/10/2020 23:59:53 +0000
123598,02/10/2020 07:14:55 +0800
123170,02/10/2020 02:15:05 +0900
124634,01/10/2020 20:33:15 +1000
124634,01/10/2020 20:32:05 +1000
122839,01/10/2020 05:40:40 -0400
124190,01/10/2020 10:37:03 +0100
124190,01/10/2020 10:25:34 +0100
124655,30/09/2020 16:51:01 +0200
124634,30/09/2020 21:46:42 +1000
124634,30/09/2020 18:51:19 +1000
124634,30/09/2020 17:22:58 +1000
124190,30/09/2020 03:59:50 +0100
123598,30/09/2020 05:05:06 +0800
122848,29/09/2020 12:40:17 -0300
124193,29/09/2020 11:42:29 +0200
123598,29/09/2020 17:41:22 +0800
124634,29/09/2020 17:16:12 +1000
123598,29/09/2020 12:25:54 +0800
123598,28/09/2020 18:22:29 +0800
124655,28/09/2020 12:14:11 +0200
123261,27/09/2020 23:01:32 -0700
123261,27/09/2020 19:47:00 -0700
123261,27/09/2020 19:46:19 -0700
124650,27/09/2020 14:41:42 -0700
123971,27/09/2020 21:50:18 +0200
124190,27/09/2020 19:21:11 +0100
124653,28/09/2020 03:20:46 +0900
123598,28/09/2020 02:19:36 +0800
124650,27/09/2020 11:16:18 -0700
123261,27/09/2020 10:50:42 -0700
123261,27/09/2020 10:49:41 -0700
122866,27/09/2020 16:44:53 +0200
283146,27/09/2020 06:22:32 -0400
123261,27/09/2020 03:12:33 -0700
123261,27/09/2020 03:11:01 -0700
123261,26/09/2020 14:56:03 -0700
122871,27/09/2020 01:18:32 +0530
124650,26/09/2020 11:33:20 -0700
124655,26/09/2020 20:26:51 +0200
124655,26/09/2020 18:16:33 +0200
123170,27/09/2020 00:54:26 +0900
124655,26/09/2020 16:33:25 +0200
122877,26/09/2020 22:14:56 +0800
122878,26/09/2020 22:13:59 +0800
124655,26/09/2020 15:59:24 +0200
123718,25/09/2020 19:15:18 -0400
124190,25/09/2020 22:23:35 +0100
123598,26/09/2020 01:45:57 +0800
124655,25/09/2020 18:34:20 +0200
123586,25/09/2020 17:03:01 +0200
124655,25/09/2020 16:53:48 +0200
124650,25/09/2020 16:21:34 +0200
122887,25/09/2020 14:57:31 +0200
124655,25/09/2020 14:04:51 +0200
124634,25/09/2020 21:36:26 +1000
123598,25/09/2020 16:24:51 +0800
122891,25/09/2020 14:56:28 +0800
124634,25/09/2020 08:31:17 +1000
122893,24/09/2020 15:06:46 -0700
123586,25/09/2020 00:06:22 +0200
124654,24/09/2020 09:29:18 -0400
124190,24/09/2020 11:40:33 +0100
123598,24/09/2020 02:12:24 +0800
123598,24/09/2020 02:10:35 +0800
123598,24/09/2020 02:09:09 +0800
122900,24/09/2020 00:07:43 +0600
123971,23/09/2020 16:56:36 +0200
123598,23/09/2020 19:58:28 +0800
124231,23/09/2020 13:56:16 +0200
123261,22/09/2020 22:19:30 -0700
123261,22/09/2020 21:36:03 -0700
124654,22/09/2020 23:16:00 -0400
124634,23/09/2020 11:39:20 +1000
124655,22/09/2020 23:30:03 +0200
124650,22/09/2020 23:03:11 +0200
123147,22/09/2020 22:07:35 +0200
124655,22/09/2020 19:33:29 +0200
124190,22/09/2020 18:01:30 +0100
123598,22/09/2020 23:10:02 +0800
123113,23/09/2020 00:08:10 +0900
123598,22/09/2020 11:59:02 +0800
123170,22/09/2020 12:53:35 +0900
122917,22/09/2020 05:52:04 +0200
123598,22/09/2020 04:09:53 +0800
124650,21/09/2020 22:07:41 +0200
124655,21/09/2020 18:36:37 +0200
123598,21/09/2020 21:17:01 +0800
122922,21/09/2020 09:07:19 -0400
123598,21/09/2020 21:02:58 +0800
123170,21/09/2020 21:26:41 +0900
124650,21/09/2020 14:01:54 +0200
123500,21/09/2020 13:01:25 +0100
124655,21/09/2020 11:41:51 +0200
124190,20/09/2020 13:05:11 +0100
123113,20/09/2020 20:49:22 +0900
124190,20/09/2020 12:45:00 +0100
124655,20/09/2020 01:17:35 +0200
124190,19/09/2020 22:30:59 +0100
124655,19/09/2020 14:07:54 +0200
123598,19/09/2020 20:01:56 +0800
124644,18/09/2020 22:41:58 +0200
124644,18/09/2020 20:39:58 +0200
124655,18/09/2020 20:39:47 +0200
124190,18/09/2020 18:09:11 +0100
124654,18/09/2020 13:07:09 -0400
123170,19/09/2020 02:03:37 +0900
123598,19/09/2020 00:47:08 +0800
124654,18/09/2020 12:31:30 -0400
123598,18/09/2020 23:25:09 +0800
124655,18/09/2020 16:01:50 +0200
123598,18/09/2020 21:28:30 +0800
124655,18/09/2020 15:20:55 +0200
123237,17/09/2020 23:31:50 -0400
122967,18/09/2020 09:48:08 +0800
124655,17/09/2020 20:38:57 +0200
124655,17/09/2020 19:13:20 +0200
123598,18/09/2020 01:07:57 +0800
124655,17/09/2020 18:42:36 +0200
124655,17/09/2020 18:09:50 +0200
124655,17/09/2020 17:35:05 +0200
124650,17/09/2020 17:26:46 +0200
124654,17/09/2020 11:03:05 -0400
124654,17/09/2020 10:11:55 -0400
123598,17/09/2020 04:30:12 +0800
124655,16/09/2020 22:22:43 +0200
124654,16/09/2020 14:28:07 -0400
124654,16/09/2020 12:50:16 -0400
124654,16/09/2020 12:43:08 -0400
124654,16/09/2020 12:41:01 -0400
124644,16/09/2020 17:56:06 +0200
124231,16/09/2020 15:38:38 +0200
124655,16/09/2020 13:34:16 +0200
122967,16/09/2020 18:42:51 +0800
122968,16/09/2020 03:31:12 -0700
123598,16/09/2020 18:10:40 +0800
124654,15/09/2020 16:15:01 -0400
124654,15/09/2020 10:33:14 -0400
124654,15/09/2020 10:24:13 -0400
123586,15/09/2020 16:09:40 +0200
124655,15/09/2020 10:02:19 +0200
123170,15/09/2020 14:18:48 +0900
123170,15/09/2020 13:26:57 +0900
123598,15/09/2020 12:12:45 +0800
124654,14/09/2020 23:49:12 -0400
122979,15/09/2020 11:48:49 +0900
122980,15/09/2020 11:47:45 +0900
122981,15/09/2020 03:33:18 +0100
124655,15/09/2020 03:23:48 +0200
123598,15/09/2020 09:23:20 +0800
124654,14/09/2020 21:22:32 -0400
124654,14/09/2020 21:22:03 -0400
124644,15/09/2020 00:05:17 +0200
124634,15/09/2020 07:59:49 +1000
124655,14/09/2020 18:59:54 +0200
124644,14/09/2020 18:48:57 +0200
123147,14/09/2020 16:22:07 +0200
124634,14/09/2020 22:27:44 +1000
123170,14/09/2020 20:18:00 +0900
123598,14/09/2020 18:58:43 +0800
124190,14/09/2020 11:46:50 +0100
124634,14/09/2020 20:25:06 +1000
124644,13/09/2020 23:29:23 +0200
124655,13/09/2020 16:35:31 +0200
124650,13/09/2020 15:17:25 +0200
123598,13/09/2020 21:01:30 +0800
124655,13/09/2020 14:15:38 +0200
124644,13/09/2020 13:43:50 +0200
124650,13/09/2020 11:52:20 +0200
124650,12/09/2020 23:34:54 +0200
124650,12/09/2020 16:12:14 +0200
124535,12/09/2020 13:03:18 +0100
124634,12/09/2020 19:53:57 +1000
124190,12/09/2020 10:33:51 +0100
124655,12/09/2020 11:08:00 +0200
123971,11/09/2020 22:40:48 +0200
124655,11/09/2020 18:19:49 +0200
123170,11/09/2020 23:28:25 +0900
124650,11/09/2020 16:22:10 +0200
124655,11/09/2020 15:18:49 +0200
124654,10/09/2020 09:57:45 -0400
124190,10/09/2020 11:49:47 +0100
124237,10/09/2020 14:08:17 +0530
123017,10/09/2020 05:13:30 -0300
124655,09/09/2020 22:40:16 +0200
124650,09/09/2020 21:33:38 +0200
123021,09/09/2020 21:26:26 +0200
123598,10/09/2020 02:57:49 +0800
124655,09/09/2020 20:52:11 +0200
124644,09/09/2020 18:44:22 +0200
124650,09/09/2020 17:38:37 +0200
123113,09/09/2020 23:45:31 +0900
124655,09/09/2020 15:35:40 +0200
124190,09/09/2020 13:23:57 +0100
124655,09/09/2020 13:37:22 +0200
123598,09/09/2020 17:24:47 +0800
123598,08/09/2020 23:37:58 +0800
124653,08/09/2020 23:06:26 +0900
124650,08/09/2020 15:28:42 +0200
124655,08/09/2020 13:02:14 +0200
123034,08/09/2020 18:04:02 +0800
283146,08/09/2020 05:58:17 -0400
123598,08/09/2020 17:46:15 +0800
123598,08/09/2020 17:43:43 +0800
123598,08/09/2020 01:12:24 +0800
123598,08/09/2020 00:04:29 +0800
123332,07/09/2020 09:59:47 -0400
123598,07/09/2020 17:32:24 +0800
124655,06/09/2020 21:44:29 +0200
123598,07/09/2020 01:52:53 +0800
123598,07/09/2020 01:48:53 +0800
124655,06/09/2020 16:50:49 +0200
124644,06/09/2020 02:34:02 +0200
124193,05/09/2020 22:34:20 +0200
124193,05/09/2020 16:39:25 +0200
124579,05/09/2020 20:31:14 +0900
124655,04/09/2020 18:15:24 +0200
124654,04/09/2020 11:24:23 -0400
124634,04/09/2020 21:52:19 +1000
123598,04/09/2020 19:14:51 +0800
123598,04/09/2020 19:13:08 +0800
124614,04/09/2020 18:43:51 +0800
124654,04/09/2020 06:43:20 -0400
124655,04/09/2020 10:44:31 +0200
123170,04/09/2020 05:16:49 +0900
124655,03/09/2020 17:11:30 +0200
123060,03/09/2020 21:14:28 +0800
124655,03/09/2020 13:29:02 +0200
124654,02/09/2020 12:31:22 -0400
123063,02/09/2020 19:03:35 +0900
124650,02/09/2020 11:39:20 +0200
124655,02/09/2020 11:12:18 +0200
123598,02/09/2020 07:18:40 +0800
124654,01/09/2020 18:02:05 -0400
124654,01/09/2020 16:32:07 -0400
124579,02/09/2020 03:34:41 +0900
124654,01/09/2020 13:55:40 -0400
123598,01/09/2020 22:03:07 +0800
123598,01/09/2020 10:26:55 +0800
123598,01/09/2020 10:24:17 +0800
123074,01/09/2020 04:18:06 +0200
124654,31/08/2020 17:38:25 -0400
123598,01/09/2020 02:29:43 +0800
124655,31/08/2020 20:12:24 +0200
123113,01/09/2020 03:11:17 +0900
123261,31/08/2020 08:48:58 -0700
123598,31/08/2020 23:13:55 +0800
123113,31/08/2020 20:53:42 +0900
123598,31/08/2020 18:04:47 +0800
124655,31/08/2020 11:48:44 +0200
123113,31/08/2020 18:10:28 +0900
124655,31/08/2020 11:02:13 +0200
123598,31/08/2020 04:46:58 +0800
123598,31/08/2020 02:39:51 +0800
123598,30/08/2020 07:19:31 +0800
124654,29/08/2020 12:07:44 -0400
123090,29/08/2020 15:15:23 +0100
124655,29/08/2020 15:53:13 +0200
124655,29/08/2020 13:21:22 +0200
123113,29/08/2020 19:58:20 +0900
123598,29/08/2020 16:29:41 +0800
124190,29/08/2020 09:12:10 +0100
123096,29/08/2020 01:59:28 +0200
124579,29/08/2020 08:20:57 +0900
123098,28/08/2020 18:51:06 -0400
124654,28/08/2020 14:06:20 -0400
124654,28/08/2020 11:57:06 -0400
124655,28/08/2020 17:08:24 +0200
123971,28/08/2020 15:03:50 +0200
124190,27/08/2020 21:55:58 +0100
123113,28/08/2020 02:03:04 +0900
123598,27/08/2020 17:38:12 +0800
123598,27/08/2020 17:21:57 +0800
123113,27/08/2020 18:14:01 +0900
123586,27/08/2020 11:12:49 +0200
123109,27/08/2020 02:03:49 -0700
123110,27/08/2020 17:03:15 +0800
123147,27/08/2020 11:00:38 +0200
123472,27/08/2020 18:59:36 +1000
123113,27/08/2020 04:01:03 +0900
124655,26/08/2020 20:43:24 +0200
123598,27/08/2020 02:36:20 +0800
124650,26/08/2020 20:27:06 +0200
123500,26/08/2020 17:45:03 +0100
124654,26/08/2020 12:23:14 -0400
124644,26/08/2020 18:20:22 +0200
124644,26/08/2020 00:48:25 +0200
124644,26/08/2020 00:22:15 +0200
123598,26/08/2020 01:40:29 +0800
123598,25/08/2020 20:36:50 +0800
123124,25/08/2020 06:33:38 -0400
124634,25/08/2020 09:43:54 +1000
123598,25/08/2020 07:04:11 +0800
123127,24/08/2020 19:09:31 +0100
123654,24/08/2020 12:38:21 -0400
123129,24/08/2020 17:37:30 +0100
123130,24/08/2020 11:36:56 -0500
123598,25/08/2020 00:21:56 +0800
123598,25/08/2020 00:21:06 +0800
123598,25/08/2020 00:12:16 +0800
124579,25/08/2020 00:52:05 +0900
124655,23/08/2020 15:48:35 +0200
124655,23/08/2020 13:57:09 +0200
124477,23/08/2020 17:34:12 +0800
123472,22/08/2020 12:39:56 +1000
123139,22/08/2020 05:36:44 +0300
124190,22/08/2020 03:35:34 +0100
124655,21/08/2020 18:11:33 +0200
124644,21/08/2020 17:14:47 +0200
124614,21/08/2020 21:56:12 +0800
124190,21/08/2020 14:37:06 +0100
124644,21/08/2020 11:47:57 +0200
123170,21/08/2020 00:57:15 +0900
123147,20/08/2020 17:56:31 +0200
123598,20/08/2020 23:48:33 +0800
123149,20/08/2020 11:47:58 -0400
124654,20/08/2020 09:45:59 -0400
124655,19/08/2020 19:13:43 +0200
124650,19/08/2020 14:43:20 +0200
123586,18/08/2020 22:30:09 +0200
124190,18/08/2020 21:29:32 +0100
123472,19/08/2020 04:15:59 +1000
124655,18/08/2020 20:11:13 +0200
123646,18/08/2020 18:36:12 +0100
283146,18/08/2020 13:29:30 -0400
124644,18/08/2020 18:30:13 +0200
123598,18/08/2020 23:05:51 +0800
124644,18/08/2020 14:07:57 +0200
123170,18/08/2020 13:32:52 +0900
124655,18/08/2020 00:15:04 +0200
123165,17/08/2020 23:48:15 +0200
124653,18/08/2020 06:47:01 +0900
124193,17/08/2020 23:46:08 +0200
124654,17/08/2020 17:29:01 -0400
123518,17/08/2020 19:52:45 +0100
123170,18/08/2020 01:17:57 +0900
123586,15/08/2020 16:37:17 +0200
124618,15/08/2020 22:48:29 +0900
123175,15/08/2020 22:47:14 +0900
123175,15/08/2020 22:46:36 +0900
123175,15/08/2020 02:49:22 +0900
123598,15/08/2020 01:48:37 +0800
123237,14/08/2020 13:45:22 -0400
123598,15/08/2020 01:43:11 +0800
123179,14/08/2020 19:39:51 +0200
420151,14/08/2020 10:22:46 -0700
124634,14/08/2020 20:40:29 +1000
124644,14/08/2020 02:15:12 +0200
124655,13/08/2020 18:10:13 +0200
123183,13/08/2020 10:30:46 -0500
124655,13/08/2020 17:03:16 +0200
123237,12/08/2020 17:32:03 -0400
123246,13/08/2020 02:04:17 +0530
124654,12/08/2020 14:49:02 -0400
123237,12/08/2020 14:22:06 -0400
124190,12/08/2020 19:20:34 +0100
123472,13/08/2020 04:03:51 +1000
124477,12/08/2020 23:38:25 +0800
123237,12/08/2020 11:32:03 -0400
124644,12/08/2020 17:09:48 +0200
124654,12/08/2020 10:44:58 -0400
123246,12/08/2020 19:17:44 +0530
124190,12/08/2020 11:58:50 +0100
123197,12/08/2020 05:55:38 -0500
123211,12/08/2020 15:38:24 +0530
124190,12/08/2020 11:01:36 +0100
124181,12/08/2020 06:08:50 +0200
124181,12/08/2020 03:07:14 +0200
123365,11/08/2020 22:00:53 +1000
123971,11/08/2020 11:06:55 +0200
123308,11/08/2020 04:04:14 -0500
124614,11/08/2020 11:22:45 +0800
124614,11/08/2020 11:22:10 +0800
124650,11/08/2020 00:08:12 +0200
124654,10/08/2020 17:31:05 -0400
124190,10/08/2020 21:41:51 +0100
124655,10/08/2020 17:41:19 +0200
123211,10/08/2020 09:20:29 +0530
124653,10/08/2020 08:09:09 +0900
124654,09/08/2020 07:27:39 -0400
124654,08/08/2020 18:59:16 -0400
124644,08/08/2020 20:16:14 +0200
124644,08/08/2020 20:15:11 +0200
124644,08/08/2020 20:01:54 +0200
124644,08/08/2020 20:00:05 +0200
124655,08/08/2020 16:20:21 +0200
124644,08/08/2020 00:51:59 +0200
124655,07/08/2020 22:47:18 +0200
124190,07/08/2020 21:46:54 +0100
124644,07/08/2020 21:16:59 +0200
124644,07/08/2020 21:05:32 +0200
124655,07/08/2020 16:55:02 +0200
123500,06/08/2020 16:35:08 +0100
124190,06/08/2020 13:46:31 +0100
124650,05/08/2020 22:17:45 +0200
124650,05/08/2020 20:44:03 +0200
124650,05/08/2020 20:21:20 +0200
124655,04/08/2020 16:08:41 +0200
123233,04/08/2020 21:46:07 +1000
123233,04/08/2020 20:16:04 +1000
123234,04/08/2020 05:57:57 +0300
123235,03/08/2020 18:17:31 -0400
123431,04/08/2020 00:39:48 +0300
123237,03/08/2020 13:26:02 -0400
123238,03/08/2020 17:53:18 +0300
123239,03/08/2020 10:52:53 -0400
124650,03/08/2020 14:55:03 +0200
124655,03/08/2020 14:54:00 +0200
124654,31/07/2020 15:14:25 -0400
124655,31/07/2020 16:59:22 +0200
124650,31/07/2020 11:12:20 +0200
124190,30/07/2020 23:37:26 +0100
123246,30/07/2020 21:39:08 +0530
123769,31/07/2020 00:01:31 +0800
123248,30/07/2020 21:56:10 +0800
124190,29/07/2020 23:23:09 +0100
124650,29/07/2020 02:44:34 +0200
124655,28/07/2020 22:33:23 +0200
124655,28/07/2020 21:08:13 +0200
124654,28/07/2020 13:37:27 -0400
124634,28/07/2020 23:50:45 +1000
123261,26/07/2020 13:24:32 -0700
123261,26/07/2020 12:52:08 -0700
123257,26/07/2020 21:51:33 +0200
123258,26/07/2020 09:41:24 -0500
123261,26/07/2020 07:41:10 -0700
123596,26/07/2020 16:39:34 +0200
123261,26/07/2020 05:55:39 -0700
124655,25/07/2020 17:47:55 +0200
124655,24/07/2020 14:21:36 +0200
124654,24/07/2020 07:36:54 -0400
124654,24/07/2020 06:32:48 -0400
124614,24/07/2020 17:47:33 +0800
124190,24/07/2020 02:37:11 +0100
124190,24/07/2020 02:33:52 +0100
124654,23/07/2020 13:20:08 -0400
124654,23/07/2020 11:12:25 -0400
124654,23/07/2020 10:27:26 -0400
123272,23/07/2020 23:05:36 +0900
124655,23/07/2020 15:29:36 +0200
123274,23/07/2020 12:09:20 +0800
123598,23/07/2020 10:18:18 +0800
123598,23/07/2020 09:34:20 +0800
124655,23/07/2020 00:23:52 +0200
123598,23/07/2020 04:46:43 +0800
124654,22/07/2020 13:30:59 -0400
124654,22/07/2020 13:19:37 -0400
283146,22/07/2020 12:29:39 -0400
124654,22/07/2020 12:03:46 -0400
124193,22/07/2020 14:04:35 +0200
124477,21/07/2020 22:47:55 +0800
124654,20/07/2020 19:49:57 -0400
124193,20/07/2020 17:29:47 +0200
124654,20/07/2020 01:20:51 -0400
124655,19/07/2020 19:49:44 +0200
124477,20/07/2020 00:13:05 +0800
123290,19/07/2020 18:10:55 +0200
124644,18/07/2020 22:32:11 +0200
123292,19/07/2020 04:06:42 +0900
123724,18/07/2020 21:05:08 +0200
124655,18/07/2020 16:54:51 +0200
124655,17/07/2020 15:50:17 +0200
124653,17/07/2020 07:36:15 +0900
283146,16/07/2020 15:57:19 -0400
123298,17/07/2020 00:08:29 +0800
123598,16/07/2020 23:01:49 +0800
124654,16/07/2020 04:53:58 -0400
124655,16/07/2020 10:53:07 +0200
123431,15/07/2020 22:54:38 +0300
124655,15/07/2020 14:23:17 +0200
283146,14/07/2020 15:24:17 -0400
123500,14/07/2020 19:41:05 +0100
124099,14/07/2020 13:30:03 -0500
123307,14/07/2020 20:26:49 +0200
123308,14/07/2020 13:23:54 -0500
124663,14/07/2020 23:52:02 +0530
123310,15/07/2020 03:21:08 +0900
123311,14/07/2020 18:03:32 +0500
123312,14/07/2020 21:54:13 +0900
124663,14/07/2020 01:49:51 +0530
124655,13/07/2020 19:00:24 +0200
123431,13/07/2020 19:24:54 +0300
124655,13/07/2020 18:23:24 +0200
124024,13/07/2020 15:40:48 +0200
124653,13/07/2020 21:00:56 +0900
124024,13/07/2020 06:58:59 +0200
124190,13/07/2020 05:56:45 +0100
124024,13/07/2020 06:53:36 +0200
123724,13/07/2020 06:51:39 +0200
124634,13/07/2020 14:50:57 +1000
123324,13/07/2020 01:18:27 +0200
123636,12/07/2020 23:05:47 +1000
123971,12/07/2020 14:16:33 +0200
124655,11/07/2020 18:30:30 +0200
124655,11/07/2020 18:29:55 +0200
124655,11/07/2020 11:47:06 +0200
124190,11/07/2020 05:52:18 +0100
124634,11/07/2020 12:38:15 +1000
123332,10/07/2020 22:37:20 -0400
124190,10/07/2020 20:51:24 +0100
124024,10/07/2020 17:49:35 +0200
123350,10/07/2020 10:07:12 -0400
124024,09/07/2020 22:50:19 +0200
123364,09/07/2020 20:50:42 +0100
123431,09/07/2020 22:06:51 +0300
124634,09/07/2020 19:00:18 +1000
123340,09/07/2020 03:37:50 -0400
123971,08/07/2020 17:23:50 +0200
123342,08/07/2020 16:50:12 +0200
124653,08/07/2020 23:35:45 +0900
124024,08/07/2020 15:38:22 +0200
124634,08/07/2020 19:26:39 +1000
124654,08/07/2020 05:13:22 -0400
124024,08/07/2020 04:25:34 +0200
124024,07/07/2020 20:43:11 +0200
123350,07/07/2020 09:58:10 -0400
123350,07/07/2020 09:13:38 -0400
123351,07/07/2020 20:05:28 +0900
124190,07/07/2020 11:21:49 +0100
123598,07/07/2020 12:49:04 +0800
123454,07/07/2020 04:45:39 +0300
124653,07/07/2020 07:26:34 +0900
124193,07/07/2020 00:21:26 +0200
124654,06/07/2020 17:39:13 -0400
124654,06/07/2020 14:36:51 -0400
124654,06/07/2020 13:07:15 -0400
124654,06/07/2020 13:00:08 -0400
124193,06/07/2020 17:28:10 +0200
124654,06/07/2020 09:53:36 -0400
124370,06/07/2020 07:15:13 -0400
123364,06/07/2020 04:58:23 +0100
123365,06/07/2020 13:57:31 +1000
124655,06/07/2020 05:09:50 +0200
124653,06/07/2020 11:21:03 +0900
123598,06/07/2020 09:38:48 +0800
124024,06/07/2020 03:37:18 +0200
123598,06/07/2020 09:36:45 +0800
124634,06/07/2020 10:13:27 +1000
124654,05/07/2020 19:00:07 -0400
123373,06/07/2020 01:23:59 +0300
123598,06/07/2020 06:14:13 +0800
123598,06/07/2020 06:08:05 +0800
123598,06/07/2020 06:06:16 +0800
124024,06/07/2020 00:05:38 +0200
123598,06/07/2020 06:03:34 +0800
124024,06/07/2020 00:02:09 +0200
124024,06/07/2020 00:01:36 +0200
124644,05/07/2020 01:15:03 +0200
123382,04/07/2020 15:16:27 -0400
124654,04/07/2020 13:05:01 -0400
123598,04/07/2020 22:54:20 +0800
124655,03/07/2020 21:35:19 +0200
124655,03/07/2020 15:55:34 +0200
124634,03/07/2020 20:44:45 +1000
123388,03/07/2020 00:03:15 +0800
124655,02/07/2020 17:54:51 +0200
123390,02/07/2020 15:16:41 +0100
123598,02/07/2020 21:34:19 +0800
124653,02/07/2020 22:16:07 +0900
123454,02/07/2020 16:15:36 +0300
123598,02/07/2020 21:15:02 +0800
124655,01/07/2020 16:04:56 +0200
124634,30/06/2020 23:08:40 +1000
124634,30/06/2020 21:10:51 +1000
123398,30/06/2020 17:29:26 +0800
123598,30/06/2020 11:37:05 +0800
123598,30/06/2020 08:37:15 +0800
123598,30/06/2020 05:45:39 +0800
124654,29/06/2020 17:04:19 -0400
124654,29/06/2020 15:09:59 -0400
123598,30/06/2020 02:36:22 +0800
123598,29/06/2020 22:44:08 +0800
123406,29/06/2020 17:39:17 +0300
123598,29/06/2020 21:34:18 +0800
123438,29/06/2020 16:13:07 +0300
123971,29/06/2020 14:17:37 +0200
124024,28/06/2020 18:27:02 +0200
123598,29/06/2020 00:25:20 +0800
123971,28/06/2020 16:35:12 +0200
124024,28/06/2020 16:31:56 +0200
123414,28/06/2020 22:19:58 +0800
124024,28/06/2020 16:16:54 +0200
124024,28/06/2020 02:20:48 +0200
124024,27/06/2020 22:55:01 +0200
124024,27/06/2020 22:52:49 +0200
123598,28/06/2020 03:58:35 +0800
124024,27/06/2020 21:57:32 +0200
124024,27/06/2020 21:56:39 +0200
283146,27/06/2020 15:55:46 -0400
123598,28/06/2020 03:55:05 +0800
123598,27/06/2020 19:53:43 +0800
124024,27/06/2020 13:52:27 +0200
123426,27/06/2020 20:52:07 +0900
123427,27/06/2020 13:49:07 +0200
124190,27/06/2020 12:44:02 +0100
124146,27/06/2020 15:40:45 +0430
124655,26/06/2020 23:45:12 +0200
123431,27/06/2020 00:37:03 +0300
124654,26/06/2020 16:59:08 -0400
124654,26/06/2020 16:04:01 -0400
123598,27/06/2020 03:36:46 +0800
123598,27/06/2020 02:11:20 +0800
123438,26/06/2020 20:25:13 +0300
123598,27/06/2020 00:34:55 +0800
123598,26/06/2020 20:36:35 +0800
124190,26/06/2020 13:34:17 +0100
123598,26/06/2020 20:29:34 +0800
124634,26/06/2020 22:23:25 +1000
124655,26/06/2020 14:09:02 +0200
124644,26/06/2020 09:14:25 +0200
123646,26/06/2020 04:17:58 +0200
124146,25/06/2020 23:44:42 +0430
123724,25/06/2020 18:38:19 +0200
123448,26/06/2020 00:35:34 +0800
124634,25/06/2020 23:50:16 +1000
124655,25/06/2020 14:53:13 +0200
124024,25/06/2020 14:17:33 +0200
123598,25/06/2020 19:27:23 +0800
123472,25/06/2020 21:18:01 +1000
123454,25/06/2020 14:12:09 +0300
123598,25/06/2020 19:08:42 +0800
124535,25/06/2020 11:40:51 +0100
124535,25/06/2020 11:38:27 +0100
124024,25/06/2020 04:21:39 +0200
123598,25/06/2020 06:57:08 +0800
124655,25/06/2020 00:41:13 +0200
123598,25/06/2020 05:03:40 +0800
124654,24/06/2020 14:12:04 -0400
124655,24/06/2020 16:59:12 +0200
124190,24/06/2020 14:47:05 +0100
123743,24/06/2020 08:43:29 -0500
123598,24/06/2020 21:27:31 +0800
123743,24/06/2020 08:14:28 -0500
123598,24/06/2020 20:29:50 +0800
124634,24/06/2020 19:58:23 +1000
123470,24/06/2020 04:56:05 +0100
123472,24/06/2020 12:32:43 +1000
123472,24/06/2020 06:00:47 +1000
123598,24/06/2020 00:42:23 +0800
123500,23/06/2020 15:47:09 +0100
123598,22/06/2020 23:27:25 +0800
123598,22/06/2020 20:58:52 +0800
124655,21/06/2020 16:34:43 +0200
124024,21/06/2020 15:47:03 +0200
123598,21/06/2020 21:29:44 +0800
124024,21/06/2020 06:13:54 +0200
124654,20/06/2020 23:49:27 -0400
124579,21/06/2020 03:34:28 +0900
124654,20/06/2020 11:53:55 -0400
123598,20/06/2020 21:46:10 +0800
124644,20/06/2020 13:18:08 +0200
124654,19/06/2020 14:48:14 -0400
124654,19/06/2020 13:44:28 -0400
123487,19/06/2020 23:03:33 +0800
124654,19/06/2020 06:58:13 -0400
124655,19/06/2020 12:27:15 +0200
124653,19/06/2020 19:10:31 +0900
123491,19/06/2020 02:05:37 -0700
124024,18/06/2020 20:39:29 +0200
124655,18/06/2020 18:40:29 +0200
124655,18/06/2020 17:54:55 +0200
124654,18/06/2020 09:06:48 -0400
124535,18/06/2020 11:50:18 +0100
124535,18/06/2020 11:13:56 +0100
123539,18/06/2020 20:10:07 +1000
123499,18/06/2020 12:03:38 +0200
123500,18/06/2020 10:27:09 +0100
124193,18/06/2020 03:38:52 +0200
124655,17/06/2020 21:50:30 +0200
124655,17/06/2020 19:44:40 +0200
124634,17/06/2020 23:13:02 +1000
124655,16/06/2020 23:29:43 +0200
123506,16/06/2020 23:22:54 +0200
123507,16/06/2020 22:17:00 +0100
123821,17/06/2020 06:12:50 +0900
124655,15/06/2020 23:46:48 +0200
124654,15/06/2020 12:29:39 -0400
123678,15/06/2020 18:20:45 +0200
123512,15/06/2020 21:39:17 +0530
123513,15/06/2020 09:08:35 -0700
124634,16/06/2020 02:03:07 +1000
124655,15/06/2020 17:53:05 +0200
123724,13/06/2020 19:09:39 +0200
123517,13/06/2020 22:14:31 +0800
123518,13/06/2020 15:01:05 +0100
123519,13/06/2020 15:00:02 +0100
123520,13/06/2020 08:58:08 -0500
124024,13/06/2020 00:10:25 +0200
124190,12/06/2020 20:23:38 +0100
124024,12/06/2020 21:15:29 +0200
124655,12/06/2020 18:43:09 +0200
124190,12/06/2020 16:58:04 +0100
123541,12/06/2020 16:59:51 +0200
123527,12/06/2020 16:44:00 +0200
124655,12/06/2020 16:42:12 +0200
124654,12/06/2020 09:53:53 -0400
123598,12/06/2020 13:40:06 +0000
124655,12/06/2020 15:31:04 +0200
124535,12/06/2020 14:27:41 +0100
124654,12/06/2020 09:19:29 -0400
124535,12/06/2020 13:40:32 +0100
123535,12/06/2020 05:25:53 -0700
123598,12/06/2020 12:25:07 +0000
124655,12/06/2020 01:44:17 +0200
123538,11/06/2020 22:56:26 +0545
123539,12/06/2020 02:36:20 +1000
123598,11/06/2020 15:03:27 +0000
123541,11/06/2020 16:58:09 +0200
123542,11/06/2020 13:00:29 +1000
124618,11/06/2020 09:24:41 +0900
124655,10/06/2020 23:29:48 +0200
123545,10/06/2020 14:19:56 -0700
124024,10/06/2020 23:10:47 +0200
123547,11/06/2020 04:05:10 +1000
124535,10/06/2020 18:43:44 +0100
123598,10/06/2020 23:54:54 +0800
124654,10/06/2020 11:26:28 -0400
123567,10/06/2020 17:16:33 +0200
124190,10/06/2020 16:10:08 +0100
124655,10/06/2020 16:02:41 +0200
123559,10/06/2020 15:03:26 +0200
124655,10/06/2020 14:19:41 +0200
123556,10/06/2020 05:48:07 -0500
124605,09/06/2020 18:14:13 -0400
123598,10/06/2020 05:34:32 +0800
123559,09/06/2020 21:08:38 +0200
124655,09/06/2020 18:40:08 +0200
123598,10/06/2020 00:29:12 +0800
123596,09/06/2020 17:50:41 +0200
123681,09/06/2020 17:19:06 +0200
123564,09/06/2020 21:07:25 +0800
123654,09/06/2020 08:58:30 -0400
124190,09/06/2020 13:33:52 +0100
123567,09/06/2020 14:13:32 +0200
124653,09/06/2020 21:12:47 +0900
124190,09/06/2020 12:18:18 +0100
124024,09/06/2020 01:09:24 +0200
123881,09/06/2020 08:58:55 +1000
281960,09/06/2020 04:22:23 +0530
124024,09/06/2020 00:10:29 +0200
123574,08/06/2020 23:09:38 +0200
124024,08/06/2020 19:26:52 +0200
123576,08/06/2020 18:24:27 +0100
123836,09/06/2020 00:24:51 +0800
124024,08/06/2020 18:08:26 +0200
123579,08/06/2020 17:06:06 +0100
124024,08/06/2020 17:58:52 +0200
124190,08/06/2020 14:49:32 +0100
124655,08/06/2020 14:06:20 +0200
124024,07/06/2020 15:23:52 +0200
123678,07/06/2020 15:21:49 +0200
124535,07/06/2020 14:20:33 +0100
123586,07/06/2020 13:53:36 +0200
123587,07/06/2020 13:52:53 +0200
124490,06/06/2020 22:56:49 +0300
124024,06/06/2020 21:32:17 +0200
124654,06/06/2020 13:38:09 -0400
123597,07/06/2020 00:36:34 +0800
124237,06/06/2020 20:26:21 +0530
124654,06/06/2020 10:37:52 -0400
123596,06/06/2020 13:20:29 +0200
123597,06/06/2020 11:43:42 +0800
123598,06/06/2020 11:43:00 +0800
124535,06/06/2020 04:39:49 +0100
123602,06/06/2020 12:36:50 +0900
124654,05/06/2020 18:36:54 -0400
123602,06/06/2020 06:01:44 +0900
124644,05/06/2020 22:03:47 +0200
124644,05/06/2020 21:46:03 +0200
124654,05/06/2020 11:37:40 -0400
123718,05/06/2020 12:01:02 +0000
124644,05/06/2020 04:23:07 +0200
124644,05/06/2020 04:21:07 +0200
123821,05/06/2020 04:14:36 +0900
124617,05/06/2020 04:13:33 +0900
123782,04/06/2020 14:12:02 -0500
123612,04/06/2020 15:43:05 +0100
124654,04/06/2020 08:36:25 -0400
123681,04/06/2020 04:33:53 +0200
124190,04/06/2020 03:32:27 +0100
124653,04/06/2020 04:40:50 +0900
283146,03/06/2020 15:36:55 -0400
123618,03/06/2020 14:48:03 -0300
124535,03/06/2020 18:46:09 +0100
123681,03/06/2020 19:45:37 +0200
123681,03/06/2020 19:44:37 +0200
124654,03/06/2020 12:52:01 -0400
124654,03/06/2020 12:19:21 -0400
124654,03/06/2020 12:18:29 -0400
283146,03/06/2020 11:24:25 -0400
124654,03/06/2020 10:06:34 -0400
123627,03/06/2020 15:44:51 +0200
124024,03/06/2020 15:43:11 +0200
124190,03/06/2020 04:38:46 +0100
123681,02/06/2020 23:06:13 +0200
124654,02/06/2020 16:37:52 -0400
124654,02/06/2020 14:56:21 -0400
124655,02/06/2020 15:48:17 +0200
124634,02/06/2020 14:24:44 +1000
124654,01/06/2020 22:44:17 -0400
123636,02/06/2020 08:45:42 +1000
123678,02/06/2020 00:43:43 +0200
124146,02/06/2020 03:12:12 +0430
123782,01/06/2020 17:40:51 -0500
123640,01/06/2020 19:39:47 -0300
123641,02/06/2020 00:37:59 +0200
124535,01/06/2020 23:31:17 +0100
124654,01/06/2020 16:25:10 -0400
124655,01/06/2020 21:01:51 +0200
123971,01/06/2020 20:20:47 +0200
123646,01/06/2020 17:10:17 +0200
123647,01/06/2020 21:53:43 +0800
124024,01/06/2020 14:37:46 +0200
124024,01/06/2020 14:32:08 +0200
124024,01/06/2020 01:21:14 +0200
124024,31/05/2020 22:13:53 +0200
124024,31/05/2020 22:07:24 +0200
124653,01/06/2020 05:04:19 +0900
123654,31/05/2020 16:03:37 -0400
124653,01/06/2020 05:02:39 +0900
124655,31/05/2020 21:08:26 +0200
123657,31/05/2020 19:49:33 +0200
124190,31/05/2020 18:48:32 +0100
124653,01/06/2020 02:19:56 +0900
124653,31/05/2020 03:48:26 +0900
124655,30/05/2020 17:32:48 +0200
124535,30/05/2020 16:19:16 +0100
124654,30/05/2020 05:35:44 -0400
124024,30/05/2020 07:02:41 +0200
123665,30/05/2020 00:58:12 -0400
124654,29/05/2020 17:41:39 -0400
124655,29/05/2020 18:48:48 +0200
124190,29/05/2020 16:27:43 +0100
124655,29/05/2020 16:32:15 +0200
124617,29/05/2020 21:40:54 +0900
124190,29/05/2020 13:02:36 +0100
124237,29/05/2020 16:30:47 +0530
123724,29/05/2020 12:45:20 +0200
124634,29/05/2020 20:24:06 +1000
123675,29/05/2020 02:43:31 -0400
123769,29/05/2020 14:39:33 +0800
123681,29/05/2020 08:29:58 +0200
123678,29/05/2020 08:27:57 +0200
124653,29/05/2020 08:40:33 +0900
124535,29/05/2020 00:39:02 +0100
123681,28/05/2020 23:08:47 +0200
123682,28/05/2020 22:27:27 +0200
124654,28/05/2020 13:36:43 -0400
124535,28/05/2020 18:36:18 +0100
283146,28/05/2020 13:35:24 -0400
123770,28/05/2020 15:04:43 +0200
123687,28/05/2020 14:02:31 +0100
124024,28/05/2020 15:02:00 +0200
124660,28/05/2020 05:30:32 -0700
123782,27/05/2020 16:38:36 -0500
124024,27/05/2020 22:37:19 +0200
123694,27/05/2020 21:24:57 +0200
124655,27/05/2020 17:19:31 +0200
123694,27/05/2020 15:35:03 +0200
124634,27/05/2020 22:21:18 +1000
124614,27/05/2020 13:06:08 +0800
123697,27/05/2020 12:04:38 +0900
124535,27/05/2020 03:12:02 +0100
124654,26/05/2020 15:28:48 -0400
124193,26/05/2020 19:11:08 +0200
123702,26/05/2020 16:09:47 +0200
123702,26/05/2020 16:08:23 +0200
124634,27/05/2020 00:02:16 +1000
123769,26/05/2020 21:54:30 +0800
124655,26/05/2020 15:41:00 +0200
124535,26/05/2020 12:12:07 +0100
124024,25/05/2020 22:20:09 +0200
124190,25/05/2020 18:32:34 +0100
124024,25/05/2020 18:55:16 +0200
408199,25/05/2020 16:35:11 +0300
124024,25/05/2020 15:26:36 +0200
124024,25/05/2020 15:14:01 +0200
123713,25/05/2020 06:12:45 -0700
124024,25/05/2020 15:12:09 +0200
124644,25/05/2020 02:08:59 +0200
124644,24/05/2020 22:28:19 +0200
124655,24/05/2020 19:20:40 +0200
123718,24/05/2020 16:04:57 +0000
123971,24/05/2020 15:43:40 +0200
123821,24/05/2020 22:10:01 +0900
123721,24/05/2020 02:24:14 -0700
124655,23/05/2020 19:04:29 +0200
123723,23/05/2020 22:16:57 +0800
123724,23/05/2020 15:37:12 +0200
123594,23/05/2020 15:22:08 +0200
124146,23/05/2020 15:25:15 +0430
124024,23/05/2020 04:11:10 +0200
124024,23/05/2020 04:09:35 +0200
123728,22/05/2020 20:54:02 -0500
123729,23/05/2020 04:52:50 +0300
124655,22/05/2020 20:00:28 +0200
124146,22/05/2020 22:07:25 +0430
124655,22/05/2020 19:23:35 +0200
124655,22/05/2020 19:05:18 +0200
124535,22/05/2020 17:56:12 +0100
124655,22/05/2020 16:01:00 +0200
283146,21/05/2020 20:43:32 -0400
124655,21/05/2020 20:34:25 +0200
123738,22/05/2020 01:55:18 +0800
123739,21/05/2020 18:40:02 +0200
123821,22/05/2020 01:39:32 +0900
124655,21/05/2020 16:43:56 +0200
124654,21/05/2020 10:35:36 -0400
183719,21/05/2020 17:36:42 +0530
123743,21/05/2020 06:08:43 -0500
124655,21/05/2020 13:06:12 +0200
123745,21/05/2020 04:05:25 -0700
123746,21/05/2020 06:54:09 -0400
124654,21/05/2020 05:12:37 -0400
123748,21/05/2020 13:02:32 +0800
124024,21/05/2020 03:40:43 +0200
124024,21/05/2020 02:18:43 +0200
124654,20/05/2020 17:52:51 -0400
124654,20/05/2020 12:40:26 -0400
123753,20/05/2020 18:24:02 +0200
124653,21/05/2020 01:15:41 +0900
124146,20/05/2020 19:07:30 +0430
123756,20/05/2020 16:35:51 +0200
124653,20/05/2020 23:34:20 +0900
124146,20/05/2020 19:02:28 +0430
283146,20/05/2020 10:30:33 -0400
123881,21/05/2020 00:29:59 +1000
123828,20/05/2020 09:29:05 -0500
124024,20/05/2020 16:27:01 +0200
124655,20/05/2020 16:25:40 +0200
123764,20/05/2020 16:50:20 +0530
124024,20/05/2020 08:50:48 +0200
124024,20/05/2020 01:01:06 +0200
124654,19/05/2020 18:55:06 -0400
123768,19/05/2020 21:25:38 +0200
123769,20/05/2020 02:22:26 +0800
123770,19/05/2020 20:19:26 +0200
124653,20/05/2020 02:33:11 +0900
123772,18/05/2020 20:51:54 -0500
124146,19/05/2020 03:16:02 +0430
123782,18/05/2020 14:53:25 -0500
124190,18/05/2020 20:50:57 +0100
124190,18/05/2020 14:47:45 +0100
124146,18/05/2020 17:20:44 +0430
124654,18/05/2020 08:46:56 -0400
124655,18/05/2020 14:00:08 +0200
123782,18/05/2020 06:33:05 -0500
123781,18/05/2020 06:31:46 -0500
123782,18/05/2020 06:31:18 -0500
124655,18/05/2020 12:59:29 +0200
123784,18/05/2020 17:10:19 +0700
123925,18/05/2020 00:04:11 +0200
124644,17/05/2020 19:24:39 +0200
124146,17/05/2020 21:41:24 +0430
283146,17/05/2020 12:56:22 -0400
124655,17/05/2020 17:42:39 +0200
123790,18/05/2020 00:37:16 +0900
123849,17/05/2020 15:36:01 +0000
123792,17/05/2020 23:33:44 +0800
124024,17/05/2020 12:31:19 +0200
123794,17/05/2020 18:29:56 +0800
124146,17/05/2020 14:44:37 +0430
123811,17/05/2020 12:50:38 +0800
123811,17/05/2020 03:47:26 +0800
123798,16/05/2020 21:23:48 +0200
124654,16/05/2020 14:37:41 -0400
123800,17/05/2020 00:06:13 +0530
124655,16/05/2020 16:02:03 +0200
123811,16/05/2020 21:41:32 +0800
123823,16/05/2020 19:01:21 +0530
123804,16/05/2020 02:36:11 -0700
123806,15/05/2020 17:02:11 -0400
123807,16/05/2020 00:01:21 +0300
123808,15/05/2020 16:00:31 -0500
123809,16/05/2020 06:59:44 +1000
123836,16/05/2020 04:33:45 +0800
123811,16/05/2020 03:26:16 +0800
283067,15/05/2020 19:53:23 +0100
124655,15/05/2020 16:32:52 +0200
123814,15/05/2020 17:27:38 +0300
124653,15/05/2020 23:22:28 +0900
184345,15/05/2020 16:21:00 +0200
123817,15/05/2020 16:13:33 +0200
123818,15/05/2020 15:51:49 +0200
124024,15/05/2020 15:50:27 +0200
123820,15/05/2020 15:49:11 +0200
123821,15/05/2020 22:42:19 +0900
124535,15/05/2020 14:35:50 +0100
123823,15/05/2020 18:22:01 +0530
123824,15/05/2020 14:51:15 +0200
123825,14/05/2020 17:18:33 -0300
123971,14/05/2020 20:10:54 +0200
123827,14/05/2020 13:10:25 -0500
123828,14/05/2020 10:57:12 -0500
123829,14/05/2020 15:56:29 +0000
184345,14/05/2020 17:34:13 +0200
124655,14/05/2020 13:45:05 +0200
124024,14/05/2020 13:04:07 +0200
123834,14/05/2020 13:00:44 +0200
124660,14/05/2020 03:59:56 -0700
123836,14/05/2020 15:03:55 +0800
124644,14/05/2020 08:58:48 +0200
124644,14/05/2020 06:49:45 +0200
123837,13/05/2020 23:38:42 -0500
123838,14/05/2020 12:54:57 +0900
123839,13/05/2020 19:35:40 -0400
124655,14/05/2020 00:07:15 +0200
123841,13/05/2020 23:06:43 +0100
124655,13/05/2020 19:19:29 +0200
124650,13/05/2020 18:10:54 +0200
124655,13/05/2020 17:55:44 +0200
123845,13/05/2020 18:48:41 +0530
124634,13/05/2020 22:03:04 +1000
123847,13/05/2020 18:13:06 +0800
124644,12/05/2020 21:08:22 +0200
123849,12/05/2020 17:38:44 +0000
124655,12/05/2020 17:44:25 +0200
124654,12/05/2020 11:09:28 -0400
124655,12/05/2020 14:33:18 +0200
124654,12/05/2020 07:10:09 -0400
123854,11/05/2020 21:36:24 -0300
123855,11/05/2020 19:31:21 -0400
124655,11/05/2020 23:48:36 +0200
124654,11/05/2020 17:33:36 -0400
124655,11/05/2020 20:52:25 +0200
124654,11/05/2020 14:49:19 -0400
124644,11/05/2020 20:20:14 +0200
123861,11/05/2020 21:13:06 +0800
124634,11/05/2020 22:28:13 +1000
124655,11/05/2020 13:13:27 +0200
124655,10/05/2020 23:24:36 +0200
124190,10/05/2020 22:17:54 +0100
124654,10/05/2020 12:39:27 -0400
283146,10/05/2020 08:49:00 -0400
124650,10/05/2020 03:09:42 +0200
124181,10/05/2020 03:00:40 +0200
124655,09/05/2020 21:37:22 +0200
124655,09/05/2020 21:09:46 +0200
124634,10/05/2020 03:20:18 +1000
124190,09/05/2020 18:14:56 +0100
124654,09/05/2020 12:44:35 -0400
124654,09/05/2020 12:43:24 -0400
124654,09/05/2020 09:15:26 -0400
124654,09/05/2020 09:05:23 -0400
124190,09/05/2020 13:34:47 +0100
123879,09/05/2020 07:09:57 -0400
124193,09/05/2020 12:31:15 +0200
123881,09/05/2020 20:29:44 +1000
123882,09/05/2020 12:22:27 +0200
124654,08/05/2020 18:58:51 -0400
124654,08/05/2020 17:51:41 -0400
123885,08/05/2020 23:21:44 +0200
123886,08/05/2020 23:20:47 +0200
124644,08/05/2020 19:28:49 +0200
123925,08/05/2020 16:32:09 +0200
124655,08/05/2020 16:18:00 +0200
124535,08/05/2020 14:28:02 +0100
124313,08/05/2020 22:30:53 +1000
123892,08/05/2020 17:59:03 +0530
124535,08/05/2020 13:28:46 +0100
124655,07/05/2020 21:15:59 +0200
124655,07/05/2020 20:43:27 +0200
124579,08/05/2020 03:39:00 +0900
124654,07/05/2020 12:01:27 -0400
124655,07/05/2020 17:02:03 +0200
124655,07/05/2020 15:57:10 +0200
124579,07/05/2020 21:32:57 +0900
123901,07/05/2020 13:48:48 +0200
124650,07/05/2020 00:21:13 +0200
124654,06/05/2020 17:04:52 -0400
124654,06/05/2020 16:34:48 -0400
124654,06/05/2020 15:51:33 -0400
124490,06/05/2020 20:10:15 +0300
124644,06/05/2020 18:50:02 +0200
124655,06/05/2020 16:59:43 +0200
124654,06/05/2020 10:10:51 -0400
124655,06/05/2020 14:48:48 +0200
124644,06/05/2020 03:50:55 +0200
124644,06/05/2020 03:48:07 +0200
124655,06/05/2020 00:19:18 +0200
124655,05/05/2020 23:13:04 +0200
124654,05/05/2020 16:54:25 -0400
124655,05/05/2020 18:23:15 +0200
124618,05/05/2020 22:45:51 +0900
124644,05/05/2020 05:39:42 +0200
124024,05/05/2020 00:59:37 +0200
124654,04/05/2020 15:46:39 -0400
283146,04/05/2020 15:17:15 -0400
124190,04/05/2020 19:32:54 +0100
124654,04/05/2020 14:23:06 -0400
124654,04/05/2020 14:10:59 -0400
123925,04/05/2020 18:27:06 +0200
124654,04/05/2020 12:22:42 -0400
124654,04/05/2020 10:40:18 -0400
123928,04/05/2020 16:06:47 +0200
124654,04/05/2020 09:39:40 -0400
124477,04/05/2020 19:36:26 +0800
123995,04/05/2020 06:35:00 -0500
124655,04/05/2020 13:03:30 +0200
124634,04/05/2020 20:10:57 +1000
124146,03/05/2020 23:44:38 +0430
124634,04/05/2020 05:10:52 +1000
124634,03/05/2020 22:45:40 +1000
124190,03/05/2020 04:55:16 +0100
124654,02/05/2020 18:35:25 -0400
124654,02/05/2020 18:33:43 -0400
124655,02/05/2020 15:51:08 +0200
124655,02/05/2020 00:32:05 +0200
124190,01/05/2020 20:33:11 +0100
124655,01/05/2020 20:15:28 +0200
124654,01/05/2020 13:29:00 -0400
124044,02/05/2020 01:03:54 +0800
124644,01/05/2020 18:37:32 +0200
124477,01/05/2020 22:35:18 +0800
123948,01/05/2020 03:33:03 -0700
124024,30/04/2020 22:39:25 +0200
124024,30/04/2020 21:46:44 +0200
283146,30/04/2020 15:05:30 -0400
124055,01/05/2020 02:32:44 +0800
124655,30/04/2020 20:18:50 +0200
124490,30/04/2020 20:58:40 +0300
124650,30/04/2020 17:23:40 +0200
124655,30/04/2020 16:40:51 +0200
124634,01/05/2020 00:40:10 +1000
124490,30/04/2020 17:00:02 +0300
124655,30/04/2020 14:37:06 +0200
124618,30/04/2020 20:01:16 +0900
124146,30/04/2020 15:17:53 +0430
124026,30/04/2020 03:10:28 -0400
123963,30/04/2020 09:09:48 +0200
124024,30/04/2020 03:36:44 +0200
124655,29/04/2020 23:04:05 +0200
124654,29/04/2020 16:39:37 -0400
124024,29/04/2020 22:38:24 +0200
124655,29/04/2020 22:38:10 +0200
124190,29/04/2020 21:20:55 +0100
124644,29/04/2020 22:00:31 +0200
123971,29/04/2020 20:48:19 +0200
124055,29/04/2020 21:38:44 +0800
124005,29/04/2020 06:43:34 -0400
124024,29/04/2020 12:25:40 +0200
124024,29/04/2020 03:30:48 +0200
124655,29/04/2020 01:08:02 +0200
283146,28/04/2020 17:26:31 -0400
124655,28/04/2020 21:46:39 +0200
124654,28/04/2020 15:17:55 -0400
283146,28/04/2020 15:17:40 -0400
124655,28/04/2020 20:11:50 +0200
124190,28/04/2020 17:40:43 +0100
124146,28/04/2020 21:07:59 +0430
124654,28/04/2020 12:35:23 -0400
124655,28/04/2020 18:01:13 +0200
124190,28/04/2020 15:43:58 +0100
124024,28/04/2020 16:40:17 +0200
124614,28/04/2020 21:05:14 +0800
124655,28/04/2020 13:23:30 +0200
124535,28/04/2020 11:35:43 +0100
124655,28/04/2020 12:33:09 +0200
124655,28/04/2020 12:32:43 +0200
124655,28/04/2020 12:30:59 +0200
124650,28/04/2020 07:36:47 +0200
123995,28/04/2020 00:35:20 -0500
124024,28/04/2020 07:23:06 +0200
124650,28/04/2020 05:36:43 +0200
124146,28/04/2020 05:44:47 +0430
124655,28/04/2020 02:01:00 +0200
124650,28/04/2020 01:12:38 +0200
124190,28/04/2020 00:06:03 +0100
124535,27/04/2020 23:56:22 +0100
124654,27/04/2020 18:00:19 -0400
124650,27/04/2020 22:56:24 +0200
124005,27/04/2020 16:07:57 -0400
124644,27/04/2020 20:09:56 +0200
124024,27/04/2020 20:08:20 +0200
124653,28/04/2020 02:39:39 +0900
124654,27/04/2020 13:38:23 -0400
124655,27/04/2020 17:25:26 +0200
124654,27/04/2020 10:54:55 -0400
124654,27/04/2020 10:53:56 -0400
124654,27/04/2020 09:59:34 -0400
124655,27/04/2020 15:46:39 +0200
124655,27/04/2020 15:40:47 +0200
124655,27/04/2020 14:51:22 +0200
124017,27/04/2020 20:49:34 +0800
124146,27/04/2020 17:18:54 +0430
124146,27/04/2020 15:35:26 +0430
124055,27/04/2020 19:03:13 +0800
124024,26/04/2020 22:29:51 +0200
124055,27/04/2020 04:27:24 +0800
124237,27/04/2020 01:56:02 +0530
124024,26/04/2020 22:25:24 +0200
124655,26/04/2020 19:00:10 +0200
124026,26/04/2020 11:04:02 -0400
124655,25/04/2020 22:02:15 +0200
124190,25/04/2020 15:53:26 +0100
124654,25/04/2020 09:31:54 -0400
124030,25/04/2020 02:13:26 -0700
124654,24/04/2020 19:55:33 -0400
124655,25/04/2020 01:03:45 +0200
124655,25/04/2020 01:01:25 +0200
124655,25/04/2020 00:45:55 +0200
124655,25/04/2020 00:09:14 +0200
124655,25/04/2020 00:07:25 +0200
124655,25/04/2020 00:05:48 +0200
124655,24/04/2020 23:40:29 +0200
124655,24/04/2020 23:29:14 +0200
124146,24/04/2020 22:54:29 +0430
124654,24/04/2020 05:14:18 -0400
283146,23/04/2020 19:01:15 -0400
124655,23/04/2020 20:12:44 +0200
124044,23/04/2020 22:30:32 +0800
124190,23/04/2020 13:40:16 +0100
124654,23/04/2020 05:51:07 -0400
283146,22/04/2020 19:20:38 -0400
124655,23/04/2020 00:36:04 +0200
124654,22/04/2020 16:00:48 -0400
124655,22/04/2020 21:30:45 +0200
124654,22/04/2020 14:26:16 -0400
124644,22/04/2020 20:24:49 +0200
124055,22/04/2020 22:21:05 +0800
124634,23/04/2020 00:06:51 +1000
124055,22/04/2020 04:11:52 +0800
124654,21/04/2020 09:48:44 -0400
124190,20/04/2020 20:39:02 +0100
124490,20/04/2020 21:30:52 +0300
124654,20/04/2020 10:27:15 -0400
124146,20/04/2020 13:59:37 +0430
124654,19/04/2020 23:54:46 -0400
124190,19/04/2020 14:17:22 +0100
283146,19/04/2020 07:26:17 -0400
124654,18/04/2020 20:05:13 -0400
124655,18/04/2020 22:29:39 +0200
124614,18/04/2020 23:25:35 +0800
124662,18/04/2020 10:21:20 -0500
124655,18/04/2020 12:51:51 +0200
124614,18/04/2020 12:05:33 +0800
124535,17/04/2020 21:12:14 +0100
124655,17/04/2020 18:45:34 +0200
124072,17/04/2020 12:51:10 +0200
124190,16/04/2020 23:15:42 +0100
124655,16/04/2020 23:40:29 +0200
124535,16/04/2020 20:45:30 +0100
124653,17/04/2020 00:57:49 +0900
124655,16/04/2020 16:47:12 +0200
124655,16/04/2020 16:29:28 +0200
124654,16/04/2020 06:58:17 -0400
124080,16/04/2020 07:42:09 +0200
124190,16/04/2020 06:40:30 +0100
124099,16/04/2020 00:27:10 -0500
124655,16/04/2020 05:14:28 +0200
124654,15/04/2020 20:43:19 -0400
124146,15/04/2020 19:08:05 +0430
124190,15/04/2020 15:12:42 +0100
124634,16/04/2020 00:10:49 +1000
124190,15/04/2020 11:44:09 +0100
124654,15/04/2020 05:26:31 -0400
124655,14/04/2020 20:09:50 +0200
124186,14/04/2020 23:41:42 +0700
124655,14/04/2020 17:41:06 +0200
124654,14/04/2020 09:31:29 -0400
124654,14/04/2020 09:23:07 -0400
124654,13/04/2020 22:46:23 -0400
124650,14/04/2020 00:28:49 +0200
124650,14/04/2020 00:07:06 +0200
124655,13/04/2020 22:18:31 +0200
124099,13/04/2020 12:15:18 -0500
124193,13/04/2020 18:34:32 +0200
124190,13/04/2020 15:54:16 +0100
124655,13/04/2020 16:48:12 +0200
124103,13/04/2020 15:47:14 +0100
124186,13/04/2020 21:46:34 +0700
124146,12/04/2020 23:04:16 +0430
124617,12/04/2020 14:24:58 +0900
124614,12/04/2020 11:12:42 +0800
124654,11/04/2020 17:19:36 -0400
124654,11/04/2020 16:25:31 -0400
124110,11/04/2020 11:47:27 -0400
124634,12/04/2020 01:42:02 +1000
124190,11/04/2020 07:08:11 +0100
124113,11/04/2020 04:14:16 +0200
124535,11/04/2020 03:03:41 +0100
124654,10/04/2020 14:24:42 -0400
124190,10/04/2020 17:26:52 +0100
124477,10/04/2020 22:12:42 +0800
124535,10/04/2020 15:10:45 +0100
124535,10/04/2020 15:05:56 +0100
124654,10/04/2020 09:51:17 -0400
124655,10/04/2020 00:15:17 +0200
124654,09/04/2020 13:45:10 -0400
124535,09/04/2020 16:15:56 +0100
124190,09/04/2020 13:34:24 +0100
124535,09/04/2020 12:45:24 +0100
124654,09/04/2020 06:03:44 -0400
124146,09/04/2020 03:14:39 +0430
124146,09/04/2020 03:13:35 +0430
124654,08/04/2020 14:59:06 -0400
124654,08/04/2020 14:29:42 -0400
124654,08/04/2020 13:21:04 -0400
124655,08/04/2020 17:03:42 +0200
124654,08/04/2020 10:32:08 -0400
124654,08/04/2020 10:31:48 -0400
124654,07/04/2020 19:30:51 -0400
124654,07/04/2020 17:11:38 -0400
124654,07/04/2020 15:03:14 -0400
124655,07/04/2020 19:47:06 +0200
124654,07/04/2020 13:27:37 -0400
124237,07/04/2020 20:54:47 +0530
124654,07/04/2020 11:12:31 -0400
124477,07/04/2020 22:06:22 +0800
124190,07/04/2020 11:34:18 +0100
124655,07/04/2020 12:32:09 +0200
124146,07/04/2020 08:13:14 +0430
124146,07/04/2020 03:46:18 +0430
124147,06/04/2020 22:52:25 +0200
124655,06/04/2020 18:50:56 +0200
124617,06/04/2020 23:08:53 +0900
124150,06/04/2020 09:58:46 -0400
124151,06/04/2020 15:27:10 +0200
124173,06/04/2020 13:06:11 +0200
124193,05/04/2020 21:49:04 +0200
124198,04/04/2020 11:46:09 -0700
124186,05/04/2020 00:13:37 +0700
124190,04/04/2020 18:11:43 +0100
124157,03/04/2020 23:43:49 -0300
124634,04/04/2020 13:41:16 +1100
124159,03/04/2020 12:20:40 -0700
124617,04/04/2020 03:55:23 +0900
124654,03/04/2020 14:38:56 -0400
124370,03/04/2020 13:49:05 -0400
124370,03/04/2020 13:47:57 -0400
124370,03/04/2020 13:45:44 -0400
124644,03/04/2020 19:40:11 +0200
124655,03/04/2020 19:20:36 +0200
124655,03/04/2020 18:35:03 +0200
124654,03/04/2020 12:11:52 -0400
124655,03/04/2020 18:01:45 +0200
124370,03/04/2020 11:00:16 -0400
124605,03/04/2020 10:35:28 -0400
124173,03/04/2020 14:11:50 +0200
124173,03/04/2020 10:32:46 +0200
124654,02/04/2020 15:20:17 -0400
124370,02/04/2020 14:54:33 -0400
124650,02/04/2020 17:56:09 +0200
124654,02/04/2020 09:26:40 -0400
124654,02/04/2020 09:24:29 -0400
124650,02/04/2020 11:38:13 +0200
124634,02/04/2020 14:14:30 +1100
124181,02/04/2020 01:41:32 +0200
124654,01/04/2020 15:23:39 -0400
124477,02/04/2020 03:04:36 +0800
124654,01/04/2020 14:28:16 -0400
124535,01/04/2020 17:57:33 +0100
124186,01/04/2020 23:51:01 +0700
124477,01/04/2020 21:37:11 +0800
124477,01/04/2020 21:35:34 +0800
124190,01/04/2020 09:47:23 +0100
124190,01/04/2020 09:24:05 +0100
124535,01/04/2020 04:21:37 +0100
124654,31/03/2020 17:30:09 -0400
124193,31/03/2020 20:42:18 +0200
124370,31/03/2020 13:46:25 -0400
124195,31/03/2020 12:34:13 +0200
124370,30/03/2020 19:02:02 -0400
124586,31/03/2020 01:01:19 +0200
124198,30/03/2020 11:04:45 -0700
124586,30/03/2020 19:45:37 +0200
124653,31/03/2020 00:37:58 +0900
124634,31/03/2020 02:36:55 +1100
124650,30/03/2020 04:41:27 +0200
124203,30/03/2020 04:23:57 +0200
124535,30/03/2020 02:39:10 +0100
124654,28/03/2020 17:51:30 -0400
124660,28/03/2020 14:42:29 -0700
124650,28/03/2020 22:35:31 +0100
124654,28/03/2020 15:26:58 -0400
124655,28/03/2020 19:16:57 +0100
124634,29/03/2020 04:03:49 +1100
124634,29/03/2020 01:04:18 +1100
124654,28/03/2020 10:00:14 -0400
124654,27/03/2020 16:09:51 -0400
124535,26/03/2020 19:52:47 +0000
124535,26/03/2020 00:48:47 +0000
124654,25/03/2020 17:24:26 -0400
124660,24/03/2020 20:56:40 -0700
124660,24/03/2020 20:55:54 -0700
124535,25/03/2020 03:54:41 +0000
124660,24/03/2020 20:53:48 -0700
124660,24/03/2020 20:50:51 -0700
124617,25/03/2020 02:39:41 +0900
124655,24/03/2020 17:24:58 +0100
124653,24/03/2020 23:34:50 +0900
124586,24/03/2020 05:57:05 +0100
124660,23/03/2020 21:54:17 -0700
124429,23/03/2020 22:02:51 +0000
124654,23/03/2020 17:14:34 -0400
124644,23/03/2020 20:28:18 +0100
124654,23/03/2020 12:28:27 -0400
124231,23/03/2020 16:37:24 +0100
124535,23/03/2020 04:03:45 +0000
124654,22/03/2020 19:21:31 -0400
124617,23/03/2020 03:49:09 +0900
124653,23/03/2020 03:41:42 +0900
124654,21/03/2020 17:58:31 -0400
124237,22/03/2020 03:14:18 +0530
124644,21/03/2020 21:15:46 +0100
124617,21/03/2020 22:53:47 +0900
124654,20/03/2020 21:48:34 -0400
124370,20/03/2020 16:03:04 -0400
124643,20/03/2020 16:12:27 +0000
124370,20/03/2020 12:10:02 -0400
124370,20/03/2020 09:46:26 -0400
124245,20/03/2020 14:38:34 +0100
124643,20/03/2020 08:46:48 +0000
124643,19/03/2020 23:15:21 +0000
124654,19/03/2020 17:20:46 -0400
124655,19/03/2020 21:31:56 +0100
124654,19/03/2020 12:46:56 -0400
124655,19/03/2020 16:04:26 +0100
124660,19/03/2020 07:45:28 -0700
124490,19/03/2020 16:42:07 +0200
124655,19/03/2020 14:49:06 +0100
124655,19/03/2020 14:26:47 +0100
124634,19/03/2020 21:32:49 +1100
124655,19/03/2020 10:58:12 +0100
124535,19/03/2020 01:25:01 +0000
124535,18/03/2020 23:40:06 +0000
124655,19/03/2020 00:25:55 +0100
124644,18/03/2020 12:08:06 -0700
124634,19/03/2020 03:39:53 +1100
124654,18/03/2020 09:59:10 -0400
124654,18/03/2020 00:55:18 -0400
124654,17/03/2020 20:46:46 -0400
124644,17/03/2020 17:41:58 -0700
124644,17/03/2020 17:06:40 -0700
124644,17/03/2020 15:35:30 -0700
124655,17/03/2020 22:35:38 +0100
124634,17/03/2020 23:28:07 +1100
124299,17/03/2020 07:32:43 +0100
124370,16/03/2020 15:02:41 -0400
124663,16/03/2020 17:46:31 +0000
124655,16/03/2020 16:50:58 +0100
124655,16/03/2020 15:32:29 +0100
124660,16/03/2020 06:05:39 -0700
124535,16/03/2020 11:40:36 +0000
124655,16/03/2020 10:22:16 +0100
124655,15/03/2020 17:58:59 +0100
124535,15/03/2020 15:48:46 +0000
124655,15/03/2020 15:31:55 +0100
124579,15/03/2020 23:30:11 +0900
124643,15/03/2020 12:03:25 +0000
124634,15/03/2020 21:34:22 +1100
124643,15/03/2020 09:34:24 +0000
124535,15/03/2020 03:01:34 +0000
124370,14/03/2020 22:57:42 -0400
124535,14/03/2020 21:46:39 +0000
124655,14/03/2020 22:10:23 +0100
124299,14/03/2020 21:43:49 +0100
124654,14/03/2020 15:23:33 -0400
124654,14/03/2020 12:53:06 -0400
124294,14/03/2020 15:17:44 +0100
124634,14/03/2020 23:23:53 +1100
124655,14/03/2020 11:53:20 +0100
124644,13/03/2020 23:27:36 -0700
124313,14/03/2020 12:40:13 +1100
124655,13/03/2020 15:57:32 +0100
124299,13/03/2020 10:22:22 +0100
124654,12/03/2020 13:07:57 -0400
124654,12/03/2020 12:12:20 -0400
124535,12/03/2020 14:12:27 +0000
124654,11/03/2020 19:13:01 -0400
124429,11/03/2020 22:19:24 +0000
124655,11/03/2020 21:57:24 +0100
124655,11/03/2020 21:54:53 +0100
124370,11/03/2020 16:14:23 -0400
124370,11/03/2020 15:05:42 -0400
124655,11/03/2020 15:49:53 +0100
124655,11/03/2020 10:53:06 +0100
124654,11/03/2020 05:51:57 -0400
124643,10/03/2020 23:23:08 +0000
124313,11/03/2020 06:16:08 +1100
124643,10/03/2020 19:14:22 +0000
124370,10/03/2020 15:11:27 -0400
124643,10/03/2020 16:08:58 +0000
124655,10/03/2020 16:38:02 +0100
124318,10/03/2020 13:26:17 +0100
124655,10/03/2020 03:04:49 +0100
124655,10/03/2020 01:06:47 +0100
124654,09/03/2020 20:01:33 -0400
124655,10/03/2020 00:22:15 +0100
124535,09/03/2020 21:46:55 +0000
124654,09/03/2020 10:49:51 -0400
124655,09/03/2020 15:18:02 +0100
124535,08/03/2020 23:14:53 +0000
124617,09/03/2020 01:10:45 +0900
124655,08/03/2020 13:09:22 +0100
124634,08/03/2020 21:27:23 +1100
124370,07/03/2020 22:29:12 -0500
124331,07/03/2020 22:28:30 -0500
124654,07/03/2020 15:51:23 -0500
124655,07/03/2020 13:20:27 +0100
124654,07/03/2020 06:29:19 -0500
124654,07/03/2020 05:27:16 -0500
124654,06/03/2020 11:40:18 -0500
124337,06/03/2020 17:31:22 +0100
124370,06/03/2020 11:29:23 -0500
124535,06/03/2020 14:14:58 +0000
124429,06/03/2020 13:48:38 +0000
124370,06/03/2020 08:34:02 -0500
124654,05/03/2020 20:01:08 -0500
124655,05/03/2020 14:55:11 +0100
124654,05/03/2020 08:36:13 -0500
124654,05/03/2020 08:30:41 -0500
124654,05/03/2020 08:26:36 -0500
124655,05/03/2020 13:05:41 +0100
124655,05/03/2020 11:52:18 +0100
124655,05/03/2020 11:13:10 +0100
124654,04/03/2020 19:49:51 -0500
124644,04/03/2020 15:52:08 -0800
124654,04/03/2020 13:18:32 -0500
124655,04/03/2020 17:31:14 +0100
124634,05/03/2020 00:26:00 +1100
124634,04/03/2020 22:14:43 +1100
124356,04/03/2020 17:40:56 +0900
124429,03/03/2020 22:09:13 +0000
124654,03/03/2020 16:02:35 -0500
124655,03/03/2020 18:22:53 +0100
124617,03/03/2020 23:51:07 +0900
124535,03/03/2020 13:56:10 +0000
124644,02/03/2020 14:20:16 -0800
124634,03/03/2020 08:18:27 +1100
124644,02/03/2020 12:30:46 -0800
124370,02/03/2020 15:24:42 -0500
124655,02/03/2020 19:13:36 +0100
124655,02/03/2020 19:12:49 +0100
124368,02/03/2020 17:44:46 +0100
124654,02/03/2020 10:22:12 -0500
124370,02/03/2020 10:19:42 -0500
124429,02/03/2020 00:51:54 +0000
124444,02/03/2020 01:05:04 +0100
124654,01/03/2020 17:17:59 -0500
124660,01/03/2020 13:17:45 -0800
124644,29/02/2020 16:24:36 -0800
124535,29/02/2020 19:37:32 +0000
124643,29/02/2020 18:04:10 +0000
124655,29/02/2020 18:45:47 +0100
124444,29/02/2020 18:35:45 +0100
124654,28/02/2020 22:39:26 -0500
124654,28/02/2020 20:29:47 -0500
124655,28/02/2020 19:33:52 +0100
124654,28/02/2020 13:15:31 -0500
124617,29/02/2020 01:17:00 +0900
124655,28/02/2020 17:13:07 +0100
124634,29/02/2020 03:05:40 +1100
124655,28/02/2020 15:47:54 +0100
124660,28/02/2020 06:17:56 -0800
124660,28/02/2020 06:04:18 -0800
124655,28/02/2020 08:32:02 +0100
124644,27/02/2020 23:28:33 -0800
124644,27/02/2020 16:29:02 -0800
124644,27/02/2020 16:27:24 -0800
124654,27/02/2020 15:39:41 -0500
124617,28/02/2020 05:12:04 +0900
124655,27/02/2020 21:08:21 +0100
124429,27/02/2020 19:30:41 +0000
124634,28/02/2020 03:27:00 +1100
124655,26/02/2020 22:11:52 +0100
124654,26/02/2020 16:10:41 -0500
124655,26/02/2020 22:06:20 +0100
124655,26/02/2020 20:33:18 +0100
124634,27/02/2020 03:59:33 +1100
124617,27/02/2020 00:48:35 +0900
124654,26/02/2020 05:52:15 -0500
124654,26/02/2020 05:50:53 -0500
124654,26/02/2020 05:50:25 -0500
124655,26/02/2020 11:49:38 +0100
124660,25/02/2020 22:01:24 -0800
124429,25/02/2020 20:36:35 +0000
124634,26/02/2020 07:33:19 +1100
124654,25/02/2020 14:42:00 -0500
124654,25/02/2020 12:03:11 -0500
124643,25/02/2020 14:23:23 +0000
124654,25/02/2020 09:14:27 -0500
124634,25/02/2020 19:32:43 +1100
124617,25/02/2020 12:49:39 +0900
124429,25/02/2020 00:30:17 +0000
124644,24/02/2020 15:53:29 -0800
124429,24/02/2020 22:49:40 +0000
124654,24/02/2020 17:18:15 -0500
124422,24/02/2020 13:37:15 -0800
124654,24/02/2020 16:36:12 -0500
124655,24/02/2020 15:48:35 -0500
124643,24/02/2020 20:02:22 +0000
124634,25/02/2020 06:48:14 +1100
124655,24/02/2020 12:58:13 -0500
124428,24/02/2020 17:31:21 +0000
124429,24/02/2020 15:29:56 +0000
124579,24/02/2020 23:13:03 +0900
124444,24/02/2020 14:35:45 +0100
124653,24/02/2020 22:31:40 +0900
124617,24/02/2020 22:10:00 +0900
124655,23/02/2020 14:51:29 -0500
404363,23/02/2020 20:40:44 +0100
124617,24/02/2020 01:59:36 +0900
124660,23/02/2020 06:45:02 -0800
124660,23/02/2020 06:40:44 -0800
124662,23/02/2020 08:37:43 -0600
124617,23/02/2020 08:51:04 +0900
124444,23/02/2020 00:46:52 +0100
124442,23/02/2020 08:45:35 +0900
124655,21/02/2020 13:21:51 -0500
124444,21/02/2020 18:01:01 +0100
124445,21/02/2020 17:26:54 +0100
124655,21/02/2020 10:36:13 -0500
124655,21/02/2020 10:35:41 -0500
124477,21/02/2020 13:13:11 +0800
124654,20/02/2020 10:29:21 -0500
124450,20/02/2020 16:19:14 +0100
124634,20/02/2020 14:58:05 +1100
124634,20/02/2020 14:35:21 +1100
124655,19/02/2020 17:51:10 -0500
124454,19/02/2020 21:36:18 +0100
124655,19/02/2020 08:17:13 -0500
124634,19/02/2020 16:34:11 +1100
124655,18/02/2020 14:47:11 -0500
124660,18/02/2020 11:45:59 -0800
124654,18/02/2020 10:34:24 -0500
124655,18/02/2020 10:08:18 -0500
124643,18/02/2020 00:51:13 +0000
124535,17/02/2020 18:22:41 +0000
124655,17/02/2020 19:11:45 +0100
124490,17/02/2020 19:49:30 +0200
124465,17/02/2020 11:59:51 -0500
124634,16/02/2020 21:11:44 +1100
404363,15/02/2020 16:37:05 +0100
124655,15/02/2020 01:18:36 +0100
124654,13/02/2020 17:45:22 -0500
124617,14/02/2020 06:05:30 +0900
124654,13/02/2020 16:02:18 -0500
124634,13/02/2020 08:41:51 +1100
124643,12/02/2020 16:02:34 +0000
124655,11/02/2020 22:02:35 +0100
124655,11/02/2020 22:02:11 +0100
124535,11/02/2020 20:55:54 +0000
124477,12/02/2020 04:53:09 +0800
124655,11/02/2020 21:50:20 +0100
124655,11/02/2020 17:24:27 +0100
124655,11/02/2020 17:23:40 +0100
124653,12/02/2020 01:19:35 +0900
124655,11/02/2020 12:01:56 +0100
124643,11/02/2020 09:29:36 +0000
124655,11/02/2020 10:04:59 +0100
124535,10/02/2020 23:19:48 +0000
124654,10/02/2020 13:08:49 -0500
124617,11/02/2020 01:38:48 +0900
124488,10/02/2020 17:38:05 +0800
124605,09/02/2020 13:54:16 -0500
124490,09/02/2020 18:07:37 +0200
124660,09/02/2020 02:19:05 -0800
124655,08/02/2020 21:24:09 +0100
124617,09/02/2020 05:15:59 +0900
124655,08/02/2020 20:34:31 +0100
124660,08/02/2020 00:49:55 -0800
124498,07/02/2020 18:51:01 -0500
124654,07/02/2020 17:54:44 -0500
124654,07/02/2020 03:31:19 -0500
124654,07/02/2020 03:30:05 -0500
124617,07/02/2020 16:23:38 +0900
124634,07/02/2020 17:54:05 +1100
124579,07/02/2020 15:53:15 +0900
124654,06/02/2020 23:05:02 -0500
124644,06/02/2020 19:09:55 -0800
124506,07/02/2020 11:58:11 +0900
124654,06/02/2020 21:24:51 -0500
124644,06/02/2020 15:34:40 -0800
124643,06/02/2020 22:25:39 +0000
124617,06/02/2020 22:42:32 +0900
124654,05/02/2020 17:16:07 -0500
124535,05/02/2020 20:41:55 +0000
124535,05/02/2020 08:23:23 +0000
124654,05/02/2020 02:40:38 -0500
124525,04/02/2020 23:42:07 +0100
124655,04/02/2020 20:24:33 +0100
124516,04/02/2020 16:27:50 +0000
124634,05/02/2020 01:15:23 +1100
124655,04/02/2020 15:10:46 +0100
124654,03/02/2020 18:08:44 -0500
124654,03/02/2020 15:52:32 -0500
124655,03/02/2020 16:36:07 +0100
124522,04/02/2020 03:54:47 +1300
124654,03/02/2020 08:53:50 -0500
124524,03/02/2020 10:20:15 -0300
124525,02/02/2020 22:55:22 +0100
124660,02/02/2020 13:49:41 -0800
124535,02/02/2020 21:46:05 +0000
124605,01/02/2020 03:02:23 -0800
124529,31/01/2020 22:07:37 +0100
124654,31/01/2020 12:43:08 -0500
124655,31/01/2020 17:34:50 +0100
124655,31/01/2020 11:06:42 +0100
124654,31/01/2020 04:49:13 -0500
124660,30/01/2020 18:02:14 -0800
124535,30/01/2020 23:57:29 +0000
124655,31/01/2020 00:42:39 +0100
124654,30/01/2020 11:28:51 -0500
124654,30/01/2020 10:49:33 -0500
124654,30/01/2020 10:08:51 -0500
124654,30/01/2020 03:33:32 -0500
124654,30/01/2020 03:32:20 -0500
124662,29/01/2020 22:21:41 -0600
124655,30/01/2020 03:16:48 +0100
124544,30/01/2020 01:57:29 +0000
124655,29/01/2020 18:54:23 +0100
124654,29/01/2020 07:03:42 -0500
124655,28/01/2020 03:13:17 +0100
124655,28/01/2020 03:12:25 +0100
124634,27/01/2020 05:59:41 +1100
124660,26/01/2020 10:43:59 -0800
124654,26/01/2020 11:40:28 -0500
404363,26/01/2020 16:50:15 +0100
404363,26/01/2020 15:49:34 +0100
124655,25/01/2020 18:53:16 +0100
124644,25/01/2020 14:31:42 +0100
124583,25/01/2020 07:25:40 -0600
124660,24/01/2020 14:16:31 -0800
124654,24/01/2020 15:10:49 -0500
124559,24/01/2020 20:47:11 +0100
124654,24/01/2020 14:24:27 -0500
124634,25/01/2020 06:15:01 +1100
124654,24/01/2020 11:07:53 -0500
124654,24/01/2020 10:58:18 -0500
124564,24/01/2020 16:35:23 +0100
124579,24/01/2020 22:15:31 +0900
124644,24/01/2020 05:34:55 +0100
124654,23/01/2020 20:22:05 -0500
124654,23/01/2020 16:32:52 -0500
124655,23/01/2020 16:49:46 +0100
124570,23/01/2020 16:40:26 +0100
124655,22/01/2020 23:58:13 +0100
124655,22/01/2020 20:18:01 +0100
124654,22/01/2020 13:43:14 -0500
124661,22/01/2020 12:31:54 -0500
124661,21/01/2020 16:30:27 -0500
124661,21/01/2020 14:57:56 -0500
124644,21/01/2020 20:24:31 +0100
124654,21/01/2020 12:16:59 -0500
124579,22/01/2020 02:01:10 +0900
124655,21/01/2020 17:50:06 +0100
124661,21/01/2020 10:24:02 -0500
124582,21/01/2020 16:12:19 +0100
124583,21/01/2020 09:01:55 -0600
124655,21/01/2020 15:53:29 +0100
124655,21/01/2020 14:26:11 +0100
124586,21/01/2020 10:49:42 +0100
124655,21/01/2020 09:49:47 +0100
124655,20/01/2020 16:50:16 +0100
124661,20/01/2020 09:49:18 -0500
124643,20/01/2020 14:45:44 +0000
124634,21/01/2020 01:30:30 +1100
124655,18/01/2020 21:49:55 +0100
124655,18/01/2020 18:35:12 +0100
124594,18/01/2020 06:19:36 -0800
124661,18/01/2020 04:20:10 -0500
124654,17/01/2020 19:45:17 -0500
124661,17/01/2020 19:01:24 -0500
124660,17/01/2020 15:44:35 -0800
124655,18/01/2020 00:43:53 +0100
124661,17/01/2020 17:53:13 -0500
124601,17/01/2020 23:45:18 +0100
124661,17/01/2020 13:57:56 -0500
124655,17/01/2020 15:26:51 +0100
124661,17/01/2020 08:55:32 -0500
124605,17/01/2020 08:26:11 -0500
124660,16/01/2020 16:42:58 -0800
124644,16/01/2020 23:25:57 +0100
124655,16/01/2020 21:32:25 +0100
124643,16/01/2020 19:47:02 +0000
124661,16/01/2020 12:08:40 -0500
124655,16/01/2020 16:10:01 +0100
124660,16/01/2020 06:46:32 -0800
124655,16/01/2020 15:04:51 +0100
124614,16/01/2020 12:13:50 +0800
124661,15/01/2020 19:21:35 -0500
124650,15/01/2020 20:13:12 +0100
124617,16/01/2020 03:23:29 +0900
124618,15/01/2020 23:05:22 +0900
124655,13/01/2020 13:34:07 +0100
124655,12/01/2020 14:53:32 +0100
124653,12/01/2020 22:02:03 +0900
124634,12/01/2020 22:20:33 +1100
124655,12/01/2020 10:21:53 +0100
124662,11/01/2020 04:11:05 -0600
124655,11/01/2020 10:49:16 +0100
124643,10/01/2020 19:29:09 +0000
124644,10/01/2020 12:57:36 +0100
124661,09/01/2020 11:37:01 -0700
124654,09/01/2020 13:04:51 -0500
124661,08/01/2020 17:40:59 -0500
124650,08/01/2020 23:07:03 +0100
124661,08/01/2020 14:59:53 -0500
124661,08/01/2020 10:17:09 -0500
124634,09/01/2020 01:17:44 +1100
124655,08/01/2020 15:06:04 +0100
124661,07/01/2020 19:51:12 -0500
124661,07/01/2020 19:05:52 -0500
124661,07/01/2020 14:14:33 -0500
124655,07/01/2020 12:45:44 +0100
124655,06/01/2020 20:07:35 +0100
124661,06/01/2020 11:38:56 -0500
124655,06/01/2020 16:24:44 +0100
124643,06/01/2020 00:35:45 +0000
124655,05/01/2020 20:52:03 +0100
124655,05/01/2020 18:22:38 +0100
124661,05/01/2020 11:56:18 -0500
124644,05/01/2020 17:41:54 +0100
124661,05/01/2020 09:19:29 -0500
124650,04/01/2020 23:00:03 +0100
124650,04/01/2020 11:21:06 +0100
124663,04/01/2020 15:50:52 +0530
124652,04/01/2020 17:31:12 +0800
124653,04/01/2020 18:26:57 +0900
124654,03/01/2020 08:35:17 -0500
124655,03/01/2020 14:15:19 +0100
124657,03/01/2020 00:02:20 +0000
124657,02/01/2020 23:41:59 +0000
124661,02/01/2020 15:13:47 -0500
124663,02/01/2020 23:41:33 +0530
124660,02/01/2020 09:34:33 -0800
124661,02/01/2020 08:41:25 -0500
124662,02/01/2020 20:48:46 +0800
124663,01/01/2020 20:21:27 +0530
