184564,22/12/2020 10:58:47 -0800
184311,22/12/2020 17:09:29 +0100
184311,21/12/2020 03:48:36 +0100
184517,18/12/2020 16:29:48 -0600
184517,18/12/2020 16:20:37 -0600
184517,18/12/2020 12:57:24 -0600
184340,17/12/2020 17:17:23 -0500
184312,16/12/2020 11:53:51 -0800
184312,15/12/2020 15:33:54 -0800
183500,14/12/2020 22:23:26 +0100
184541,14/12/2020 15:50:20 +0000
184541,13/12/2020 17:44:59 +0000
184541,11/12/2020 22:45:18 +0000
184517,11/12/2020 15:45:08 -0600
184517,11/12/2020 15:37:43 -0600
184517,11/12/2020 10:38:49 -0600
184558,10/12/2020 08:50:41 -0500
184541,10/12/2020 06:15:37 +0000
184541,10/12/2020 03:55:38 +0000
184541,10/12/2020 03:03:53 +0000
184541,10/12/2020 02:14:50 +0000
184541,09/12/2020 22:47:17 +0000
184541,09/12/2020 21:46:50 +0000
184564,09/12/2020 14:46:18 -0500
184564,09/12/2020 14:18:26 -0500
183514,09/12/2020 23:26:12 +0900
184541,09/12/2020 02:57:14 +0000
184541,09/12/2020 02:37:29 +0000
184517,08/12/2020 19:13:20 -0600
184541,08/12/2020 22:37:24 +0000
281601,09/12/2020 00:40:35 +0900
183520,08/12/2020 23:40:23 +0800
183521,08/12/2020 10:40:05 -0500
184541,08/12/2020 13:19:59 +0000
184558,08/12/2020 08:08:57 -0500
184558,07/12/2020 20:54:28 -0500
184541,08/12/2020 01:23:49 +0000
184517,07/12/2020 18:01:47 -0600
184517,07/12/2020 17:51:07 -0600
184517,07/12/2020 16:15:00 -0600
184517,07/12/2020 16:07:55 -0600
184517,07/12/2020 15:30:31 -0600
184517,07/12/2020 15:07:28 -0600
184517,07/12/2020 13:10:53 -0600
184558,07/12/2020 12:10:18 -0500
184564,07/12/2020 10:10:43 -0500
184564,06/12/2020 09:10:15 -0500
184558,04/12/2020 21:00:57 -0500
184564,04/12/2020 16:54:14 -0500
184564,04/12/2020 16:43:13 -0500
184541,04/12/2020 20:11:00 +0000
184541,04/12/2020 17:27:33 +0000
184517,04/12/2020 10:54:09 -0600
183539,04/12/2020 20:29:17 +0530
184541,03/12/2020 21:21:19 +0000
184541,03/12/2020 03:44:56 +0000
183542,02/12/2020 16:25:55 +0100
184541,01/12/2020 16:40:12 +0000
184558,01/12/2020 11:01:16 -0500
184564,01/12/2020 10:33:32 -0500
184558,01/12/2020 10:14:04 -0500
184558,30/11/2020 17:37:27 -0500
184558,30/11/2020 17:25:56 -0500
184564,20/11/2020 14:46:45 -0500
184564,20/11/2020 12:31:29 -0500
184558,20/11/2020 11:47:13 -0500
184541,20/11/2020 02:45:03 +0000
184564,18/11/2020 17:56:42 -0500
184517,18/11/2020 11:23:39 -0600
184517,18/11/2020 10:33:26 -0600
184517,17/11/2020 13:51:57 -0600
184541,17/11/2020 13:28:12 +0000
184558,16/11/2020 23:46:27 -0500
184517,16/11/2020 17:09:53 -0600
184517,16/11/2020 16:01:26 -0600
184517,16/11/2020 09:13:39 -0600
184517,13/11/2020 13:54:33 -0600
184564,13/11/2020 14:29:06 -0500
184517,13/11/2020 13:09:02 -0600
184517,13/11/2020 13:01:25 -0600
184517,13/11/2020 13:00:45 -0600
184517,13/11/2020 12:45:46 -0600
184517,13/11/2020 10:09:48 -0600
183652,13/11/2020 06:18:24 -0800
184558,13/11/2020 08:57:45 -0500
184517,12/11/2020 12:21:56 -0600
184558,12/11/2020 11:11:05 -0500
184564,12/11/2020 09:47:04 -0500
184564,12/11/2020 09:31:27 -0500
184564,12/11/2020 09:07:10 -0500
184266,12/11/2020 00:36:00 +0000
183575,11/11/2020 19:30:19 -0500
184517,11/11/2020 09:06:37 -0600
183577,11/11/2020 15:36:51 +0100
184558,10/11/2020 22:59:46 -0500
184558,10/11/2020 22:58:58 -0500
184558,10/11/2020 22:56:50 -0500
184558,10/11/2020 22:54:42 -0500
184558,10/11/2020 19:35:27 -0500
184558,10/11/2020 15:48:51 -0500
184517,10/11/2020 13:20:04 -0600
184340,10/11/2020 12:11:46 -0500
184564,10/11/2020 09:40:30 -0500
183587,10/11/2020 05:47:39 -0800
184340,09/11/2020 11:22:59 -0500
184564,09/11/2020 10:14:24 -0500
281601,09/11/2020 23:17:40 +0900
413187,09/11/2020 03:59:53 +0800
184340,03/11/2020 15:02:06 -0500
184487,03/11/2020 15:57:56 +0100
184541,03/11/2020 03:00:23 +0000
184558,02/11/2020 21:49:48 -0500
184340,02/11/2020 12:46:58 -0500
184558,31/10/2020 02:03:45 -0400
184558,30/10/2020 20:19:46 -0400
184558,30/10/2020 16:02:03 -0400
184558,29/10/2020 21:58:32 -0400
184558,29/10/2020 20:57:31 -0400
184564,29/10/2020 13:23:57 -0400
184564,28/10/2020 22:08:47 -0400
184517,27/10/2020 14:51:34 -0500
184517,27/10/2020 14:02:19 -0500
183606,27/10/2020 17:16:16 +0200
183607,22/10/2020 22:26:24 +0700
183608,22/10/2020 18:22:14 +0530
184266,22/10/2020 13:24:46 +0100
184392,21/10/2020 15:37:34 +0300
184541,21/10/2020 13:17:44 +0100
184541,21/10/2020 01:15:28 +0100
184541,20/10/2020 21:51:41 +0100
184541,20/10/2020 21:41:18 +0100
184541,20/10/2020 21:22:00 +0100
184564,20/10/2020 14:35:57 -0400
184564,19/10/2020 16:05:00 -0400
184564,19/10/2020 15:21:41 -0400
184564,19/10/2020 11:20:54 -0400
184564,19/10/2020 09:36:00 -0400
183621,17/10/2020 18:47:52 +0200
184517,16/10/2020 15:30:35 -0500
184517,16/10/2020 11:49:07 -0500
184517,16/10/2020 11:06:55 -0500
184541,16/10/2020 16:49:41 +0100
184311,16/10/2020 17:07:27 +0200
183627,16/10/2020 08:06:08 -0700
184517,16/10/2020 08:21:58 -0500
183647,15/10/2020 19:45:23 +0100
184415,15/10/2020 14:48:28 +0200
184564,15/10/2020 08:40:12 -0400
184545,14/10/2020 23:38:57 +0100
184541,14/10/2020 20:52:37 +0100
184508,14/10/2020 21:45:54 +0200
183656,14/10/2020 23:29:05 +0530
184541,14/10/2020 18:28:03 +0100
184564,14/10/2020 13:19:47 -0400
184340,14/10/2020 08:54:34 -0400
183647,13/10/2020 18:38:58 +0100
184564,13/10/2020 13:08:12 -0400
184241,12/10/2020 22:07:10 +0500
183647,09/10/2020 14:29:30 +0100
183656,09/10/2020 07:26:30 +0530
184558,08/10/2020 20:02:23 -0400
184541,08/10/2020 19:32:28 +0100
184558,08/10/2020 14:11:15 -0400
183647,08/10/2020 13:46:15 +0100
183648,06/10/2020 07:45:32 +0530
184564,05/10/2020 15:49:52 -0400
184564,05/10/2020 15:49:44 -0400
184564,05/10/2020 09:44:08 -0400
183652,02/10/2020 14:10:46 -0700
184564,01/10/2020 12:02:26 -0400
183654,01/10/2020 18:26:49 +0300
183655,01/10/2020 23:25:38 +0800
183656,01/10/2020 19:46:50 +0530
184564,30/09/2020 15:58:20 -0400
184517,30/09/2020 14:57:33 -0500
184564,30/09/2020 15:56:19 -0400
184564,29/09/2020 15:58:20 -0400
184517,28/09/2020 12:19:14 -0500
183662,28/09/2020 16:25:18 +0300
184541,25/09/2020 13:33:28 +0100
184541,25/09/2020 11:33:07 +0100
184541,25/09/2020 11:31:00 +0100
184509,24/09/2020 13:42:17 -0700
183742,23/09/2020 22:56:13 +0200
184564,23/09/2020 15:33:25 -0400
184564,22/09/2020 14:47:13 -0400
183670,22/09/2020 21:23:20 +0300
184517,22/09/2020 13:20:26 -0500
184517,22/09/2020 13:16:27 -0500
184266,22/09/2020 14:27:50 +0100
183899,22/09/2020 20:34:06 +0800
184564,21/09/2020 16:39:53 -0400
183899,21/09/2020 23:49:07 +0800
184564,21/09/2020 11:07:45 -0400
184541,21/09/2020 16:04:49 +0100
183791,21/09/2020 09:35:21 -0300
184517,18/09/2020 15:02:26 -0500
184564,18/09/2020 11:07:18 -0400
183682,18/09/2020 08:07:22 -0600
184564,17/09/2020 14:57:44 -0400
184541,17/09/2020 15:37:12 +0100
183685,16/09/2020 17:37:16 +0530
184564,15/09/2020 17:12:48 -0400
184517,14/09/2020 12:11:47 -0500
183742,14/09/2020 16:04:46 +0200
183742,14/09/2020 15:55:19 +0200
184541,14/09/2020 13:54:08 +0100
183691,12/09/2020 13:05:52 -0400
184266,11/09/2020 13:18:44 +0100
184541,11/09/2020 13:17:55 +0100
184311,11/09/2020 14:13:43 +0200
184517,10/09/2020 16:00:41 -0500
184266,10/09/2020 19:54:42 +0100
184541,10/09/2020 19:54:10 +0100
184311,10/09/2020 20:08:47 +0200
183699,10/09/2020 12:30:18 +0200
184541,10/09/2020 11:00:02 +0100
183791,09/09/2020 19:26:44 -0300
184517,08/09/2020 23:55:23 -0500
184517,08/09/2020 10:11:45 -0500
183704,07/09/2020 19:41:22 -0400
184517,04/09/2020 17:46:44 -0500
184517,04/09/2020 16:48:30 -0500
184517,04/09/2020 16:34:07 -0500
184517,04/09/2020 12:42:09 -0500
184340,04/09/2020 10:58:17 -0400
183899,04/09/2020 22:57:32 +0800
183899,04/09/2020 00:08:40 +0800
184541,03/09/2020 17:06:20 +0100
183899,03/09/2020 22:27:35 +0800
183899,03/09/2020 21:17:57 +0800
183715,03/09/2020 18:27:12 +0530
184564,02/09/2020 13:01:52 -0400
410658,02/09/2020 09:19:10 +0900
184564,01/09/2020 20:03:44 -0400
183719,01/09/2020 18:25:10 +0530
183720,01/09/2020 05:50:54 -0700
184517,31/08/2020 11:16:49 -0500
413358,29/08/2020 22:03:23 +0200
184517,28/08/2020 18:44:39 -0500
184517,28/08/2020 16:21:01 -0500
183759,28/08/2020 13:46:59 -0700
184517,28/08/2020 13:49:01 -0500
184517,28/08/2020 12:52:56 -0500
184541,28/08/2020 12:23:28 +0100
184541,27/08/2020 20:19:13 +0100
184517,27/08/2020 11:47:58 -0500
184517,26/08/2020 16:35:13 -0500
183732,26/08/2020 12:04:43 -0500
184340,26/08/2020 11:34:17 -0400
183773,25/08/2020 20:49:57 +0800
184517,24/08/2020 12:07:11 -0500
184541,24/08/2020 16:50:20 +0100
184545,24/08/2020 16:10:23 +0100
184033,24/08/2020 22:30:17 +0900
184517,21/08/2020 20:42:32 -0500
184564,21/08/2020 14:06:01 -0400
184541,21/08/2020 16:55:41 +0100
183742,21/08/2020 15:31:16 +0200
184558,20/08/2020 17:39:29 -0400
183744,21/08/2020 02:23:23 +0530
184564,20/08/2020 14:43:40 -0400
183899,21/08/2020 02:06:28 +0800
183899,20/08/2020 23:47:16 +0800
184541,20/08/2020 01:47:32 +0100
184541,19/08/2020 20:54:54 +0100
184541,19/08/2020 18:42:33 +0100
184311,19/08/2020 15:16:48 +0200
183752,19/08/2020 06:11:27 -0700
184033,19/08/2020 22:10:41 +0900
183754,19/08/2020 08:50:46 -0400
184564,18/08/2020 12:02:04 -0400
183756,18/08/2020 22:17:00 +0800
184509,17/08/2020 17:32:50 -0700
184564,17/08/2020 15:01:06 -0400
183759,17/08/2020 10:47:49 -0700
413187,17/08/2020 22:47:49 +0800
184266,17/08/2020 13:31:20 +0100
184541,17/08/2020 13:30:16 +0100
183763,17/08/2020 20:25:50 +0800
184033,15/08/2020 22:42:49 +0900
184564,14/08/2020 16:46:46 -0400
184564,14/08/2020 15:21:13 -0400
183769,14/08/2020 08:05:53 -0400
184517,13/08/2020 18:02:32 -0400
183770,13/08/2020 12:54:33 -0700
184517,13/08/2020 11:49:24 -0500
184558,13/08/2020 12:17:33 -0400
184564,13/08/2020 11:16:35 -0400
183773,13/08/2020 22:11:01 +0800
184517,12/08/2020 22:06:43 -0500
183775,12/08/2020 18:15:53 +0200
184517,12/08/2020 08:39:47 -0500
184340,11/08/2020 14:05:15 -0400
184541,10/08/2020 20:45:12 +0100
183779,10/08/2020 14:51:25 +0000
184564,10/08/2020 10:49:10 -0400
184541,10/08/2020 15:08:22 +0100
184266,10/08/2020 12:58:42 +0100
184311,10/08/2020 13:54:10 +0200
184311,10/08/2020 12:59:37 +0200
184517,07/08/2020 16:32:59 -0400
184266,07/08/2020 19:24:49 +0100
184266,07/08/2020 19:23:43 +0100
184541,07/08/2020 02:08:41 +0100
184564,06/08/2020 16:12:32 -0400
184340,06/08/2020 12:47:32 -0400
183791,06/08/2020 12:55:01 -0300
281833,06/08/2020 17:37:32 +0200
183793,06/08/2020 12:37:06 -0300
184545,06/08/2020 13:21:05 +0100
184564,05/08/2020 18:22:18 -0400
183796,05/08/2020 19:29:06 +0300
184541,05/08/2020 16:07:58 +0100
184545,05/08/2020 15:13:29 +0100
183799,04/08/2020 19:22:50 +0200
184340,03/08/2020 17:40:58 -0400
184340,03/08/2020 14:45:50 -0400
184517,03/08/2020 10:57:41 -0500
184517,01/08/2020 08:15:46 -0500
184541,31/07/2020 20:47:28 +0100
184541,31/07/2020 19:57:32 +0100
184541,31/07/2020 19:18:37 +0100
184541,31/07/2020 16:10:01 +0100
184541,31/07/2020 15:09:24 +0100
184541,31/07/2020 15:01:27 +0100
184541,31/07/2020 14:57:57 +0100
184517,30/07/2020 23:43:03 -0500
184541,30/07/2020 21:52:37 +0100
184517,30/07/2020 08:17:22 -0500
184517,30/07/2020 08:13:04 -0500
184541,29/07/2020 21:54:48 +0100
184564,29/07/2020 16:54:22 -0400
184340,29/07/2020 16:31:05 -0400
184541,29/07/2020 21:13:56 +0100
184340,29/07/2020 15:27:59 -0400
184541,29/07/2020 15:34:57 +0100
184564,28/07/2020 12:38:13 -0400
184340,28/07/2020 11:11:31 -0400
184517,27/07/2020 16:42:44 -0500
184311,27/07/2020 22:07:08 +0200
184517,27/07/2020 12:39:07 -0500
184517,27/07/2020 11:56:25 -0500
184545,27/07/2020 17:47:14 +0100
184541,27/07/2020 17:33:54 +0100
184545,27/07/2020 16:58:38 +0100
184545,27/07/2020 15:36:43 +0100
184545,27/07/2020 15:03:11 +0100
184340,26/07/2020 22:47:32 -0400
183833,25/07/2020 23:43:49 -0400
184545,25/07/2020 12:32:21 +0100
184545,24/07/2020 20:36:46 +0100
183836,24/07/2020 21:34:16 +0300
184558,24/07/2020 12:31:30 -0400
184340,22/07/2020 22:56:05 -0400
184541,23/07/2020 01:02:59 +0100
184545,22/07/2020 23:05:50 +0100
184541,22/07/2020 22:12:15 +0100
184545,22/07/2020 21:41:40 +0100
184545,21/07/2020 22:40:50 +0100
184541,21/07/2020 22:26:09 +0100
184340,20/07/2020 17:15:06 -0400
184558,20/07/2020 13:37:04 -0400
183847,20/07/2020 22:26:41 +0500
184517,17/07/2020 12:47:39 -0500
184340,17/07/2020 12:58:44 -0400
184545,17/07/2020 16:26:40 +0100
184564,17/07/2020 11:24:26 -0400
184541,17/07/2020 14:19:39 +0100
184545,16/07/2020 18:12:03 +0100
184545,16/07/2020 16:21:21 +0100
184340,16/07/2020 10:17:31 -0400
184545,16/07/2020 14:56:31 +0100
184564,16/07/2020 09:10:00 -0400
184564,15/07/2020 12:37:08 -0400
184564,15/07/2020 12:25:27 -0400
184266,15/07/2020 16:26:18 +0100
184564,15/07/2020 10:38:30 -0400
184545,15/07/2020 14:17:48 +0100
184545,15/07/2020 12:36:40 +0100
184545,15/07/2020 12:35:46 +0100
184545,15/07/2020 12:27:22 +0100
184545,14/07/2020 13:09:39 +0100
184564,13/07/2020 22:20:53 -0400
183868,13/07/2020 23:49:52 +0300
184564,13/07/2020 16:21:56 -0400
184517,13/07/2020 12:37:33 -0500
184266,13/07/2020 17:58:49 +0100
183872,13/07/2020 18:57:00 +0200
184541,13/07/2020 17:17:28 +0100
184311,13/07/2020 17:15:37 +0200
184545,10/07/2020 22:33:42 +0100
184266,10/07/2020 19:08:05 +0100
184541,10/07/2020 19:02:08 +0100
184564,10/07/2020 13:06:50 -0400
184545,10/07/2020 17:23:00 +0100
184241,10/07/2020 20:21:19 +0500
184517,10/07/2020 08:58:05 -0500
184266,10/07/2020 14:56:28 +0100
184541,10/07/2020 14:11:32 +0100
184266,10/07/2020 13:20:53 +0100
184517,09/07/2020 18:53:54 -0500
184564,09/07/2020 10:49:44 -0400
184564,09/07/2020 10:49:33 -0400
183888,09/07/2020 16:13:26 +0200
183889,09/07/2020 18:43:15 +0530
184517,08/07/2020 23:09:22 -0500
184545,08/07/2020 23:41:39 +0100
184541,08/07/2020 21:26:54 +0100
184541,08/07/2020 20:48:43 +0100
183894,08/07/2020 22:55:24 +0430
184541,08/07/2020 18:30:18 +0100
183896,08/07/2020 18:28:49 +0200
184545,08/07/2020 17:10:06 +0100
183898,08/07/2020 21:37:27 +0530
183899,08/07/2020 22:36:02 +0800
183900,07/07/2020 19:10:23 -0700
184266,07/07/2020 22:39:40 +0100
184541,07/07/2020 21:34:16 +0100
184340,07/07/2020 12:58:10 -0400
184541,07/07/2020 17:38:44 +0100
184545,07/07/2020 14:44:56 +0100
184545,07/07/2020 13:05:06 +0100
184545,07/07/2020 02:28:55 +0100
184340,06/07/2020 18:53:42 -0400
184545,06/07/2020 22:36:19 +0100
184545,06/07/2020 22:05:51 +0100
183911,06/07/2020 14:52:14 -0500
184564,06/07/2020 15:19:50 -0400
184545,06/07/2020 17:42:01 +0100
183914,06/07/2020 07:09:41 -0700
184545,02/07/2020 16:37:10 +0100
183916,02/07/2020 22:54:36 +0800
184541,02/07/2020 00:26:29 +0100
184541,02/07/2020 00:03:17 +0100
184541,01/07/2020 22:54:28 +0100
184541,01/07/2020 22:11:05 +0100
184545,01/07/2020 21:49:03 +0100
184541,01/07/2020 21:04:14 +0100
184541,01/07/2020 17:43:34 +0100
184541,01/07/2020 16:37:13 +0100
184545,01/07/2020 16:28:49 +0100
184541,01/07/2020 16:20:49 +0100
184541,01/07/2020 16:01:46 +0100
184545,01/07/2020 15:43:16 +0100
184541,01/07/2020 15:33:29 +0100
184541,30/06/2020 22:06:46 +0100
183931,01/07/2020 00:20:55 +0530
184541,30/06/2020 13:38:31 +0100
183933,30/06/2020 17:13:52 +0530
184193,30/06/2020 19:42:59 +0800
184266,30/06/2020 12:16:49 +0100
183936,30/06/2020 07:14:00 -0400
184463,30/06/2020 04:09:05 -0700
184564,29/06/2020 15:36:45 -0400
184545,26/06/2020 20:35:21 +0100
184340,25/06/2020 20:39:50 -0400
184356,25/06/2020 17:17:42 +0100
183942,25/06/2020 19:10:47 +0300
183943,24/06/2020 04:28:24 +0800
184564,23/06/2020 12:16:23 -0400
184564,23/06/2020 11:48:35 -0400
184564,23/06/2020 11:48:04 -0400
413187,23/06/2020 22:34:53 +0800
184517,19/06/2020 11:06:42 -0700
184312,18/06/2020 18:18:56 -0700
183950,18/06/2020 01:29:02 +0900
184564,16/06/2020 15:16:15 -0400
183952,16/06/2020 08:56:56 +0800
184340,15/06/2020 19:59:44 -0400
184340,12/06/2020 21:02:51 -0400
184517,12/06/2020 12:57:20 -0700
184517,11/06/2020 20:05:15 -0700
184558,11/06/2020 19:13:13 -0700
184545,11/06/2020 19:49:45 +0100
184517,01/06/2020 09:01:21 -0700
184558,29/05/2020 15:32:38 -0700
184564,29/05/2020 14:34:43 -0700
184558,29/05/2020 13:26:38 -0700
184558,29/05/2020 11:25:48 -0700
184558,29/05/2020 09:17:14 -0700
184558,28/05/2020 20:32:34 -0700
184558,28/05/2020 20:13:56 -0700
184558,28/05/2020 16:12:37 -0700
184558,28/05/2020 15:56:34 -0700
184558,28/05/2020 15:04:25 -0700
184558,28/05/2020 14:16:35 -0700
184558,28/05/2020 10:25:39 -0700
184564,28/05/2020 08:32:37 -0700
184558,27/05/2020 20:41:13 -0700
184558,27/05/2020 19:43:08 -0700
184558,27/05/2020 17:07:25 -0700
184558,27/05/2020 16:14:46 -0700
184558,27/05/2020 14:13:54 -0700
184541,27/05/2020 17:37:27 +0100
184558,27/05/2020 08:43:50 -0700
184079,27/05/2020 10:27:43 -0400
184517,26/05/2020 18:53:50 -0700
184517,26/05/2020 18:52:58 -0700
184266,27/05/2020 01:23:00 +0100
184033,27/05/2020 09:19:32 +0900
183985,27/05/2020 02:08:41 +0200
183986,27/05/2020 01:07:10 +0100
184564,26/05/2020 13:41:27 -0700
184266,26/05/2020 16:11:08 +0100
184541,26/05/2020 16:08:50 +0100
184517,25/05/2020 18:16:53 -0700
184266,23/05/2020 14:26:26 +0100
183992,23/05/2020 23:25:24 +1000
184564,21/05/2020 16:14:29 -0700
184564,21/05/2020 16:00:46 -0700
184564,21/05/2020 14:40:49 -0700
184517,21/05/2020 11:56:00 -0700
184564,21/05/2020 11:21:22 -0700
184545,21/05/2020 18:53:56 +0100
184564,21/05/2020 10:04:37 -0700
184517,21/05/2020 10:03:59 -0700
184545,21/05/2020 13:54:05 +0100
184564,20/05/2020 18:36:57 -0700
184517,20/05/2020 15:29:34 -0700
184558,20/05/2020 15:12:38 -0700
184517,19/05/2020 23:10:49 -0700
184517,19/05/2020 15:58:02 -0700
184564,19/05/2020 09:42:00 -0700
184033,20/05/2020 00:44:01 +0900
184564,18/05/2020 14:16:04 -0700
184241,18/05/2020 23:13:16 +0500
184241,18/05/2020 22:27:40 +0500
184311,16/05/2020 00:56:50 +0200
184013,16/05/2020 00:36:48 +0200
184564,15/05/2020 10:50:39 -0700
184241,15/05/2020 22:38:01 +0500
184241,15/05/2020 22:37:34 +0500
184017,15/05/2020 13:05:08 -0400
184463,14/05/2020 14:30:44 -0700
184517,14/05/2020 11:28:11 -0700
184517,13/05/2020 20:01:10 -0700
184564,13/05/2020 17:03:50 -0700
184517,13/05/2020 14:28:17 -0700
184517,13/05/2020 11:33:32 -0700
184266,13/05/2020 16:46:15 +0100
184541,13/05/2020 16:45:50 +0100
184026,13/05/2020 17:44:05 +0200
184545,13/05/2020 13:59:32 +0100
184241,13/05/2020 03:47:23 +0500
184545,12/05/2020 20:24:25 +0100
184541,12/05/2020 20:06:14 +0100
184541,12/05/2020 19:18:26 +0100
184545,12/05/2020 19:01:12 +0100
184033,13/05/2020 02:41:37 +0900
184266,12/05/2020 17:21:53 +0100
184035,12/05/2020 12:21:45 -0400
184541,12/05/2020 17:02:37 +0100
184037,12/05/2020 18:01:28 +0200
184517,11/05/2020 20:02:08 -0700
184545,11/05/2020 23:29:24 +0100
184545,11/05/2020 22:09:52 +0100
184041,11/05/2020 22:17:13 +0200
184042,10/05/2020 06:22:11 +0530
184558,08/05/2020 21:26:51 -0700
184558,08/05/2020 18:14:54 -0700
184517,08/05/2020 12:47:51 -0700
184241,08/05/2020 23:19:57 +0500
184312,07/05/2020 20:46:27 -0700
184564,07/05/2020 17:07:20 -0700
184564,07/05/2020 13:13:47 -0700
184558,06/05/2020 23:51:46 -0700
184558,06/05/2020 20:30:59 -0700
184517,06/05/2020 19:19:14 -0700
184545,07/05/2020 00:13:13 +0100
184564,06/05/2020 11:14:30 -0700
184517,06/05/2020 10:28:49 -0700
184558,06/05/2020 09:45:35 -0700
184541,06/05/2020 15:53:51 +0100
184541,06/05/2020 05:17:44 +0100
184545,05/05/2020 22:10:07 +0100
184060,05/05/2020 12:47:49 -0700
184564,05/05/2020 10:37:46 -0700
184266,05/05/2020 18:14:06 +0100
184063,05/05/2020 05:53:42 -0700
184545,05/05/2020 13:10:05 +0100
184541,05/05/2020 11:53:02 +0100
184517,04/05/2020 22:25:41 -0700
184558,04/05/2020 21:39:57 -0700
184545,04/05/2020 16:55:45 +0100
184541,04/05/2020 15:48:35 +0100
184541,04/05/2020 01:59:55 +0100
184541,04/05/2020 01:43:51 +0100
184558,03/05/2020 11:33:48 -0700
184517,02/05/2020 17:09:31 -0700
184074,02/05/2020 00:41:39 +0100
184075,01/05/2020 20:13:59 +0200
184545,01/05/2020 19:01:43 +0100
184266,01/05/2020 17:13:56 +0100
184541,01/05/2020 17:12:32 +0100
184079,01/05/2020 11:57:25 -0400
184541,01/05/2020 16:44:25 +0100
184558,01/05/2020 08:43:15 -0700
184266,01/05/2020 16:18:13 +0100
184266,01/05/2020 16:11:40 +0100
184541,01/05/2020 16:07:36 +0100
184463,01/05/2020 08:01:11 -0700
184517,30/04/2020 19:37:27 -0700
184564,30/04/2020 15:56:21 -0700
184541,30/04/2020 15:43:21 +0100
184541,30/04/2020 02:23:18 +0100
184541,30/04/2020 01:24:04 +0100
184091,29/04/2020 16:22:10 -0700
184541,29/04/2020 19:14:15 +0100
184541,29/04/2020 02:23:09 +0100
184545,28/04/2020 21:53:51 +0100
184564,28/04/2020 13:07:42 -0700
184241,28/04/2020 19:57:45 +0500
184558,27/04/2020 20:07:39 -0700
184517,25/04/2020 20:27:35 -0700
184517,25/04/2020 00:09:19 -0700
184517,24/04/2020 23:26:04 -0700
184104,23/04/2020 18:50:52 -0700
184517,23/04/2020 16:38:15 -0700
184517,23/04/2020 13:48:09 -0700
184545,23/04/2020 20:57:52 +0100
184312,23/04/2020 12:53:46 -0700
184545,23/04/2020 20:19:28 +0100
184558,23/04/2020 09:44:37 -0700
184558,23/04/2020 09:16:58 -0700
184564,23/04/2020 09:02:42 -0700
184558,22/04/2020 19:02:11 -0700
184558,21/04/2020 20:14:40 -0700
184558,21/04/2020 19:44:42 -0700
184241,22/04/2020 00:10:25 +0500
184564,21/04/2020 11:46:29 -0700
184564,21/04/2020 11:46:11 -0700
184558,21/04/2020 09:22:46 -0700
184545,21/04/2020 16:40:44 +0100
184545,21/04/2020 11:08:30 +0100
184545,21/04/2020 10:43:50 +0100
184558,20/04/2020 18:20:03 -0700
184121,20/04/2020 15:13:17 -0700
184545,20/04/2020 19:54:12 +0100
184545,20/04/2020 19:32:22 +0100
184311,20/04/2020 19:48:07 +0200
184311,20/04/2020 19:46:55 +0200
184545,20/04/2020 16:00:33 +0100
184539,18/04/2020 15:40:13 -0700
184564,18/04/2020 12:18:19 -0700
184517,18/04/2020 10:24:46 -0700
184517,17/04/2020 16:32:55 -0700
184545,17/04/2020 23:58:40 +0100
184517,17/04/2020 11:48:05 -0700
184545,17/04/2020 16:27:19 +0100
184545,17/04/2020 11:52:29 +0100
184564,16/04/2020 17:39:16 -0700
416830,16/04/2020 16:06:13 -0700
416830,16/04/2020 16:06:06 -0700
184545,16/04/2020 20:10:23 +0100
184541,16/04/2020 19:42:30 +0100
184545,16/04/2020 19:35:41 +0100
184545,16/04/2020 18:46:24 +0100
184545,16/04/2020 16:09:05 +0100
184517,16/04/2020 08:08:22 -0700
184144,16/04/2020 13:36:09 +0200
184145,16/04/2020 10:23:48 +0100
184564,15/04/2020 22:27:24 -0700
184517,15/04/2020 21:44:38 -0700
184564,15/04/2020 19:10:15 -0700
184517,15/04/2020 16:03:02 -0700
184517,15/04/2020 07:47:37 -0700
184517,14/04/2020 23:31:50 -0700
184545,14/04/2020 22:06:46 +0100
184545,14/04/2020 21:30:54 +0100
184517,14/04/2020 07:43:00 -0700
184155,14/04/2020 21:53:47 +0800
184517,13/04/2020 20:02:18 -0700
184517,13/04/2020 15:53:13 -0700
184517,13/04/2020 14:45:52 -0700
184159,13/04/2020 21:00:13 +0100
184517,13/04/2020 12:57:31 -0700
184517,13/04/2020 10:28:59 -0700
184517,13/04/2020 10:14:34 -0700
184558,10/04/2020 19:39:02 -0700
184558,10/04/2020 13:32:12 -0700
184564,10/04/2020 12:28:40 -0700
184517,09/04/2020 18:11:34 -0700
184558,09/04/2020 17:40:11 -0700
184558,09/04/2020 17:12:04 -0700
184517,09/04/2020 12:51:02 -0700
184541,09/04/2020 20:45:02 +0100
184558,09/04/2020 11:42:22 -0700
184517,09/04/2020 11:37:13 -0700
184558,09/04/2020 11:13:01 -0700
184545,09/04/2020 18:31:34 +0100
184545,09/04/2020 15:35:07 +0100
184545,09/04/2020 15:31:36 +0100
184545,09/04/2020 14:18:33 +0100
184541,09/04/2020 13:36:11 +0100
184517,08/04/2020 23:48:24 -0700
184517,08/04/2020 23:13:04 -0700
184517,08/04/2020 23:11:23 -0700
184558,08/04/2020 20:54:54 -0700
184517,08/04/2020 19:44:52 -0700
184558,08/04/2020 17:57:17 -0700
184558,08/04/2020 16:43:51 -0700
184517,08/04/2020 15:25:53 -0700
184541,08/04/2020 11:22:02 +0100
184193,08/04/2020 17:58:57 +0800
184517,07/04/2020 19:17:01 -0700
184517,07/04/2020 18:52:31 -0700
184545,08/04/2020 01:45:23 +0100
184192,07/04/2020 18:19:56 -0400
184193,08/04/2020 04:34:41 +0800
184545,07/04/2020 21:32:38 +0100
184564,07/04/2020 10:30:25 -0700
184564,07/04/2020 10:28:21 -0700
184564,07/04/2020 09:52:36 -0700
184541,07/04/2020 17:30:45 +0100
184564,07/04/2020 09:26:50 -0700
184541,07/04/2020 13:41:51 +0100
184312,06/04/2020 17:17:27 -0700
184558,06/04/2020 15:43:39 -0700
184545,06/04/2020 22:01:20 +0100
416830,06/04/2020 19:29:11 +0100
416830,06/04/2020 19:28:56 +0100
184564,06/04/2020 09:47:15 -0700
184207,06/04/2020 17:17:45 +0200
184463,05/04/2020 14:13:34 -0700
184558,04/04/2020 15:10:46 -0700
282220,04/04/2020 21:26:39 +0800
184241,04/04/2020 18:24:46 +0500
184558,03/04/2020 19:01:40 -0700
184558,03/04/2020 14:58:02 -0700
184558,03/04/2020 14:04:56 -0700
184312,03/04/2020 13:00:50 -0700
184404,03/04/2020 19:49:49 +0200
184564,03/04/2020 10:20:17 -0700
184541,03/04/2020 16:37:36 +0100
184241,03/04/2020 18:39:59 +0500
184558,02/04/2020 17:52:32 -0700
184545,03/04/2020 00:12:47 +0100
184541,02/04/2020 23:48:03 +0100
184564,02/04/2020 15:24:36 -0700
184545,02/04/2020 23:17:10 +0100
184545,02/04/2020 18:26:56 +0100
184545,02/04/2020 18:26:34 +0100
184545,02/04/2020 16:25:35 +0100
184541,02/04/2020 16:19:09 +0100
184541,02/04/2020 11:55:17 +0100
184545,02/04/2020 11:07:20 +0100
184541,01/04/2020 22:44:59 +0100
184517,01/04/2020 14:36:42 -0700
184564,01/04/2020 14:17:55 -0700
184541,01/04/2020 22:08:09 +0100
184235,01/04/2020 13:13:10 -0700
184541,01/04/2020 20:54:42 +0100
184558,01/04/2020 12:35:52 -0700
184558,01/04/2020 12:08:37 -0700
184239,02/04/2020 00:28:07 +0530
184311,01/04/2020 20:42:38 +0200
184241,01/04/2020 23:30:26 +0500
184564,01/04/2020 10:49:24 -0700
184541,01/04/2020 18:31:59 +0100
184558,01/04/2020 10:18:52 -0700
184545,01/04/2020 14:19:21 +0100
184545,01/04/2020 12:45:26 +0100
184558,31/03/2020 21:14:59 -0700
184564,31/03/2020 12:22:02 -0700
184564,31/03/2020 11:00:51 -0700
184564,31/03/2020 10:05:15 -0700
184541,31/03/2020 15:55:30 +0100
184541,31/03/2020 11:43:01 +0100
184517,30/03/2020 19:16:28 -0700
184541,31/03/2020 02:09:32 +0100
184541,31/03/2020 00:29:53 +0100
184340,30/03/2020 15:42:41 -0400
184517,30/03/2020 11:25:04 -0700
184541,30/03/2020 16:07:58 +0100
184311,30/03/2020 00:13:46 +0200
184558,29/03/2020 10:13:17 -0700
184261,29/03/2020 15:18:52 +0100
184262,29/03/2020 22:18:15 +0800
184564,28/03/2020 10:18:14 -0700
184517,27/03/2020 15:17:30 -0700
184517,26/03/2020 11:31:40 -0700
184266,26/03/2020 17:59:25 +0000
184545,26/03/2020 17:13:05 +0000
184564,26/03/2020 10:00:37 -0700
184564,26/03/2020 09:31:36 -0700
184545,26/03/2020 13:29:54 +0000
184558,25/03/2020 20:25:54 -0700
184558,25/03/2020 19:03:31 -0700
184558,25/03/2020 16:49:37 -0700
184558,25/03/2020 11:47:55 -0700
184564,25/03/2020 10:26:40 -0700
184541,25/03/2020 09:20:46 +0000
184541,24/03/2020 18:19:20 +0000
184558,24/03/2020 10:58:23 -0700
184517,24/03/2020 10:51:48 -0700
184545,24/03/2020 16:14:55 +0000
184558,23/03/2020 17:53:45 -0700
184541,23/03/2020 22:56:00 +0000
184558,22/03/2020 21:53:05 -0700
184284,22/03/2020 20:22:59 +0530
184558,21/03/2020 22:28:36 -0700
184558,21/03/2020 16:02:01 -0700
184558,21/03/2020 15:22:40 -0700
184558,21/03/2020 15:22:01 -0700
184545,20/03/2020 18:31:47 +0000
184545,20/03/2020 14:45:33 +0000
184312,19/03/2020 23:47:53 -0700
184517,19/03/2020 17:53:09 -0700
184558,19/03/2020 17:49:40 -0700
184517,19/03/2020 14:45:07 -0700
184545,19/03/2020 20:44:38 +0000
184545,19/03/2020 20:25:52 +0000
184517,19/03/2020 13:16:37 -0700
184517,19/03/2020 12:57:47 -0700
184517,19/03/2020 12:36:34 -0700
184545,19/03/2020 13:22:36 +0000
184541,18/03/2020 20:35:58 +0000
184302,18/03/2020 12:55:13 -0700
184558,18/03/2020 12:18:34 -0700
184345,18/03/2020 20:05:41 +0200
184305,18/03/2020 13:10:32 -0400
184558,18/03/2020 06:13:50 -0700
184312,17/03/2020 17:56:14 -0700
184545,18/03/2020 00:15:50 +0000
184541,18/03/2020 00:07:14 +0000
184311,17/03/2020 22:47:24 +0100
184311,17/03/2020 21:57:01 +0100
184312,17/03/2020 13:22:19 -0700
184541,17/03/2020 19:30:10 +0000
184545,17/03/2020 15:32:26 +0000
184392,17/03/2020 00:35:28 +0000
184545,16/03/2020 21:46:17 +0000
184564,16/03/2020 10:27:42 -0700
184318,16/03/2020 18:05:30 +0100
184564,16/03/2020 09:56:43 -0700
184564,13/03/2020 15:33:50 -0700
184545,13/03/2020 17:57:17 +0000
184545,13/03/2020 14:16:12 +0000
184541,13/03/2020 12:07:22 +0000
184517,12/03/2020 20:57:13 -0700
184325,12/03/2020 17:15:30 -0700
184545,12/03/2020 22:41:33 +0000
184545,12/03/2020 21:48:29 +0000
184517,12/03/2020 11:38:32 -0700
184517,12/03/2020 10:17:02 -0700
184545,12/03/2020 09:12:06 +0000
184564,11/03/2020 19:12:57 -0700
184517,11/03/2020 18:29:46 -0700
184545,11/03/2020 19:38:23 +0000
184564,11/03/2020 12:34:39 -0700
184545,11/03/2020 18:55:01 +0000
184517,11/03/2020 11:53:45 -0700
184558,11/03/2020 10:58:25 -0700
184558,11/03/2020 10:05:26 -0700
184558,11/03/2020 09:48:02 -0700
184340,11/03/2020 16:12:41 +0000
184558,10/03/2020 14:55:04 -0700
184545,10/03/2020 20:31:12 +0000
184545,10/03/2020 17:59:03 +0000
184564,10/03/2020 10:40:45 -0700
184345,10/03/2020 17:37:02 +0200
184545,10/03/2020 12:18:49 +0000
184545,10/03/2020 10:46:12 +0000
184558,07/03/2020 11:23:30 -0800
184558,06/03/2020 16:20:42 -0800
184558,06/03/2020 15:14:46 -0800
184517,06/03/2020 11:10:01 -0800
184517,06/03/2020 11:09:36 -0800
184564,06/03/2020 11:05:01 -0800
184541,06/03/2020 18:46:32 +0000
184517,06/03/2020 09:29:05 -0800
184356,05/03/2020 22:27:55 +0000
184564,05/03/2020 11:02:00 -0800
184564,05/03/2020 10:13:52 -0800
184545,05/03/2020 15:58:04 +0000
184545,05/03/2020 14:05:00 +0000
184480,05/03/2020 13:15:46 +0000
184545,05/03/2020 09:00:13 +0000
184558,04/03/2020 20:52:48 -0800
184545,05/03/2020 00:04:27 +0000
184545,04/03/2020 23:41:59 +0000
184564,04/03/2020 14:54:16 -0800
184545,04/03/2020 19:53:16 +0000
184368,04/03/2020 17:40:48 +0530
184564,03/03/2020 15:04:07 -0800
184517,03/03/2020 13:42:18 -0800
184564,03/03/2020 12:46:24 -0800
184545,03/03/2020 14:37:06 +0000
184509,02/03/2020 18:08:40 -0800
184545,02/03/2020 14:15:42 +0000
184545,02/03/2020 13:42:46 +0000
184545,02/03/2020 10:59:07 +0000
184558,28/02/2020 16:46:17 -0800
184392,29/02/2020 00:35:52 +0000
184543,28/02/2020 13:45:42 -0800
184558,28/02/2020 13:09:02 -0800
184558,28/02/2020 11:14:09 -0800
184382,28/02/2020 12:55:33 -0500
184541,28/02/2020 11:56:36 +0000
184463,28/02/2020 03:53:20 -0800
184508,28/02/2020 03:01:17 +0100
184386,27/02/2020 17:23:25 -0800
184541,28/02/2020 01:21:54 +0000
184558,27/02/2020 17:18:55 -0800
184558,27/02/2020 14:11:40 -0800
184558,27/02/2020 11:33:44 -0800
184541,27/02/2020 18:17:58 +0000
184392,27/02/2020 18:10:25 +0000
184541,27/02/2020 16:21:36 +0000
184541,27/02/2020 15:33:10 +0000
184541,27/02/2020 12:58:15 +0000
184541,27/02/2020 02:14:30 +0000
184558,26/02/2020 18:04:32 -0800
184564,26/02/2020 13:06:02 -0800
184541,26/02/2020 21:04:36 +0000
184529,26/02/2020 21:02:20 +0000
184480,26/02/2020 20:33:29 +0000
184480,26/02/2020 20:15:01 +0000
184564,26/02/2020 11:33:52 -0800
184404,26/02/2020 20:30:42 +0100
184564,26/02/2020 09:28:35 -0800
184480,26/02/2020 13:12:55 +0000
184558,26/02/2020 02:48:34 -0800
184408,26/02/2020 16:01:08 +1100
184558,25/02/2020 13:54:27 -0800
184545,25/02/2020 14:45:31 +0000
184545,25/02/2020 14:14:19 +0000
184432,25/02/2020 12:38:23 +0100
184443,24/02/2020 18:17:01 -0800
184558,24/02/2020 08:57:49 -0800
184415,24/02/2020 15:49:13 +0100
184558,21/02/2020 23:20:17 -0800
184558,21/02/2020 19:45:20 -0800
184564,21/02/2020 13:11:53 -0800
184558,21/02/2020 10:12:34 -0800
184558,20/02/2020 23:56:40 -0800
184541,21/02/2020 02:26:19 +0000
184517,20/02/2020 16:21:31 -0800
184423,20/02/2020 23:09:30 +0100
184480,20/02/2020 11:30:04 +0000
184545,20/02/2020 00:46:03 +0000
184517,19/02/2020 12:43:14 -0800
184543,19/02/2020 11:33:40 -0800
184564,19/02/2020 10:58:45 -0800
184545,19/02/2020 18:32:18 +0000
184545,19/02/2020 18:00:57 +0000
184541,19/02/2020 17:59:42 +0000
184432,19/02/2020 18:44:31 +0100
184545,19/02/2020 17:25:41 +0000
184480,19/02/2020 17:14:53 +0000
184545,19/02/2020 14:36:39 +0000
184517,18/02/2020 15:55:38 -0800
184564,18/02/2020 14:49:57 -0800
184564,18/02/2020 14:19:43 -0800
184517,18/02/2020 13:43:16 -0800
184545,18/02/2020 18:50:38 +0000
184441,19/02/2020 03:30:00 +0900
184564,18/02/2020 09:40:59 -0800
184443,18/02/2020 09:40:30 -0800
184545,18/02/2020 13:31:59 +0000
184541,17/02/2020 20:36:16 +0000
184541,17/02/2020 20:26:56 +0000
184447,17/02/2020 13:24:27 -0700
184545,14/02/2020 08:10:42 +0000
184543,13/02/2020 15:09:25 -0800
184509,13/02/2020 12:36:19 -0800
184541,13/02/2020 20:33:53 +0000
184480,12/02/2020 17:17:49 +0000
184541,12/02/2020 01:01:29 +0000
184545,11/02/2020 23:57:37 +0000
184564,11/02/2020 09:52:54 -0800
184545,11/02/2020 13:42:19 +0000
184545,11/02/2020 11:56:26 +0000
184545,10/02/2020 23:38:24 +0000
184541,10/02/2020 19:52:27 +0000
184541,10/02/2020 16:15:10 +0000
184461,10/02/2020 12:37:49 +0000
184462,10/02/2020 21:34:10 +0900
184463,10/02/2020 03:42:11 -0800
184564,07/02/2020 14:36:51 -0800
184541,07/02/2020 16:24:25 +0000
184545,07/02/2020 12:21:50 +0000
184467,07/02/2020 01:18:02 +0530
184541,06/02/2020 18:31:13 +0000
184545,06/02/2020 13:19:35 +0000
184545,06/02/2020 12:46:32 +0000
184564,05/02/2020 08:52:31 -0800
184480,04/02/2020 22:03:13 +0000
184564,04/02/2020 11:37:38 -0800
184564,04/02/2020 11:36:49 -0800
184517,04/02/2020 11:35:21 -0800
184476,04/02/2020 22:05:01 +0300
184541,04/02/2020 18:05:15 +0000
184478,04/02/2020 08:56:55 -0600
184479,04/02/2020 08:53:35 -0600
184480,03/02/2020 23:31:31 +0000
184558,03/02/2020 12:47:14 -0800
184564,03/02/2020 12:30:01 -0800
184483,03/02/2020 21:19:04 +0200
184545,03/02/2020 11:31:51 +0000
184485,03/02/2020 04:04:48 +0800
184564,31/01/2020 15:17:57 -0800
184487,31/01/2020 23:51:43 +0100
184488,01/02/2020 09:36:00 +1100
184539,30/01/2020 17:34:03 -0800
184564,30/01/2020 13:03:44 -0800
184517,30/01/2020 11:14:57 -0800
184564,30/01/2020 09:36:43 -0800
184558,30/01/2020 09:32:41 -0800
184545,30/01/2020 17:17:42 +0000
184545,30/01/2020 11:56:04 +0000
184517,29/01/2020 12:40:18 -0800
184541,29/01/2020 16:31:51 +0000
184541,29/01/2020 16:09:05 +0000
184541,29/01/2020 14:57:52 +0000
184541,29/01/2020 14:38:22 +0000
184541,29/01/2020 14:20:56 +0000
184545,28/01/2020 13:20:26 +0000
184564,27/01/2020 12:35:08 -0800
184508,25/01/2020 17:43:02 +0100
184539,24/01/2020 10:52:38 -0800
184539,24/01/2020 10:50:27 -0800
184539,24/01/2020 10:28:50 -0800
184508,24/01/2020 18:49:24 +0100
184509,22/01/2020 12:32:51 -0800
184539,22/01/2020 10:02:30 -0800
184558,21/01/2020 19:43:35 -0800
184545,21/01/2020 21:17:42 +0000
184545,21/01/2020 15:51:39 +0000
184558,20/01/2020 16:06:01 -0800
184545,20/01/2020 15:12:30 +0000
184545,20/01/2020 15:00:18 +0000
184517,17/01/2020 16:00:35 -0500
184518,17/01/2020 21:20:09 +0300
184545,17/01/2020 12:37:55 +0000
184545,17/01/2020 12:16:39 +0000
184564,15/01/2020 09:45:16 -0800
184545,15/01/2020 09:50:09 +0000
184564,14/01/2020 15:38:09 -0800
411119,14/01/2020 23:20:42 +0000
184564,14/01/2020 14:00:28 -0800
184539,14/01/2020 13:52:52 -0800
184539,14/01/2020 09:26:44 -0800
184528,12/01/2020 20:54:12 +0100
184529,12/01/2020 17:54:30 +0000
184541,12/01/2020 17:53:50 +0000
184539,10/01/2020 10:57:34 -0800
184532,10/01/2020 10:21:32 -0800
184539,09/01/2020 16:16:37 -0800
184534,10/01/2020 03:44:00 +0530
184535,09/01/2020 16:13:03 -0600
184536,10/01/2020 01:07:41 +0300
184537,09/01/2020 13:47:05 -0800
184564,09/01/2020 13:15:19 -0800
184539,09/01/2020 11:13:41 -0800
184541,09/01/2020 14:50:44 +0000
184541,09/01/2020 13:54:11 +0000
184558,08/01/2020 14:40:07 -0800
184543,07/01/2020 16:47:19 -0800
184564,07/01/2020 13:05:36 -0800
184545,07/01/2020 19:45:26 +0000
184564,06/01/2020 10:37:20 -0800
184564,06/01/2020 10:36:13 -0800
184564,06/01/2020 10:35:36 -0800
184564,06/01/2020 10:23:55 -0800
184564,06/01/2020 10:13:35 -0800
184564,06/01/2020 10:12:26 -0800
184564,06/01/2020 09:29:20 -0800
184564,06/01/2020 09:19:59 -0800
184564,04/01/2020 16:50:39 -0800
184558,04/01/2020 05:47:23 -0800
184556,04/01/2020 14:04:15 +0400
184564,03/01/2020 10:02:50 -0800
184558,03/01/2020 17:35:17 +0000
184564,03/01/2020 09:34:12 -0800
184564,03/01/2020 09:28:31 -0800
184564,02/01/2020 14:44:07 -0800
184564,02/01/2020 09:28:20 -0800
184564,02/01/2020 08:27:29 -0800
184564,01/01/2020 07:58:47 -0800
