280910,25/12/2020 02:02:58 -0500
280910,25/12/2020 01:50:41 -0500
280724,17/12/2020 14:51:20 +0000
280724,17/12/2020 14:31:32 +0000
280724,17/12/2020 14:31:32 +0000
280724,17/12/2020 14:31:31 +0000
280724,17/12/2020 14:31:31 +0000
280724,17/12/2020 14:06:36 +0000
280724,17/12/2020 13:26:47 +0000
280724,17/12/2020 13:26:47 +0000
280724,17/12/2020 13:26:46 +0000
280724,17/12/2020 13:26:46 +0000
280724,17/12/2020 13:26:34 +0000
280724,17/12/2020 13:26:34 +0000
280724,17/12/2020 13:26:33 +0000
280724,17/12/2020 13:26:33 +0000
280724,17/12/2020 13:26:06 +0000
280724,17/12/2020 13:23:15 +0000
281349,13/12/2020 16:32:30 -0800
281349,04/12/2020 11:49:22 -0800
281349,04/12/2020 11:48:55 -0800
281349,04/12/2020 11:47:50 -0800
281349,04/12/2020 11:47:05 -0800
281349,04/12/2020 10:40:43 -0800
280733,03/12/2020 14:11:28 +0500
280733,03/12/2020 14:10:03 +0500
280733,03/12/2020 13:57:43 +0500
280733,03/12/2020 13:47:13 +0500
280734,01/12/2020 15:29:09 +0100
280705,28/11/2020 17:22:29 -0500
280705,28/11/2020 13:53:09 -0500
280705,28/11/2020 13:17:31 -0500
280737,21/11/2020 12:10:36 +0530
280737,21/11/2020 12:07:43 +0530
280737,21/11/2020 11:37:54 +0530
280889,08/11/2020 23:56:09 -0500
280889,08/11/2020 23:50:29 -0500
281349,04/11/2020 14:29:59 -0800
281349,02/11/2020 10:35:45 -0800
281349,29/10/2020 10:14:00 -0700
281349,29/10/2020 10:09:29 -0700
281349,29/10/2020 10:09:03 -0700
281349,28/10/2020 14:24:58 -0700
281349,28/10/2020 14:23:30 -0700
281349,28/10/2020 14:16:38 -0700
281349,28/10/2020 11:02:38 -0700
281349,28/10/2020 10:54:59 -0700
281349,28/10/2020 10:44:46 -0700
280910,28/10/2020 13:01:35 -0400
281349,27/10/2020 20:56:59 -0700
281349,27/10/2020 20:37:21 -0700
281349,27/10/2020 10:53:21 -0700
281349,27/10/2020 10:24:08 -0700
281349,27/10/2020 10:22:07 -0700
281349,27/10/2020 10:21:10 -0700
281349,27/10/2020 10:19:43 -0700
281349,27/10/2020 10:07:02 -0700
280817,27/10/2020 14:37:04 +0100
280940,27/10/2020 17:58:03 +0530
281349,26/10/2020 14:16:52 -0700
281349,26/10/2020 14:15:46 -0700
281349,26/10/2020 14:15:21 -0700
281349,26/10/2020 14:05:19 -0700
281349,26/10/2020 13:57:01 -0700
281349,26/10/2020 10:18:04 -0700
281349,26/10/2020 10:16:12 -0700
281349,26/10/2020 10:15:47 -0700
281349,26/10/2020 10:15:07 -0700
281349,26/10/2020 10:14:08 -0700
281349,26/10/2020 10:12:52 -0700
281349,26/10/2020 08:30:01 -0700
281349,26/10/2020 08:26:11 -0700
281349,26/10/2020 08:06:37 -0700
281349,26/10/2020 07:57:17 -0700
281349,26/10/2020 07:52:10 -0700
281349,26/10/2020 07:50:44 -0700
281349,26/10/2020 07:46:03 -0700
280785,25/10/2020 08:12:50 +0700
280785,24/10/2020 18:35:42 +0700
280940,24/10/2020 15:08:12 +0530
281349,23/10/2020 20:48:34 -0700
281349,23/10/2020 19:17:18 -0700
281349,23/10/2020 17:10:25 -0700
281349,23/10/2020 17:09:52 -0700
281349,23/10/2020 17:08:55 -0700
281349,23/10/2020 09:25:41 -0700
281349,23/10/2020 08:56:18 -0700
281349,22/10/2020 21:02:07 -0700
281349,22/10/2020 17:26:07 -0700
281349,22/10/2020 16:13:35 -0700
280795,22/10/2020 16:06:18 -0400
280795,22/10/2020 16:03:54 -0400
280940,22/10/2020 21:47:52 +0530
281349,21/10/2020 08:00:01 -0700
281181,21/10/2020 16:29:48 +0200
280940,21/10/2020 12:30:48 +0530
280940,21/10/2020 12:28:27 +0530
280940,21/10/2020 12:23:16 +0530
280940,21/10/2020 11:57:55 +0530
281349,20/10/2020 10:26:01 -0700
280898,21/10/2020 00:47:05 +0800
280755,20/10/2020 09:40:14 -0700
281349,20/10/2020 09:30:07 -0700
281349,20/10/2020 09:26:39 -0700
281349,19/10/2020 13:39:39 -0700
281349,19/10/2020 13:34:12 -0700
281349,19/10/2020 13:01:18 -0700
281349,19/10/2020 12:29:31 -0700
281349,19/10/2020 12:29:11 -0700
280817,19/10/2020 20:29:26 +0200
281349,19/10/2020 09:12:00 -0700
281349,19/10/2020 09:10:51 -0700
281349,19/10/2020 08:28:18 -0700
281349,19/10/2020 08:05:33 -0700
280817,19/10/2020 13:42:37 +0200
280817,19/10/2020 13:06:42 +0200
280821,18/10/2020 03:12:41 +0300
280755,17/10/2020 16:53:39 -0700
281349,17/10/2020 15:30:16 -0700
281349,17/10/2020 15:23:17 -0700
280824,17/10/2020 14:34:06 -0700
280825,17/10/2020 14:34:56 -0400
280898,17/10/2020 04:42:23 +0700
280898,17/10/2020 01:50:39 +0700
411683,16/10/2020 21:08:18 +0300
280828,16/10/2020 23:00:51 +0500
281349,15/10/2020 20:38:17 -0700
280829,15/10/2020 11:21:16 +0530
280830,15/10/2020 00:54:03 +0530
281181,14/10/2020 14:42:36 +0200
281181,14/10/2020 11:23:41 +0200
281349,13/10/2020 10:23:05 -0700
281349,13/10/2020 09:40:54 -0700
281349,13/10/2020 09:36:09 -0700
281349,13/10/2020 09:34:47 -0700
281349,13/10/2020 09:33:59 -0700
281349,13/10/2020 09:32:53 -0700
281349,13/10/2020 09:29:48 -0700
281349,13/10/2020 06:35:35 -0700
281349,13/10/2020 06:33:18 -0700
281349,13/10/2020 06:17:40 -0700
280910,13/10/2020 01:53:53 -0400
280858,12/10/2020 23:08:53 -0400
280858,12/10/2020 22:37:09 -0400
281349,12/10/2020 19:08:16 -0700
281349,12/10/2020 19:06:16 -0700
281349,12/10/2020 17:56:22 -0700
281349,12/10/2020 17:55:28 -0700
281349,12/10/2020 17:55:03 -0700
280852,12/10/2020 18:21:23 -0400
280852,12/10/2020 17:55:50 -0400
280852,12/10/2020 17:53:26 -0400
280852,12/10/2020 17:52:56 -0400
281349,12/10/2020 14:07:04 -0700
281349,12/10/2020 13:46:45 -0700
281349,12/10/2020 13:41:45 -0700
281349,12/10/2020 13:40:20 -0700
281349,12/10/2020 13:38:19 -0700
281349,12/10/2020 13:37:06 -0700
281349,12/10/2020 13:35:38 -0700
281349,12/10/2020 11:00:23 -0700
280840,12/10/2020 08:57:42 -0500
280840,12/10/2020 08:51:00 -0500
280840,12/10/2020 08:39:55 -0500
280872,12/10/2020 01:18:31 -0400
280877,11/10/2020 14:16:39 +0200
280877,11/10/2020 14:08:57 +0200
280877,11/10/2020 02:42:45 +0200
280875,10/10/2020 20:20:20 -0400
280877,11/10/2020 01:28:34 +0200
280879,10/10/2020 14:07:57 -0700
280879,09/10/2020 23:44:28 -0700
280840,09/10/2020 18:55:17 -0500
280840,09/10/2020 16:35:57 -0500
280840,09/10/2020 16:28:29 -0500
280881,09/10/2020 18:03:38 +0300
280881,09/10/2020 17:20:09 +0300
280882,09/10/2020 10:33:35 +0200
280883,08/10/2020 15:57:18 -0300
281349,08/10/2020 09:53:15 -0700
280875,06/10/2020 23:35:39 -0400
280885,06/10/2020 22:15:05 -0400
281349,06/10/2020 17:29:17 -0700
281349,06/10/2020 17:28:58 -0700
281349,06/10/2020 15:38:48 -0700
280889,06/10/2020 18:31:51 -0400
281349,06/10/2020 11:27:55 -0700
281349,06/10/2020 11:27:21 -0700
281349,06/10/2020 11:26:52 -0700
281349,06/10/2020 11:26:25 -0700
281349,06/10/2020 11:24:57 -0700
280898,05/10/2020 12:26:12 +0700
280898,05/10/2020 05:07:34 +0700
280898,05/10/2020 04:39:34 +0700
280898,05/10/2020 03:27:36 +0700
281317,02/10/2020 21:45:58 -0300
280910,01/10/2020 22:10:58 -0400
280910,01/10/2020 21:25:35 -0400
280875,01/10/2020 12:12:54 -0400
281349,01/10/2020 07:42:46 -0700
280905,01/10/2020 12:02:54 +0200
280905,01/10/2020 11:55:46 +0200
280905,01/10/2020 11:46:35 +0200
280910,01/10/2020 00:12:08 -0400
281349,30/09/2020 16:07:00 -0700
281349,30/09/2020 16:06:14 -0700
280875,30/09/2020 10:31:42 -0400
280909,30/09/2020 19:09:21 +0530
280910,29/09/2020 16:59:43 -0400
280940,29/09/2020 10:55:50 +0530
280912,25/09/2020 23:28:46 +0800
280913,24/09/2020 11:18:12 -0400
280940,23/09/2020 22:24:10 +0530
281291,21/09/2020 21:30:54 -0700
281291,21/09/2020 21:10:25 -0700
281291,21/09/2020 21:08:21 -0700
281349,19/09/2020 12:33:55 -0700
281349,19/09/2020 12:30:51 -0700
281349,17/09/2020 12:56:07 -0700
281349,17/09/2020 11:48:38 -0700
281349,14/09/2020 15:24:26 -0700
281349,14/09/2020 15:14:08 -0700
280940,12/09/2020 14:34:43 +0530
280940,12/09/2020 13:51:55 +0530
280926,09/09/2020 17:39:29 -0300
281349,07/09/2020 14:29:44 -0700
281349,07/09/2020 09:44:41 -0700
281349,07/09/2020 09:41:06 -0700
281349,07/09/2020 09:39:43 -0700
281349,07/09/2020 09:39:17 -0700
281349,07/09/2020 09:37:11 -0700
281349,07/09/2020 09:35:24 -0700
281068,07/09/2020 10:58:33 +0200
280937,04/09/2020 15:40:04 -0700
280937,04/09/2020 15:36:13 -0700
281349,04/09/2020 11:20:57 -0700
281068,04/09/2020 14:59:10 +0200
280940,04/09/2020 11:33:09 +0530
280940,04/09/2020 11:21:13 +0530
281349,28/08/2020 12:11:53 -0700
281349,28/08/2020 11:43:18 -0700
281349,28/08/2020 11:39:23 -0700
281349,27/08/2020 16:58:45 -0700
281349,27/08/2020 16:43:42 -0700
281349,27/08/2020 15:41:13 -0700
281349,27/08/2020 15:40:53 -0700
281349,27/08/2020 14:51:48 -0700
281349,27/08/2020 14:32:42 -0700
281349,27/08/2020 14:23:16 -0700
281349,27/08/2020 12:14:32 -0700
281349,26/08/2020 14:38:13 -0700
281349,26/08/2020 09:38:57 -0700
281349,25/08/2020 20:21:36 -0700
281349,25/08/2020 11:17:51 -0700
281349,20/08/2020 14:32:00 -0700
281349,20/08/2020 14:06:57 -0700
281349,20/08/2020 13:26:03 -0700
281349,20/08/2020 13:01:25 -0700
281349,20/08/2020 11:41:03 -0700
281349,20/08/2020 11:33:51 -0700
281349,20/08/2020 10:52:42 -0700
281349,07/08/2020 15:18:26 -0700
281349,07/08/2020 10:38:11 -0700
281349,07/08/2020 10:37:56 -0700
281349,06/08/2020 16:07:07 -0700
281349,04/08/2020 13:29:59 -0700
281349,31/07/2020 19:15:07 -0700
281349,31/07/2020 18:39:51 -0700
281349,31/07/2020 18:31:19 -0700
281349,31/07/2020 18:27:02 -0700
281349,31/07/2020 17:48:15 -0700
280973,31/07/2020 17:24:50 -0700
281349,30/07/2020 20:07:40 -0700
281349,29/07/2020 11:58:27 -0700
281349,23/07/2020 16:49:12 -0700
281349,23/07/2020 16:13:06 -0700
281349,23/07/2020 15:19:20 -0700
281349,23/07/2020 15:07:36 -0700
281349,23/07/2020 15:06:14 -0700
281349,21/07/2020 10:14:15 -0700
281349,20/07/2020 16:39:02 -0700
281349,18/07/2020 13:34:58 -0700
281181,18/07/2020 08:01:19 +0200
281181,18/07/2020 07:59:33 +0200
281181,18/07/2020 07:49:55 +0200
281181,17/07/2020 16:40:34 +0200
281181,17/07/2020 16:03:47 +0200
281181,17/07/2020 13:48:36 +0200
281349,16/07/2020 20:06:28 -0700
281349,16/07/2020 19:03:27 -0700
281349,16/07/2020 18:52:20 -0700
281349,16/07/2020 13:25:27 -0700
281349,16/07/2020 11:16:33 -0700
281349,16/07/2020 11:14:13 -0700
281349,16/07/2020 11:13:24 -0700
281349,16/07/2020 11:11:14 -0700
281349,16/07/2020 08:18:52 -0700
281181,15/07/2020 15:11:35 +0200
281000,15/07/2020 08:07:16 +0200
281349,14/07/2020 16:57:01 -0700
281349,14/07/2020 11:28:54 -0700
281349,14/07/2020 10:45:20 -0700
281349,14/07/2020 10:44:37 -0700
281349,14/07/2020 10:38:22 -0700
281181,13/07/2020 17:21:52 +0200
281349,12/07/2020 10:42:48 -0700
281349,11/07/2020 11:20:06 -0700
281349,06/07/2020 13:15:09 -0700
281349,06/07/2020 11:52:47 -0700
281349,02/07/2020 17:17:16 -0700
281349,02/07/2020 13:36:18 -0700
281011,01/07/2020 23:29:47 +0200
281349,30/06/2020 13:59:42 -0700
281349,30/06/2020 13:55:19 -0700
281349,30/06/2020 13:52:44 -0700
281349,30/06/2020 13:13:10 -0700
281349,28/06/2020 18:13:44 -0700
281349,28/06/2020 18:07:41 -0700
281020,27/06/2020 15:52:22 +0300
281349,26/06/2020 15:46:17 -0700
281349,26/06/2020 15:31:39 -0700
281349,26/06/2020 14:58:42 -0700
281349,26/06/2020 14:17:58 -0700
281349,26/06/2020 14:11:43 -0700
281349,26/06/2020 14:03:28 -0700
281349,23/06/2020 16:31:40 -0700
281042,19/06/2020 11:09:27 +0100
281042,19/06/2020 11:09:20 +0100
281042,19/06/2020 10:40:04 +0100
281042,18/06/2020 09:42:36 +0100
281042,17/06/2020 16:07:04 +0100
281042,17/06/2020 16:02:39 +0100
281349,16/06/2020 16:30:09 -0700
281349,16/06/2020 15:20:54 -0700
281349,16/06/2020 14:50:49 -0700
281349,16/06/2020 14:48:50 -0700
281038,15/06/2020 22:13:59 -0400
281349,15/06/2020 15:18:00 -0700
281041,15/06/2020 11:59:40 -0400
281042,13/06/2020 12:12:34 +0100
281349,12/06/2020 20:35:59 -0700
281053,11/06/2020 19:56:11 +0300
281349,11/06/2020 09:47:36 -0700
281053,10/06/2020 22:02:37 +0300
281349,10/06/2020 08:40:54 -0700
281349,10/06/2020 08:27:57 -0700
411947,10/06/2020 22:54:48 +0800
281053,10/06/2020 16:30:49 +0300
411947,10/06/2020 20:44:36 +0800
281349,09/06/2020 21:52:46 -0700
281053,09/06/2020 17:11:00 +0300
281349,08/06/2020 11:04:19 -0700
281055,08/06/2020 17:17:49 +0100
281349,07/06/2020 12:15:53 -0700
281349,05/06/2020 15:02:18 -0700
281349,05/06/2020 14:28:39 -0700
281349,05/06/2020 11:16:27 -0700
281349,05/06/2020 10:31:16 -0700
281062,05/06/2020 11:14:12 -0500
281349,04/06/2020 07:05:05 -0700
281349,03/06/2020 16:24:58 -0700
281349,03/06/2020 16:20:50 -0700
281349,02/06/2020 16:38:55 -0700
281349,02/06/2020 16:27:42 -0700
281349,02/06/2020 13:08:08 -0700
281068,02/06/2020 15:07:05 +0200
281349,01/06/2020 13:28:08 -0700
281349,31/05/2020 15:57:22 -0700
281109,31/05/2020 15:36:03 -0400
281349,29/05/2020 16:37:00 -0700
281349,29/05/2020 15:39:32 -0700
281349,29/05/2020 15:36:41 -0700
281349,29/05/2020 15:35:16 -0700
281349,29/05/2020 15:26:05 -0700
281349,29/05/2020 13:03:25 -0700
281349,29/05/2020 12:51:25 -0700
281349,29/05/2020 09:39:55 -0700
281349,29/05/2020 08:06:06 -0700
281349,29/05/2020 08:00:40 -0700
281349,28/05/2020 22:57:06 -0700
281349,27/05/2020 16:46:19 -0700
281349,27/05/2020 16:29:29 -0700
281086,27/05/2020 17:06:53 +0200
281083,26/05/2020 13:49:17 -0700
281349,26/05/2020 09:13:32 -0700
281349,26/05/2020 07:54:47 -0700
281349,25/05/2020 20:09:05 -0700
281349,25/05/2020 19:54:17 -0700
281349,25/05/2020 19:54:04 -0700
281349,25/05/2020 16:46:44 -0700
281349,25/05/2020 16:46:01 -0700
281349,24/05/2020 17:02:01 -0700
281094,24/05/2020 01:07:04 -0400
281349,23/05/2020 15:03:51 -0700
281349,23/05/2020 14:43:08 -0700
281349,23/05/2020 09:43:28 -0700
281349,22/05/2020 15:51:52 -0700
281349,19/05/2020 08:26:08 -0700
281349,19/05/2020 08:25:52 -0700
281101,19/05/2020 15:27:35 +0200
281349,18/05/2020 20:05:43 -0700
281349,18/05/2020 20:02:13 -0700
281349,18/05/2020 19:58:20 -0700
281349,18/05/2020 16:11:23 -0700
281349,18/05/2020 16:08:56 -0700
281349,18/05/2020 16:04:26 -0700
281349,16/05/2020 15:00:49 -0700
281109,16/05/2020 10:49:19 -0400
281349,11/05/2020 22:06:37 -0700
281349,11/05/2020 22:00:33 -0700
281131,11/05/2020 19:33:01 -0700
281349,11/05/2020 17:04:40 -0700
281349,11/05/2020 16:49:14 -0700
281131,11/05/2020 12:48:43 -0700
281349,11/05/2020 12:15:55 -0700
281131,11/05/2020 10:58:39 -0700
281118,10/05/2020 22:46:57 -0700
281349,10/05/2020 16:23:46 -0700
281349,10/05/2020 14:54:58 -0700
281349,10/05/2020 14:13:45 -0700
281349,10/05/2020 12:15:22 -0700
281349,10/05/2020 11:36:41 -0700
281349,10/05/2020 11:33:39 -0700
281349,09/05/2020 09:58:12 -0700
281349,09/05/2020 09:57:26 -0700
281131,09/05/2020 07:40:44 -0700
281136,08/05/2020 18:42:45 -0400
281136,08/05/2020 18:41:57 -0400
281349,08/05/2020 09:49:50 -0700
281136,08/05/2020 12:42:23 -0400
281136,08/05/2020 12:34:40 -0400
281291,07/05/2020 16:29:00 -0700
281349,07/05/2020 15:09:41 -0700
281349,07/05/2020 14:58:11 -0700
281349,07/05/2020 14:55:05 -0700
281349,04/05/2020 16:50:54 -0700
281349,04/05/2020 16:21:28 -0700
281349,04/05/2020 15:22:45 -0700
281349,03/05/2020 19:59:07 -0700
281349,01/05/2020 20:41:35 -0700
281349,01/05/2020 20:14:51 -0700
281151,01/05/2020 19:56:06 -0700
281349,01/05/2020 19:26:18 -0700
281349,01/05/2020 19:20:29 -0700
281349,01/05/2020 17:44:03 -0700
281349,01/05/2020 16:12:04 -0700
281349,01/05/2020 12:17:56 -0700
281349,01/05/2020 11:52:47 -0700
281349,01/05/2020 11:31:59 -0700
281151,25/04/2020 21:28:50 -0700
281349,23/04/2020 09:09:31 -0700
281181,23/04/2020 17:39:32 +0200
281187,23/04/2020 08:55:23 +0200
281349,22/04/2020 18:38:57 -0700
281349,22/04/2020 18:29:13 -0700
281349,22/04/2020 18:24:17 -0700
281349,22/04/2020 18:02:14 -0700
281349,22/04/2020 17:40:22 -0700
281349,22/04/2020 17:35:48 -0700
281349,22/04/2020 08:36:08 -0700
281320,22/04/2020 14:20:25 +0100
281349,21/04/2020 21:10:23 -0700
281273,21/04/2020 16:27:09 -0400
281349,21/04/2020 09:34:16 -0700
281349,20/04/2020 18:23:26 -0700
281349,20/04/2020 13:04:54 -0700
281349,20/04/2020 13:04:19 -0700
281349,19/04/2020 14:49:24 -0700
281349,18/04/2020 20:57:34 -0700
281349,18/04/2020 15:27:16 -0700
281349,18/04/2020 15:26:16 -0700
281349,18/04/2020 14:45:18 -0700
281349,18/04/2020 14:43:41 -0700
281349,18/04/2020 14:40:51 -0700
281349,18/04/2020 14:39:52 -0700
281320,18/04/2020 21:20:15 +0100
281181,18/04/2020 11:55:43 +0200
281349,17/04/2020 15:40:56 -0700
281187,17/04/2020 10:27:32 +0200
281349,15/04/2020 13:31:50 -0700
281349,15/04/2020 12:02:45 -0700
281349,15/04/2020 10:45:36 -0700
281191,14/04/2020 10:22:06 +0200
281185,13/04/2020 11:22:57 +0800
281185,13/04/2020 10:31:51 +0800
281185,13/04/2020 04:21:32 +0800
281185,13/04/2020 03:38:20 +0800
281320,10/04/2020 18:06:10 +0100
281161,10/04/2020 10:24:52 +0900
281181,03/04/2020 14:54:12 +0200
281273,30/03/2020 14:21:56 -0400
281273,30/03/2020 13:35:50 -0400
281273,30/03/2020 13:23:29 -0400
281196,30/03/2020 14:48:59 +0200
281196,30/03/2020 14:29:43 +0200
281349,28/03/2020 12:07:49 -0700
281349,28/03/2020 11:49:23 -0700
281349,28/03/2020 11:11:01 -0700
281349,27/03/2020 11:19:07 -0700
281202,26/03/2020 14:07:22 -0600
281200,26/03/2020 21:04:20 +0100
281349,21/03/2020 10:21:28 -0700
281205,20/03/2020 12:39:57 -0400
281205,20/03/2020 12:36:39 -0400
281273,16/03/2020 14:30:41 -0500
281349,13/03/2020 18:18:21 -0700
281349,11/03/2020 10:11:09 -0700
281349,10/03/2020 12:58:00 -0700
281349,10/03/2020 12:20:02 -0700
281209,10/03/2020 19:11:35 +0100
281273,06/03/2020 09:59:41 -0500
281273,06/03/2020 09:51:31 -0500
281273,06/03/2020 09:39:13 -0500
281273,06/03/2020 09:32:35 -0500
281273,06/03/2020 09:25:18 -0500
281273,06/03/2020 09:13:48 -0500
281280,05/03/2020 12:30:22 -0700
281349,03/03/2020 08:00:18 -0800
281273,02/03/2020 15:36:12 -0500
281273,02/03/2020 14:30:01 -0500
281223,01/03/2020 10:48:15 +0000
281223,01/03/2020 10:45:52 +0000
281349,29/02/2020 16:15:28 -0800
281349,29/02/2020 15:10:53 -0800
281349,28/02/2020 16:37:14 -0800
281349,28/02/2020 16:36:36 -0800
281349,28/02/2020 15:54:59 -0800
281349,28/02/2020 14:04:55 -0800
281349,28/02/2020 13:36:40 -0800
281349,27/02/2020 12:30:03 -0800
281349,27/02/2020 12:10:39 -0800
281278,27/02/2020 20:49:47 +0200
281349,27/02/2020 09:54:49 -0800
281349,27/02/2020 08:25:51 -0800
281349,27/02/2020 08:24:25 -0800
281349,27/02/2020 08:20:44 -0800
281349,27/02/2020 08:20:27 -0800
281349,27/02/2020 08:18:30 -0800
281349,27/02/2020 08:17:18 -0800
281241,27/02/2020 02:05:45 -0600
281349,26/02/2020 21:51:07 -0800
281273,26/02/2020 15:06:04 -0500
281273,26/02/2020 13:35:24 -0500
281273,26/02/2020 13:33:30 -0500
281325,25/02/2020 23:04:58 -0800
281325,25/02/2020 22:40:23 -0800
281325,25/02/2020 22:27:21 -0800
281325,25/02/2020 22:25:31 -0800
281325,25/02/2020 22:21:49 -0800
281325,25/02/2020 22:20:35 -0800
281325,25/02/2020 21:24:21 -0800
281259,25/02/2020 19:56:37 +0100
281273,24/02/2020 10:57:56 -0500
281273,24/02/2020 10:45:36 -0500
281273,24/02/2020 09:46:39 -0500
281273,24/02/2020 09:29:01 -0500
281278,22/02/2020 15:13:50 +0200
281273,21/02/2020 17:20:06 -0500
281273,21/02/2020 17:07:36 -0500
281273,21/02/2020 16:58:22 -0500
281273,21/02/2020 16:40:05 -0500
281273,21/02/2020 16:27:31 -0500
281273,21/02/2020 16:23:05 -0500
281273,21/02/2020 16:18:17 -0500
281273,21/02/2020 16:14:15 -0500
281273,21/02/2020 14:00:49 -0500
281317,20/02/2020 22:26:13 -0300
281280,20/02/2020 15:57:30 -0700
281276,16/02/2020 19:56:39 +0100
281278,16/02/2020 12:53:57 +0200
281278,16/02/2020 10:08:30 +0200
281280,14/02/2020 15:51:50 -0700
281280,14/02/2020 15:29:14 -0700
281349,13/02/2020 09:39:03 -0800
281282,13/02/2020 10:39:40 -0500
281349,12/02/2020 16:26:43 -0800
281349,12/02/2020 14:52:27 -0800
281349,12/02/2020 09:17:08 -0800
281349,12/02/2020 09:16:20 -0800
281349,12/02/2020 09:11:23 -0800
281349,12/02/2020 08:54:13 -0800
281349,12/02/2020 08:51:50 -0800
281349,11/02/2020 16:11:01 -0800
281349,11/02/2020 16:09:11 -0800
281291,11/02/2020 15:33:11 -0800
281349,07/02/2020 10:01:12 -0800
281349,06/02/2020 18:10:25 -0800
281349,02/02/2020 10:12:08 -0800
281349,01/02/2020 14:02:36 -0800
281349,01/02/2020 12:04:10 -0800
281297,01/02/2020 20:05:11 +0100
281349,31/01/2020 17:38:53 -0800
281349,31/01/2020 17:37:48 -0800
281349,31/01/2020 17:35:55 -0800
281349,31/01/2020 17:34:24 -0800
281349,31/01/2020 17:25:07 -0800
281349,31/01/2020 14:25:57 -0800
281349,31/01/2020 14:03:07 -0800
281349,31/01/2020 14:02:24 -0800
281349,31/01/2020 14:01:46 -0800
281349,31/01/2020 13:43:30 -0800
281320,31/01/2020 20:49:03 +0000
281349,31/01/2020 12:20:18 -0800
281349,31/01/2020 12:15:55 -0800
281316,31/01/2020 09:34:52 +0100
281317,29/01/2020 23:24:35 -0300
281320,27/01/2020 17:10:43 +0000
281320,27/01/2020 15:22:49 +0000
281320,27/01/2020 15:07:59 +0000
281327,24/01/2020 15:36:27 -0500
281323,21/01/2020 16:30:14 +0800
281323,21/01/2020 16:02:21 +0800
281325,20/01/2020 22:38:33 -0800
281325,20/01/2020 22:29:18 -0800
281325,20/01/2020 22:25:44 -0800
281325,20/01/2020 22:25:14 -0800
281325,20/01/2020 22:06:26 -0800
281325,20/01/2020 22:06:26 -0800
281325,20/01/2020 22:00:23 -0800
281325,20/01/2020 21:54:28 -0800
281325,20/01/2020 21:45:45 -0800
281325,20/01/2020 21:41:26 -0800
281325,20/01/2020 21:11:18 -0800
281325,20/01/2020 21:10:12 -0800
281327,15/01/2020 15:13:18 -0500
281327,14/01/2020 16:51:52 -0500
281349,14/01/2020 07:42:38 -0800
281349,14/01/2020 07:42:11 -0800
281349,14/01/2020 07:38:54 -0800
281349,13/01/2020 13:54:48 -0800
281333,12/01/2020 01:35:19 -0500
281333,12/01/2020 00:09:43 -0500
281349,11/01/2020 17:30:37 -0800
281349,09/01/2020 17:09:00 +0100
281349,09/01/2020 17:07:51 +0100
281349,07/01/2020 16:45:37 +0100
281342,07/01/2020 17:46:42 +0900
281349,06/01/2020 16:45:00 +0100
281338,04/01/2020 11:13:08 -0500
281339,02/01/2020 06:32:46 +0000
281349,01/01/2020 19:22:29 +0100
281349,01/01/2020 18:46:47 +0100
281349,01/01/2020 18:42:38 +0100
281349,01/01/2020 18:33:12 +0100
281349,01/01/2020 18:31:34 +0100
281349,01/01/2020 18:30:00 +0100
281349,01/01/2020 18:27:56 +0100
281349,01/01/2020 18:24:48 +0100
