282178,31/12/2020 06:32:26 +0000
406265,31/12/2020 04:13:56 +0800
281797,30/12/2020 21:45:18 +0200
281797,30/12/2020 20:42:38 +0200
283611,30/12/2020 09:48:07 -0800
281797,28/12/2020 23:34:55 +0200
406265,29/12/2020 01:43:43 +0800
281797,28/12/2020 19:34:28 +0200
281496,28/12/2020 14:46:47 +0100
282178,24/12/2020 06:31:15 +0000
282682,23/12/2020 12:50:03 -0800
282178,23/12/2020 06:30:45 +0000
417545,22/12/2020 11:02:38 -0800
281501,23/12/2020 03:36:52 +0900
283356,22/12/2020 09:04:56 -0800
281615,22/12/2020 17:16:30 +0800
281504,22/12/2020 10:13:01 +0100
281505,22/12/2020 00:34:16 +0000
282178,21/12/2020 06:27:53 +0000
283619,19/12/2020 07:18:44 -1000
282178,19/12/2020 06:27:42 +0000
417545,18/12/2020 15:13:02 -0800
417545,18/12/2020 14:24:34 -0800
417545,18/12/2020 14:20:41 -0800
281797,18/12/2020 23:24:58 +0200
283626,18/12/2020 11:42:33 -0800
283626,18/12/2020 11:41:55 -0800
417545,18/12/2020 10:31:42 -0800
283555,18/12/2020 09:55:33 -0800
414527,18/12/2020 09:23:42 -0800
283555,17/12/2020 18:55:09 -0800
283626,17/12/2020 18:09:42 -0800
283555,17/12/2020 12:43:59 -0800
283626,17/12/2020 10:13:12 -0800
417545,17/12/2020 09:45:49 -0800
282178,17/12/2020 06:26:30 +0000
281615,17/12/2020 10:56:18 +0800
283626,16/12/2020 13:17:57 -0800
283626,16/12/2020 13:11:48 -0800
283626,16/12/2020 11:31:39 -0800
282178,16/12/2020 06:26:03 +0000
283619,15/12/2020 17:08:36 -1000
283626,15/12/2020 15:40:48 -0800
281797,16/12/2020 01:34:22 +0200
283626,15/12/2020 13:57:23 -0800
282220,16/12/2020 02:36:05 +0800
281534,14/12/2020 22:08:52 -0300
283555,14/12/2020 12:51:48 -0800
282178,13/12/2020 06:25:01 +0000
283626,12/12/2020 13:51:10 -0800
283619,11/12/2020 15:07:37 -1000
417545,11/12/2020 15:46:11 -0800
417545,11/12/2020 12:37:02 -0800
281797,11/12/2020 19:00:05 +0200
282178,11/12/2020 06:24:37 +0000
281543,10/12/2020 20:20:02 -0500
414527,10/12/2020 13:52:41 -0800
417545,10/12/2020 10:17:28 -0800
283561,09/12/2020 16:11:17 -0800
283562,10/12/2020 00:10:58 +0000
281797,09/12/2020 23:41:15 +0200
283561,09/12/2020 10:10:56 -0800
283562,09/12/2020 18:10:38 +0000
282178,09/12/2020 06:24:46 +0000
283561,08/12/2020 22:10:55 -0800
283562,09/12/2020 06:10:38 +0000
283561,08/12/2020 16:11:00 -0800
283562,09/12/2020 00:10:43 +0000
283615,08/12/2020 16:10:05 -0800
420413,08/12/2020 16:09:43 -0800
283611,08/12/2020 13:25:03 -0800
283626,08/12/2020 12:13:37 -0800
283561,08/12/2020 10:11:01 -0800
283562,08/12/2020 18:10:41 +0000
283619,07/12/2020 16:38:00 -1000
281797,08/12/2020 00:00:46 +0200
411140,07/12/2020 21:59:26 +0000
283615,07/12/2020 11:53:22 -0800
281615,07/12/2020 21:54:47 +0800
282178,06/12/2020 06:23:16 +0000
282178,05/12/2020 06:23:01 +0000
281797,05/12/2020 02:52:12 +0200
417545,04/12/2020 16:48:09 -0800
281797,05/12/2020 02:37:25 +0200
281797,05/12/2020 02:20:14 +0200
283626,04/12/2020 13:42:35 -0800
411453,04/12/2020 13:37:16 -0800
282178,04/12/2020 06:23:01 +0000
413958,04/12/2020 12:47:38 +0800
412757,04/12/2020 11:18:07 +0800
283619,03/12/2020 18:36:45 -0800
411453,03/12/2020 16:10:51 -0800
283555,03/12/2020 15:34:06 -0800
283555,03/12/2020 13:33:09 -0800
417545,03/12/2020 13:27:15 -0800
283611,03/12/2020 08:59:14 -0800
282178,03/12/2020 06:21:40 +0000
413958,03/12/2020 12:00:30 +0800
413958,03/12/2020 11:51:41 +0800
283555,02/12/2020 18:11:45 -0800
413187,03/12/2020 06:46:20 +0800
283626,02/12/2020 13:30:46 -0800
283356,02/12/2020 11:47:32 -0800
282178,02/12/2020 06:21:49 +0000
411453,01/12/2020 18:03:11 -0800
283555,01/12/2020 17:43:25 -0800
281596,01/12/2020 19:03:49 -0500
281596,01/12/2020 18:53:54 -0500
281596,01/12/2020 18:42:18 -0500
412757,02/12/2020 07:23:57 +0800
283626,01/12/2020 14:47:14 -0800
283619,01/12/2020 14:07:47 -0800
283619,01/12/2020 13:57:00 -0800
281601,02/12/2020 06:46:41 +0900
283626,01/12/2020 12:19:12 -0800
282178,01/12/2020 06:22:02 +0000
281604,30/11/2020 16:37:40 -0800
407618,01/12/2020 06:02:07 +0700
417545,30/11/2020 14:28:13 -0800
283611,30/11/2020 14:27:19 -0800
281797,30/11/2020 23:58:47 +0200
281797,30/11/2020 21:56:12 +0200
282178,27/11/2020 06:21:31 +0000
281797,26/11/2020 21:19:15 +0200
283619,26/11/2020 08:55:01 -0800
282178,26/11/2020 06:21:13 +0000
283619,25/11/2020 16:51:38 -0800
281615,26/11/2020 01:37:08 +0800
281797,25/11/2020 19:11:42 +0200
417545,25/11/2020 09:01:56 -0800
283561,24/11/2020 16:11:30 -0800
283562,25/11/2020 00:11:00 +0000
281797,25/11/2020 00:40:51 +0200
414527,24/11/2020 14:33:15 -0800
414527,24/11/2020 14:33:00 -0800
281797,25/11/2020 00:29:47 +0200
283561,24/11/2020 10:11:17 -0800
283562,24/11/2020 18:10:46 +0000
283561,24/11/2020 04:11:15 -0800
283562,24/11/2020 12:10:42 +0000
281628,24/11/2020 07:34:27 +0100
281797,24/11/2020 03:01:42 +0200
283561,23/11/2020 16:11:22 -0800
283562,24/11/2020 00:10:50 +0000
417390,23/11/2020 18:50:12 -0500
414527,23/11/2020 12:43:00 -0800
282178,23/11/2020 06:20:23 +0000
283611,21/11/2020 09:57:17 -0800
283623,20/11/2020 16:03:58 -0800
414527,20/11/2020 15:03:11 -0800
282178,20/11/2020 06:19:39 +0000
417545,19/11/2020 16:38:08 -0800
281641,19/11/2020 20:41:35 +0100
283615,18/11/2020 16:10:11 -0800
281797,18/11/2020 22:50:32 +0200
283611,18/11/2020 11:19:43 -0800
282178,18/11/2020 06:19:14 +0000
281833,18/11/2020 02:52:32 +0100
281797,17/11/2020 19:42:27 +0200
414527,16/11/2020 09:26:28 -0800
282178,15/11/2020 06:17:33 +0000
281797,14/11/2020 23:14:07 +0200
282178,13/11/2020 06:17:47 +0000
282178,12/11/2020 06:17:29 +0000
283555,11/11/2020 20:50:09 -0800
283555,11/11/2020 18:42:12 -0800
283626,11/11/2020 17:14:01 -0800
283425,11/11/2020 16:50:08 -0800
283626,11/11/2020 16:33:39 -0800
414527,11/11/2020 15:23:11 -0800
414527,11/11/2020 13:56:27 -0800
283626,11/11/2020 13:20:17 -0800
281660,11/11/2020 13:11:53 -0800
283425,11/11/2020 13:02:09 -0800
283425,11/11/2020 13:00:47 -0800
414527,11/11/2020 12:58:00 -0800
417545,11/11/2020 11:48:32 -0800
283590,11/11/2020 13:47:30 -0500
281666,11/11/2020 10:38:43 -0800
282178,11/11/2020 06:17:00 +0000
283561,10/11/2020 22:11:15 -0800
283562,11/11/2020 06:10:47 +0000
283561,10/11/2020 16:11:13 -0800
283562,11/11/2020 00:10:40 +0000
283611,10/11/2020 11:28:49 -0800
283561,10/11/2020 10:10:57 -0800
283562,10/11/2020 18:10:28 +0000
283561,10/11/2020 04:10:59 -0800
283562,10/11/2020 12:10:30 +0000
282178,10/11/2020 06:16:03 +0000
283561,09/11/2020 22:11:15 -0800
283562,10/11/2020 06:10:43 +0000
283611,09/11/2020 14:08:43 -0800
283425,09/11/2020 13:57:03 -0800
283611,09/11/2020 11:34:41 -0800
283561,06/11/2020 16:11:19 -0800
283562,07/11/2020 00:10:50 +0000
283561,06/11/2020 10:11:16 -0800
283562,06/11/2020 18:10:47 +0000
412757,07/11/2020 01:58:34 +0800
283561,06/11/2020 04:11:04 -0800
283562,06/11/2020 12:10:35 +0000
283561,05/11/2020 22:11:09 -0800
283562,06/11/2020 06:10:41 +0000
283590,05/11/2020 19:58:49 -0500
283561,05/11/2020 16:11:16 -0800
283562,06/11/2020 00:10:46 +0000
281797,05/11/2020 20:25:24 +0200
281797,05/11/2020 20:09:21 +0200
281797,05/11/2020 02:02:17 +0200
283615,04/11/2020 13:30:06 -0800
282178,04/11/2020 06:17:32 +0000
281797,04/11/2020 02:22:13 +0200
283561,03/11/2020 16:11:17 -0800
283562,04/11/2020 00:10:47 +0000
283615,03/11/2020 12:22:30 -0800
283561,03/11/2020 10:11:08 -0800
283562,03/11/2020 18:10:38 +0000
283623,02/11/2020 23:03:37 -0800
283623,02/11/2020 23:02:03 -0800
282178,03/11/2020 06:17:06 +0000
283561,02/11/2020 22:11:08 -0800
283562,03/11/2020 06:10:40 +0000
281797,03/11/2020 02:12:08 +0200
283561,02/11/2020 16:11:27 -0800
283562,03/11/2020 00:10:55 +0000
281797,03/11/2020 01:52:57 +0200
281797,03/11/2020 01:49:22 +0200
281716,02/11/2020 17:34:36 -0600
281797,03/11/2020 01:20:13 +0200
412757,03/11/2020 07:19:00 +0800
281797,03/11/2020 00:45:26 +0200
282993,03/11/2020 07:35:56 +0900
281797,03/11/2020 00:35:07 +0200
283623,02/11/2020 14:25:12 -0800
281797,03/11/2020 00:24:55 +0200
283611,02/11/2020 14:18:50 -0800
283496,02/11/2020 09:05:03 -0800
281797,02/11/2020 12:16:53 +0200
282178,02/11/2020 06:17:07 +0000
283626,01/11/2020 16:05:49 -0800
282178,01/11/2020 06:16:09 +0000
282178,31/10/2020 06:15:18 +0000
283626,30/10/2020 16:51:04 -0700
283425,30/10/2020 16:21:36 -0700
283425,30/10/2020 16:16:23 -0700
283425,30/10/2020 16:01:27 -0700
283425,30/10/2020 15:38:20 -0700
283626,30/10/2020 11:13:23 -0700
283555,30/10/2020 09:25:58 -0700
283561,30/10/2020 05:11:10 -0700
283562,30/10/2020 12:10:39 +0000
282178,30/10/2020 06:16:14 +0000
283555,29/10/2020 18:42:36 -0700
283555,29/10/2020 17:12:18 -0700
281797,30/10/2020 00:23:11 +0200
283425,29/10/2020 14:17:24 -0700
283555,29/10/2020 13:32:32 -0700
282234,29/10/2020 13:30:42 -0700
283425,29/10/2020 13:03:25 -0700
283615,29/10/2020 12:18:43 -0700
417545,29/10/2020 09:00:50 -0700
282178,29/10/2020 06:27:18 +0000
283626,28/10/2020 18:38:26 -0700
283555,28/10/2020 16:30:48 -0700
283626,28/10/2020 15:12:03 -0700
283425,28/10/2020 14:31:40 -0700
283425,28/10/2020 13:48:29 -0700
283626,28/10/2020 13:14:20 -0700
283619,28/10/2020 11:55:32 -0700
281797,28/10/2020 20:51:18 +0200
283615,28/10/2020 11:24:40 -0700
282178,28/10/2020 06:26:41 +0000
283626,27/10/2020 20:10:27 -0700
281797,28/10/2020 02:26:15 +0200
283561,27/10/2020 17:11:09 -0700
283562,28/10/2020 00:10:41 +0000
283425,27/10/2020 16:25:30 -0700
283619,27/10/2020 16:21:07 -0700
283425,27/10/2020 15:43:00 -0700
281768,28/10/2020 09:08:20 +1100
281797,27/10/2020 22:22:02 +0200
283626,27/10/2020 12:37:02 -0700
283626,27/10/2020 12:01:52 -0700
283561,27/10/2020 11:11:09 -0700
283562,27/10/2020 18:10:41 +0000
283619,27/10/2020 10:53:13 -0700
281797,27/10/2020 19:05:40 +0200
283561,27/10/2020 05:11:08 -0700
283562,27/10/2020 12:10:38 +0000
282178,27/10/2020 06:26:28 +0000
414527,26/10/2020 23:01:27 -0700
414527,26/10/2020 17:27:44 -0700
283561,26/10/2020 17:11:18 -0700
283562,27/10/2020 00:10:50 +0000
283425,26/10/2020 16:47:43 -0700
283425,26/10/2020 14:37:35 -0700
283555,26/10/2020 12:56:44 -0700
283555,26/10/2020 12:27:34 -0700
283623,26/10/2020 12:19:31 -0700
283561,26/10/2020 11:11:18 -0700
283562,26/10/2020 18:10:37 +0000
282178,26/10/2020 06:26:32 +0000
282178,24/10/2020 06:25:24 +0000
283555,23/10/2020 17:32:55 -0700
283555,23/10/2020 17:08:07 -0700
283555,23/10/2020 16:31:58 -0700
283626,23/10/2020 15:22:31 -0700
414527,23/10/2020 13:08:53 -0700
281797,23/10/2020 21:15:04 +0300
283626,23/10/2020 10:31:08 -0700
282178,23/10/2020 06:25:37 +0000
283555,22/10/2020 18:58:21 -0700
283555,22/10/2020 17:14:23 -0700
283425,22/10/2020 16:42:35 -0700
283555,22/10/2020 13:28:05 -0700
283619,22/10/2020 11:27:41 -0700
414527,22/10/2020 11:01:42 -0700
282178,22/10/2020 06:25:39 +0000
283590,21/10/2020 18:28:57 -0400
282133,21/10/2020 18:02:49 -0400
283425,21/10/2020 12:31:29 -0700
283619,21/10/2020 12:16:46 -0700
283425,21/10/2020 11:23:02 -0700
414527,21/10/2020 10:38:09 -0700
282178,21/10/2020 06:25:41 +0000
417545,20/10/2020 13:11:52 -0700
282178,20/10/2020 06:25:11 +0000
283626,19/10/2020 17:30:18 -0700
283425,19/10/2020 15:21:52 -0700
283626,19/10/2020 15:12:45 -0700
283425,19/10/2020 14:57:51 -0700
283425,19/10/2020 14:54:20 -0700
283626,19/10/2020 14:47:28 -0700
283425,19/10/2020 14:32:26 -0700
283425,19/10/2020 14:27:28 -0700
283425,19/10/2020 13:34:16 -0700
283619,19/10/2020 13:05:29 -0700
283615,19/10/2020 12:59:59 -0700
282234,19/10/2020 09:53:58 -0700
283619,19/10/2020 07:26:48 -0700
282178,19/10/2020 06:25:15 +0000
281833,17/10/2020 19:47:49 +0200
281833,17/10/2020 15:20:39 +0200
282178,17/10/2020 06:24:10 +0000
413187,16/10/2020 02:01:26 +0800
282178,15/10/2020 06:24:34 +0000
283626,14/10/2020 15:29:50 -0700
283561,13/10/2020 23:10:59 -0700
283562,14/10/2020 06:10:31 +0000
283555,13/10/2020 17:14:35 -0700
283561,13/10/2020 17:12:07 -0700
283562,14/10/2020 00:11:19 +0000
283626,13/10/2020 15:08:17 -0700
283561,13/10/2020 11:11:14 -0700
283562,13/10/2020 18:10:41 +0000
282098,13/10/2020 20:06:27 +0300
283617,13/10/2020 11:20:52 -0400
283561,13/10/2020 05:11:18 -0700
283562,13/10/2020 12:10:34 +0000
283425,12/10/2020 16:01:32 -0700
417545,12/10/2020 15:42:58 -0700
283626,12/10/2020 15:40:51 -0700
283425,12/10/2020 14:16:01 -0700
283425,12/10/2020 14:12:07 -0700
283425,12/10/2020 14:10:51 -0700
417545,12/10/2020 09:33:39 -0700
282098,12/10/2020 18:45:08 +0300
283088,13/10/2020 00:21:47 +0900
282178,12/10/2020 06:24:25 +0000
282178,11/10/2020 06:23:26 +0000
282178,10/10/2020 06:23:12 +0000
283615,09/10/2020 17:25:04 -0700
283611,09/10/2020 16:32:57 -0700
283626,09/10/2020 15:58:08 -0700
283615,09/10/2020 15:56:51 -0700
283615,09/10/2020 14:07:55 -0700
417545,09/10/2020 13:24:18 -0700
283425,09/10/2020 10:53:36 -0700
282178,09/10/2020 06:23:21 +0000
283626,08/10/2020 18:13:25 -0700
283425,08/10/2020 17:34:06 -0700
283425,08/10/2020 17:20:09 -0700
283425,08/10/2020 17:17:06 -0700
414527,08/10/2020 17:08:21 -0700
283425,08/10/2020 16:14:47 -0700
283425,08/10/2020 14:55:14 -0700
282098,08/10/2020 22:27:53 +0300
283561,07/10/2020 17:11:17 -0700
283562,08/10/2020 00:10:47 +0000
283611,07/10/2020 14:14:49 -0700
282098,08/10/2020 00:06:42 +0300
283611,07/10/2020 13:21:02 -0700
283626,07/10/2020 12:44:20 -0700
283425,07/10/2020 12:27:43 -0700
283425,07/10/2020 12:08:20 -0700
283561,07/10/2020 11:11:10 -0700
283562,07/10/2020 18:10:42 +0000
283611,07/10/2020 11:06:04 -0700
283619,07/10/2020 05:50:06 -0700
283561,06/10/2020 23:11:16 -0700
283562,07/10/2020 06:10:48 +0000
283561,06/10/2020 17:11:19 -0700
283562,07/10/2020 00:10:51 +0000
281898,07/10/2020 01:30:09 +0200
283555,06/10/2020 15:02:41 -0700
283623,06/10/2020 14:18:44 -0700
283626,06/10/2020 13:22:27 -0700
283425,06/10/2020 12:56:51 -0700
283425,06/10/2020 12:29:58 -0700
283615,06/10/2020 11:23:05 -0700
283561,06/10/2020 11:11:19 -0700
283562,06/10/2020 18:10:50 +0000
282098,06/10/2020 19:52:35 +0300
281909,06/10/2020 18:52:07 +0200
281910,06/10/2020 20:26:05 +0400
281911,06/10/2020 23:27:56 +0800
282098,06/10/2020 17:51:01 +0300
282098,06/10/2020 17:50:08 +0300
282178,06/10/2020 06:22:54 +0000
283561,05/10/2020 23:11:08 -0700
283562,06/10/2020 06:10:41 +0000
283561,05/10/2020 17:11:33 -0700
283562,06/10/2020 00:11:02 +0000
282133,05/10/2020 19:38:12 -0400
283425,05/10/2020 14:42:10 -0700
281921,05/10/2020 21:21:38 +0100
283626,05/10/2020 11:59:45 -0700
417545,05/10/2020 11:47:19 -0700
417545,05/10/2020 11:39:20 -0700
411140,05/10/2020 14:12:47 -0400
283561,05/10/2020 11:11:17 -0700
283562,05/10/2020 18:10:39 +0000
283590,05/10/2020 13:55:46 -0400
282178,05/10/2020 06:22:47 +0000
283561,02/10/2020 23:11:15 -0700
283562,03/10/2020 06:10:42 +0000
282133,02/10/2020 19:47:37 -0400
283590,02/10/2020 19:01:22 -0400
281934,02/10/2020 15:37:59 -0700
283615,02/10/2020 10:59:04 -0700
283615,02/10/2020 10:56:33 -0700
283626,02/10/2020 10:50:30 -0700
283611,02/10/2020 10:50:12 -0700
283611,02/10/2020 08:46:42 -0700
281940,01/10/2020 16:37:14 -0700
283425,01/10/2020 15:20:01 -0700
283425,01/10/2020 14:56:32 -0700
283626,01/10/2020 14:55:24 -0700
283626,01/10/2020 14:36:44 -0700
417545,01/10/2020 13:56:13 -0700
283619,01/10/2020 10:36:08 -1000
283626,01/10/2020 13:06:17 -0700
283626,01/10/2020 12:03:13 -0700
281949,01/10/2020 10:46:58 -0600
283619,01/10/2020 06:36:51 -1000
414527,30/09/2020 13:44:59 -0700
282784,30/09/2020 17:41:31 +0100
417545,30/09/2020 09:32:19 -0700
283611,30/09/2020 08:36:52 -0700
282098,30/09/2020 18:26:35 +0300
283626,29/09/2020 16:34:58 -0700
417545,29/09/2020 12:22:04 -0700
411453,29/09/2020 11:43:51 -0700
282098,29/09/2020 21:29:51 +0300
281960,29/09/2020 12:17:16 +0530
282098,29/09/2020 09:12:15 +0300
283561,28/09/2020 17:11:12 -0700
283562,29/09/2020 00:10:44 +0000
417545,28/09/2020 12:06:39 -0700
283561,28/09/2020 11:11:15 -0700
283562,28/09/2020 18:10:45 +0000
282178,28/09/2020 06:21:37 +0000
283561,26/09/2020 23:11:21 -0700
283562,27/09/2020 06:10:39 +0000
283561,26/09/2020 11:10:53 -0700
283562,26/09/2020 18:10:26 +0000
282178,26/09/2020 06:21:33 +0000
283561,25/09/2020 23:11:20 -0700
283562,26/09/2020 06:10:36 +0000
282730,25/09/2020 19:00:02 -0700
414527,25/09/2020 13:37:54 -0700
282098,25/09/2020 23:01:08 +0300
282098,25/09/2020 22:36:04 +0300
417545,25/09/2020 12:20:29 -0700
283425,25/09/2020 11:54:33 -0700
283425,25/09/2020 11:50:40 -0700
283425,25/09/2020 11:45:16 -0700
283561,25/09/2020 11:11:07 -0700
283562,25/09/2020 18:10:40 +0000
283561,24/09/2020 17:11:31 -0700
283562,25/09/2020 00:10:54 +0000
283611,24/09/2020 14:42:59 -0700
414527,24/09/2020 14:18:16 -0700
281989,25/09/2020 05:02:56 +0800
283611,24/09/2020 13:47:41 -0700
283615,24/09/2020 13:08:57 -0700
412757,25/09/2020 03:48:29 +0800
417545,24/09/2020 10:05:07 -0700
283590,24/09/2020 09:24:06 -0700
283611,23/09/2020 08:57:11 -0700
283626,23/09/2020 01:08:58 -0700
283626,23/09/2020 00:51:14 -0700
283626,23/09/2020 00:50:12 -0700
283626,23/09/2020 00:49:12 -0700
283088,23/09/2020 16:48:40 +0900
283626,22/09/2020 21:21:13 -0700
282098,23/09/2020 04:17:17 +0300
417545,22/09/2020 17:16:09 -0700
283561,22/09/2020 17:11:25 -0700
283562,23/09/2020 00:10:56 +0000
283619,22/09/2020 13:11:17 -1000
282098,23/09/2020 01:34:56 +0300
283561,22/09/2020 11:11:03 -0700
283562,22/09/2020 18:10:35 +0000
282178,22/09/2020 06:21:20 +0000
283561,21/09/2020 23:11:05 -0700
283562,22/09/2020 06:10:37 +0000
282234,21/09/2020 18:11:46 -0700
283561,21/09/2020 17:11:18 -0700
283562,22/09/2020 00:10:49 +0000
282098,21/09/2020 23:22:15 +0300
282098,21/09/2020 21:20:01 +0300
283561,21/09/2020 11:11:16 -0700
283562,21/09/2020 18:10:43 +0000
283619,21/09/2020 07:09:29 -1000
283619,21/09/2020 07:07:29 -1000
282784,21/09/2020 16:33:37 +0100
283619,19/09/2020 06:12:39 -1000
283561,18/09/2020 17:11:17 -0700
283562,19/09/2020 00:10:42 +0000
282026,19/09/2020 05:26:20 +0800
282098,18/09/2020 23:06:56 +0300
282178,18/09/2020 06:20:48 +0000
283617,17/09/2020 14:25:28 -0400
417545,17/09/2020 10:42:47 -0700
282098,17/09/2020 12:15:48 +0300
282178,17/09/2020 06:20:29 +0000
412757,17/09/2020 13:41:02 +0800
283555,16/09/2020 17:44:56 -0700
283555,16/09/2020 17:24:31 -0700
283555,16/09/2020 16:46:50 -0700
283425,16/09/2020 13:31:13 -0700
283555,16/09/2020 11:06:55 -0700
282178,16/09/2020 06:20:25 +0000
283561,15/09/2020 17:11:33 -0700
283562,16/09/2020 00:11:01 +0000
283425,15/09/2020 13:28:55 -0700
283561,15/09/2020 11:11:11 -0700
283562,15/09/2020 18:10:42 +0000
282178,15/09/2020 06:20:25 +0000
283561,14/09/2020 23:11:13 -0700
283562,15/09/2020 06:10:46 +0000
283626,14/09/2020 19:56:24 -0700
283626,14/09/2020 19:55:36 -0700
283555,14/09/2020 19:12:33 -0700
283561,14/09/2020 17:11:41 -0700
283562,15/09/2020 00:11:11 +0000
417545,14/09/2020 15:23:47 -0700
283611,14/09/2020 13:12:51 -0700
282098,14/09/2020 22:24:32 +0300
283626,14/09/2020 12:20:57 -0700
283561,14/09/2020 11:11:22 -0700
283562,14/09/2020 18:10:53 +0000
283356,14/09/2020 09:32:22 -0700
283561,14/09/2020 05:11:12 -0700
283562,14/09/2020 12:10:34 +0000
282178,14/09/2020 06:20:45 +0000
283561,13/09/2020 23:11:11 -0700
283562,14/09/2020 06:10:37 +0000
283623,12/09/2020 23:19:02 -0700
283619,12/09/2020 16:33:33 -1000
282178,12/09/2020 06:20:06 +0000
414527,11/09/2020 18:12:31 -0700
283611,11/09/2020 18:05:47 -0700
283619,11/09/2020 14:48:35 -1000
283356,11/09/2020 17:18:23 -0700
282217,11/09/2020 20:16:43 -0400
282098,12/09/2020 00:48:24 +0300
283356,11/09/2020 14:43:10 -0700
417545,11/09/2020 12:58:40 -0700
411140,11/09/2020 15:36:00 -0400
411140,11/09/2020 15:10:55 -0400
283626,11/09/2020 10:44:52 -0700
417545,11/09/2020 09:31:22 -0700
282074,11/09/2020 10:34:01 -0500
282217,11/09/2020 10:34:44 -0400
282217,11/09/2020 09:27:27 -0400
411140,11/09/2020 08:12:07 -0400
282178,11/09/2020 06:20:23 +0000
283611,10/09/2020 13:17:40 -0700
283611,10/09/2020 13:07:58 -0700
414527,10/09/2020 13:01:47 -0700
411140,10/09/2020 14:59:46 -0400
283611,10/09/2020 11:23:48 -0700
283617,10/09/2020 14:13:40 -0400
283561,10/09/2020 11:10:57 -0700
283562,10/09/2020 18:10:32 +0000
283626,10/09/2020 10:39:41 -0700
283611,10/09/2020 08:28:38 -0700
283561,10/09/2020 05:11:07 -0700
283562,10/09/2020 12:10:26 +0000
282178,10/09/2020 06:20:09 +0000
283619,09/09/2020 17:23:22 -1000
282133,09/09/2020 18:26:35 -0400
412757,10/09/2020 01:45:09 +0800
282098,09/09/2020 18:23:53 +0300
282178,09/09/2020 06:20:34 +0000
282098,09/09/2020 00:18:53 +0300
282098,08/09/2020 23:44:38 +0300
282098,08/09/2020 21:49:45 +0300
411140,08/09/2020 14:43:48 -0400
282100,09/09/2020 03:32:52 +0900
283561,08/09/2020 11:11:49 -0700
283562,08/09/2020 18:11:20 +0000
283626,08/09/2020 10:29:15 -0700
283619,08/09/2020 07:14:16 -1000
282105,08/09/2020 11:53:03 -0400
282176,09/09/2020 01:47:52 +1000
283626,05/09/2020 02:48:45 -0700
282784,05/09/2020 10:35:38 +0100
283425,05/09/2020 02:30:42 -0700
283626,05/09/2020 02:23:12 -0700
283618,05/09/2020 00:59:53 +0300
417545,04/09/2020 13:09:52 -0700
283618,04/09/2020 22:15:16 +0300
412525,04/09/2020 09:22:42 -0700
282115,04/09/2020 12:01:59 -0400
283616,04/09/2020 17:52:34 +0200
283611,04/09/2020 08:17:15 -0700
283555,03/09/2020 17:21:53 -0700
417545,03/09/2020 14:00:06 -0700
283618,03/09/2020 23:32:03 +0300
283555,02/09/2020 20:05:50 -0700
283618,03/09/2020 03:00:43 +0300
283425,02/09/2020 14:35:00 -0700
283425,02/09/2020 14:31:51 -0700
414527,01/09/2020 16:46:07 -0700
417545,01/09/2020 15:21:03 -0700
283611,01/09/2020 10:16:08 -0700
283611,01/09/2020 09:10:36 -0700
283611,01/09/2020 08:20:56 -0700
283561,31/08/2020 23:12:15 -0700
283562,01/09/2020 06:11:11 +0000
417545,31/08/2020 14:17:09 -0700
282133,31/08/2020 14:16:52 -0400
417545,31/08/2020 10:54:53 -0700
282178,31/08/2020 06:12:41 +0000
283561,29/08/2020 11:12:13 -0700
283562,29/08/2020 18:11:10 +0000
283618,29/08/2020 11:01:06 +0300
282178,29/08/2020 06:12:57 +0000
414527,28/08/2020 15:51:52 -0700
283555,28/08/2020 09:12:09 -0700
283356,28/08/2020 09:09:55 -0700
282178,28/08/2020 06:22:43 +0000
283618,28/08/2020 02:29:05 +0300
283561,27/08/2020 11:11:58 -0700
283562,27/08/2020 18:11:06 +0000
417107,27/08/2020 13:58:12 -0400
283626,27/08/2020 00:44:18 -0700
282178,27/08/2020 06:18:27 +0000
283561,26/08/2020 23:11:59 -0700
283562,27/08/2020 06:11:07 +0000
283561,26/08/2020 17:12:27 -0700
283562,27/08/2020 00:11:33 +0000
283561,26/08/2020 11:12:02 -0700
283562,26/08/2020 18:11:08 +0000
282178,26/08/2020 06:19:26 +0000
283561,25/08/2020 17:12:48 -0700
283562,26/08/2020 00:11:49 +0000
282160,26/08/2020 06:04:23 +1200
414527,25/08/2020 10:28:28 -0700
414527,25/08/2020 10:16:58 -0700
283611,25/08/2020 09:23:43 -0700
283561,24/08/2020 23:12:15 -0700
283562,25/08/2020 06:11:11 +0000
283611,24/08/2020 12:37:25 -0700
282178,24/08/2020 06:22:15 +0000
282178,23/08/2020 06:17:43 +0000
283618,22/08/2020 23:26:13 +0300
414527,21/08/2020 17:39:03 -0700
414527,21/08/2020 17:06:00 -0700
283618,21/08/2020 20:42:48 +0300
283618,21/08/2020 19:47:37 +0300
282176,22/08/2020 02:15:29 +1000
283617,21/08/2020 05:26:49 -0400
282177,21/08/2020 02:49:22 -0500
282178,21/08/2020 06:17:39 +0000
414527,20/08/2020 18:39:24 -0700
414527,20/08/2020 18:16:28 -0700
414527,20/08/2020 18:04:38 -0700
414527,20/08/2020 17:50:23 -0700
283555,20/08/2020 13:38:14 -0700
283626,20/08/2020 12:01:26 -0700
283590,20/08/2020 12:38:34 -0400
282186,20/08/2020 20:23:24 +0530
414527,19/08/2020 18:01:29 -0700
414527,19/08/2020 17:57:22 -0700
414527,19/08/2020 17:16:24 -0700
414527,19/08/2020 16:50:23 -0700
282198,20/08/2020 01:05:32 +0200
283611,19/08/2020 12:59:22 -0700
283626,19/08/2020 12:08:17 -0700
283623,19/08/2020 11:46:52 -0700
282195,19/08/2020 01:05:38 -0500
283561,18/08/2020 21:11:37 -0700
283562,19/08/2020 04:10:48 +0000
282198,19/08/2020 03:09:05 +0200
283561,18/08/2020 15:11:59 -0700
283562,18/08/2020 22:11:06 +0000
414527,18/08/2020 13:54:58 -0700
283626,18/08/2020 13:28:33 -0700
283611,18/08/2020 13:06:17 -0700
417545,18/08/2020 11:06:44 -0700
283561,18/08/2020 09:11:35 -0700
283562,18/08/2020 16:10:44 +0000
283561,18/08/2020 03:11:43 -0700
283562,18/08/2020 10:10:53 +0000
283618,18/08/2020 11:04:49 +0300
283617,17/08/2020 20:24:41 -0400
283626,17/08/2020 15:30:19 -0700
283561,17/08/2020 15:12:25 -0700
283562,17/08/2020 22:11:16 +0000
283611,17/08/2020 14:00:37 -0700
283623,17/08/2020 11:45:39 -0700
283619,15/08/2020 18:22:30 -0700
283623,14/08/2020 17:54:10 -0700
282217,14/08/2020 16:23:25 -0400
282218,14/08/2020 14:13:19 -0400
283615,13/08/2020 17:08:20 -0700
282220,14/08/2020 07:14:12 +0800
283618,14/08/2020 00:03:17 +0300
283425,13/08/2020 13:17:05 -0700
283618,13/08/2020 06:46:40 +0300
283615,12/08/2020 20:45:59 -0700
283618,12/08/2020 10:11:25 +0300
283611,11/08/2020 15:46:49 -0700
412757,11/08/2020 08:37:11 +0800
412757,11/08/2020 07:56:45 +0800
283611,10/08/2020 16:45:55 -0700
282231,07/08/2020 19:16:03 -0500
283617,07/08/2020 15:29:58 -0400
283611,07/08/2020 10:07:55 -0700
283611,06/08/2020 14:14:21 -0700
282234,06/08/2020 13:33:29 -0700
283555,06/08/2020 13:27:19 -0700
417545,06/08/2020 11:04:21 -0700
414527,06/08/2020 11:02:51 -0700
283561,05/08/2020 15:12:12 -0700
283562,05/08/2020 22:11:17 +0000
283615,05/08/2020 12:19:15 -0700
417545,05/08/2020 10:09:45 -0700
283561,05/08/2020 09:11:30 -0700
283562,05/08/2020 16:10:40 +0000
283561,05/08/2020 03:11:38 -0700
283562,05/08/2020 10:10:46 +0000
283611,04/08/2020 16:09:50 -0700
283561,04/08/2020 15:12:00 -0700
283562,04/08/2020 22:11:06 +0000
283615,04/08/2020 13:33:27 -0700
283561,04/08/2020 09:11:33 -0700
283562,04/08/2020 16:10:42 +0000
283623,04/08/2020 00:14:24 -0700
283623,04/08/2020 00:05:24 -0700
283623,03/08/2020 23:38:55 -0700
283561,03/08/2020 21:11:30 -0700
283562,04/08/2020 04:10:42 +0000
283611,03/08/2020 16:55:17 -0700
283561,03/08/2020 15:12:03 -0700
283562,03/08/2020 22:11:07 +0000
283611,03/08/2020 14:56:55 -0700
283611,03/08/2020 09:25:23 -0700
283561,03/08/2020 09:11:33 -0700
283562,03/08/2020 16:10:45 +0000
282829,03/08/2020 04:44:41 +0000
283561,02/08/2020 21:11:41 -0700
283562,03/08/2020 04:10:44 +0000
283615,02/08/2020 18:18:26 -0700
417545,02/08/2020 17:47:49 -0700
283626,31/07/2020 18:25:37 -0700
283590,31/07/2020 18:06:29 -0400
283611,30/07/2020 14:58:22 -0700
283555,30/07/2020 15:27:34 -0400
417545,30/07/2020 11:37:04 -0700
283555,30/07/2020 11:13:58 -0700
411140,30/07/2020 13:56:14 -0400
282275,30/07/2020 13:45:29 -0400
282277,30/07/2020 20:51:50 +0800
283555,29/07/2020 18:41:05 -0700
283555,29/07/2020 18:13:27 -0700
283618,30/07/2020 03:25:13 +0300
283555,29/07/2020 16:37:11 -0700
283611,29/07/2020 14:11:59 -0700
283617,29/07/2020 15:32:52 -0400
283617,29/07/2020 11:41:58 -0400
283611,28/07/2020 13:49:42 -0700
417545,28/07/2020 12:53:56 -0700
414527,28/07/2020 10:35:22 -0700
417545,27/07/2020 16:55:59 -0700
417545,27/07/2020 15:14:47 -0700
414527,27/07/2020 14:54:14 -0700
414527,27/07/2020 14:29:19 -0700
414527,27/07/2020 14:11:24 -0700
283615,24/07/2020 16:37:28 -0700
283619,24/07/2020 15:00:53 -0700
283615,24/07/2020 13:33:25 -0700
283626,23/07/2020 15:43:48 -0700
283561,22/07/2020 15:11:58 -0700
283562,22/07/2020 22:10:54 +0000
417545,22/07/2020 13:53:30 -0700
283626,22/07/2020 11:59:16 -0700
417545,22/07/2020 10:31:42 -0700
282307,23/07/2020 00:30:21 +0800
282307,23/07/2020 00:26:17 +0800
282307,22/07/2020 23:28:29 +0800
283615,21/07/2020 15:02:10 -0700
283615,21/07/2020 14:24:15 -0700
282307,22/07/2020 01:51:27 +0800
282307,22/07/2020 00:40:25 +0800
283561,20/07/2020 21:11:42 -0700
283562,21/07/2020 04:10:47 +0000
283619,20/07/2020 20:35:47 -0700
283619,20/07/2020 10:36:46 -0700
283615,17/07/2020 16:25:32 -0700
283618,17/07/2020 23:30:57 +0300
411140,17/07/2020 15:15:49 -0400
283626,17/07/2020 07:02:05 -0700
283425,17/07/2020 06:43:50 -0700
283618,17/07/2020 03:05:33 +0300
411140,16/07/2020 18:39:49 -0400
283615,16/07/2020 14:31:24 -0700
283618,16/07/2020 23:56:30 +0300
283618,16/07/2020 20:58:16 +0300
283619,15/07/2020 17:46:48 -0700
283088,16/07/2020 06:43:56 +0900
283615,15/07/2020 14:31:55 -0700
283626,15/07/2020 11:19:43 -0700
412757,16/07/2020 00:22:12 +0800
412757,15/07/2020 23:47:25 +0800
417545,14/07/2020 18:56:50 -0700
283626,14/07/2020 17:25:45 -0700
283618,15/07/2020 01:43:18 +0300
417545,14/07/2020 15:05:10 -0700
282332,14/07/2020 11:52:55 -0700
283166,13/07/2020 19:33:33 -0700
411453,13/07/2020 17:48:50 -0700
417545,13/07/2020 17:21:16 -0700
282730,13/07/2020 16:58:19 -0700
283555,13/07/2020 11:37:25 -0700
283555,13/07/2020 11:13:35 -0700
283555,13/07/2020 10:38:30 -0700
282340,13/07/2020 10:17:44 -0700
417545,13/07/2020 10:05:48 -0700
282342,13/07/2020 22:43:53 +0800
283618,13/07/2020 07:21:07 +0300
282730,10/07/2020 17:44:02 -0700
283555,10/07/2020 16:54:02 -0700
283615,10/07/2020 13:39:09 -0700
283615,10/07/2020 12:56:35 -0700
283619,10/07/2020 10:18:15 -0700
411947,11/07/2020 00:10:26 +0800
283611,10/07/2020 08:42:25 -0700
282730,09/07/2020 22:15:02 -0700
282730,09/07/2020 21:55:36 -0700
282730,09/07/2020 21:34:34 -0700
282730,09/07/2020 18:35:54 -0700
282730,09/07/2020 15:55:51 -0700
283555,09/07/2020 14:57:20 -0700
283615,09/07/2020 13:45:43 -0700
283555,09/07/2020 13:13:48 -0700
282532,10/07/2020 03:21:12 +0800
283166,09/07/2020 11:17:18 -0700
283618,09/07/2020 21:08:44 +0300
417545,08/07/2020 15:25:04 -0700
283561,08/07/2020 15:12:05 -0700
283562,08/07/2020 22:11:10 +0000
283611,08/07/2020 13:55:18 -0700
283618,08/07/2020 23:38:15 +0300
283626,08/07/2020 13:32:15 -0700
283615,08/07/2020 13:31:21 -0700
283618,08/07/2020 23:25:28 +0300
283618,08/07/2020 22:36:42 +0300
283615,08/07/2020 11:02:07 -0700
283561,08/07/2020 09:11:31 -0700
283562,08/07/2020 16:10:43 +0000
283590,08/07/2020 09:04:47 -0700
283611,08/07/2020 08:44:17 -0700
283561,08/07/2020 03:11:29 -0700
283562,08/07/2020 10:10:42 +0000
283561,07/07/2020 21:11:43 -0700
283562,08/07/2020 04:10:45 +0000
283555,07/07/2020 17:36:59 -0700
283619,07/07/2020 16:35:37 -0700
283626,07/07/2020 16:28:09 -0700
417545,07/07/2020 16:17:07 -0700
283623,07/07/2020 16:11:14 -0700
283626,07/07/2020 15:29:52 -0700
283555,07/07/2020 15:14:00 -0700
283626,07/07/2020 14:30:58 -0700
283555,07/07/2020 13:59:21 -0700
283615,07/07/2020 13:58:53 -0700
283555,07/07/2020 13:53:46 -0700
283555,07/07/2020 13:11:55 -0700
417545,07/07/2020 13:11:23 -0700
283611,07/07/2020 10:37:52 -0700
283618,07/07/2020 19:54:03 +0300
283561,07/07/2020 09:11:30 -0700
283562,07/07/2020 16:10:44 +0000
411140,07/07/2020 11:34:10 -0400
283611,07/07/2020 08:30:42 -0700
283561,06/07/2020 21:11:37 -0700
283562,07/07/2020 04:10:42 +0000
283618,07/07/2020 03:00:35 +0300
412757,07/07/2020 06:01:05 +0800
283611,06/07/2020 14:00:12 -0700
411140,06/07/2020 16:02:56 -0400
283623,06/07/2020 12:13:49 -0700
283623,06/07/2020 11:59:30 -0700
411140,06/07/2020 12:27:52 -0400
411140,06/07/2020 12:24:33 -0400
283561,06/07/2020 09:11:30 -0700
283562,06/07/2020 16:10:37 +0000
282532,06/07/2020 20:49:50 +0800
283618,04/07/2020 09:05:47 +0300
283561,03/07/2020 21:11:34 -0700
283562,04/07/2020 04:10:46 +0000
283561,03/07/2020 15:12:02 -0700
283562,03/07/2020 22:11:08 +0000
283619,03/07/2020 09:51:01 -0700
283561,03/07/2020 09:11:25 -0700
283562,03/07/2020 16:10:37 +0000
283561,03/07/2020 03:11:25 -0700
283562,03/07/2020 10:10:39 +0000
282422,02/07/2020 15:19:37 -0600
283611,02/07/2020 14:09:59 -0700
283555,02/07/2020 11:39:27 -0700
283555,02/07/2020 10:28:54 -0700
283561,02/07/2020 03:11:36 -0700
283562,02/07/2020 10:10:42 +0000
283618,02/07/2020 11:40:17 +0300
283555,01/07/2020 17:00:26 -0700
414527,01/07/2020 13:55:52 -0700
414527,01/07/2020 13:55:35 -0700
283561,01/07/2020 09:11:50 -0700
283562,01/07/2020 16:10:50 +0000
411140,01/07/2020 11:18:15 -0400
283611,30/06/2020 15:53:13 -0700
283611,30/06/2020 15:16:45 -0700
417545,30/06/2020 14:25:27 -0700
283626,30/06/2020 13:37:59 -0700
283618,30/06/2020 21:44:47 +0300
283623,30/06/2020 01:58:51 -0700
283623,30/06/2020 01:56:26 -0700
283623,29/06/2020 23:33:04 -0700
283619,29/06/2020 17:38:41 -0700
414527,29/06/2020 15:46:41 -0700
414527,29/06/2020 15:45:33 -0700
283619,29/06/2020 15:25:00 -0700
283619,29/06/2020 15:24:32 -0700
283623,29/06/2020 14:09:52 -0700
283626,29/06/2020 12:30:23 -0700
283618,29/06/2020 20:10:44 +0300
417545,29/06/2020 10:08:17 -0700
283561,29/06/2020 09:11:23 -0700
283562,29/06/2020 16:10:37 +0000
283561,28/06/2020 09:11:39 -0700
283562,28/06/2020 16:10:45 +0000
283618,28/06/2020 11:36:59 +0300
283618,28/06/2020 10:51:11 +0300
283561,26/06/2020 15:12:09 -0700
283562,26/06/2020 22:11:14 +0000
417545,26/06/2020 14:48:19 -0700
282532,27/06/2020 02:08:35 +0800
283555,26/06/2020 10:12:47 -0700
283618,26/06/2020 19:38:05 +0300
283618,26/06/2020 19:35:27 +0300
283561,26/06/2020 09:11:31 -0700
283562,26/06/2020 16:10:42 +0000
283561,25/06/2020 21:11:26 -0700
283562,26/06/2020 04:10:37 +0000
412757,26/06/2020 08:38:05 +0800
283555,25/06/2020 16:03:25 -0700
283555,25/06/2020 14:38:43 -0700
283619,25/06/2020 13:49:20 -0700
283619,25/06/2020 10:22:48 -0700
283561,25/06/2020 09:11:33 -0700
283562,25/06/2020 16:10:42 +0000
283555,24/06/2020 16:43:03 -0700
283626,24/06/2020 14:24:34 -0700
283626,24/06/2020 13:45:17 -0700
283561,24/06/2020 09:11:35 -0700
283562,24/06/2020 16:10:43 +0000
283626,23/06/2020 17:56:44 -0700
283590,23/06/2020 17:47:46 -0700
283555,23/06/2020 17:32:58 -0700
283555,23/06/2020 15:19:30 -0700
283590,23/06/2020 14:26:30 -0700
283561,22/06/2020 21:11:29 -0700
283562,23/06/2020 04:10:38 +0000
283619,22/06/2020 18:35:43 -0700
283623,22/06/2020 18:32:24 -0700
283623,22/06/2020 18:18:57 -0700
283623,22/06/2020 18:18:38 -0700
283623,22/06/2020 18:18:06 -0700
283623,22/06/2020 18:17:31 -0700
283623,22/06/2020 18:17:06 -0700
283623,22/06/2020 18:16:33 -0700
283623,22/06/2020 18:15:50 -0700
413187,23/06/2020 08:06:46 +0800
417545,22/06/2020 16:34:27 -0700
283611,22/06/2020 15:11:30 -0700
282532,23/06/2020 05:55:04 +0800
283590,22/06/2020 10:12:25 -0700
283561,22/06/2020 09:11:36 -0700
283562,22/06/2020 16:10:43 +0000
283611,22/06/2020 08:46:14 -0700
409445,22/06/2020 08:16:47 -0700
283212,21/06/2020 02:27:51 +0100
413187,20/06/2020 15:58:25 +0800
283555,19/06/2020 22:18:55 -0700
283555,18/06/2020 23:43:18 -0700
413187,19/06/2020 11:37:06 +0800
413187,19/06/2020 11:35:35 +0800
413187,19/06/2020 11:28:06 +0800
413187,19/06/2020 10:49:49 +0800
412757,19/06/2020 08:41:26 +0800
282526,19/06/2020 02:44:57 +0300
282527,18/06/2020 15:03:11 -0700
283009,18/06/2020 13:58:42 -0700
283615,18/06/2020 11:05:37 -0700
283561,18/06/2020 09:11:27 -0700
283562,18/06/2020 16:10:41 +0000
282532,18/06/2020 23:31:30 +0800
283562,18/06/2020 10:10:51 +0000
282534,18/06/2020 00:22:32 -0700
283562,18/06/2020 04:10:43 +0000
413958,18/06/2020 10:33:17 +0800
283562,17/06/2020 22:10:58 +0000
283611,17/06/2020 14:06:39 -0700
283574,17/06/2020 17:00:46 -0400
282540,17/06/2020 23:02:30 +0300
283615,17/06/2020 11:20:02 -0700
283562,17/06/2020 16:10:38 +0000
413958,17/06/2020 22:41:08 +0800
413958,17/06/2020 20:50:19 +0800
283562,17/06/2020 10:10:44 +0000
283562,17/06/2020 04:10:35 +0000
283555,16/06/2020 16:55:03 -0700
283615,16/06/2020 16:39:48 -0700
417545,16/06/2020 16:06:13 -0700
283562,16/06/2020 22:11:05 +0000
412757,17/06/2020 04:44:01 +0800
283615,16/06/2020 13:39:20 -0700
283611,16/06/2020 11:19:25 -0700
283611,16/06/2020 10:49:51 -0700
283611,16/06/2020 10:49:23 -0700
283356,16/06/2020 10:26:28 -0700
283611,16/06/2020 10:24:53 -0700
283611,16/06/2020 10:08:07 -0700
283611,16/06/2020 10:05:16 -0700
283617,15/06/2020 23:13:16 -0400
283626,15/06/2020 15:17:08 -0700
283617,15/06/2020 14:59:46 -0400
283626,15/06/2020 11:46:10 -0700
283611,15/06/2020 11:00:11 -0700
282829,15/06/2020 04:43:10 +0000
417545,12/06/2020 17:48:19 -0700
283611,12/06/2020 15:35:31 -0700
283615,12/06/2020 14:21:51 -0700
283617,12/06/2020 16:57:27 -0400
283611,12/06/2020 13:55:40 -0700
282573,12/06/2020 16:39:34 -0400
283555,11/06/2020 18:04:21 -0700
283611,11/06/2020 17:08:07 -0700
283611,11/06/2020 16:46:18 -0700
283611,11/06/2020 16:34:32 -0700
283611,11/06/2020 16:05:21 -0700
283611,11/06/2020 10:07:59 -0700
283611,11/06/2020 09:08:51 -0700
283626,10/06/2020 14:42:49 -0700
283425,10/06/2020 14:26:22 -0700
283626,10/06/2020 12:42:38 -0700
417545,10/06/2020 11:56:03 -0700
417545,10/06/2020 10:53:02 -0700
282587,10/06/2020 11:27:16 -0400
417545,09/06/2020 16:52:22 -0700
283623,09/06/2020 14:44:08 -0700
283626,09/06/2020 13:40:17 -0700
283615,09/06/2020 12:00:37 -0700
283615,09/06/2020 11:52:39 -0700
283611,09/06/2020 08:50:56 -0700
282594,09/06/2020 23:10:18 +0800
283617,06/06/2020 00:18:20 -0400
283561,05/06/2020 15:11:37 -0700
283562,05/06/2020 22:10:52 +0000
283615,05/06/2020 13:43:34 -0700
283561,05/06/2020 09:11:24 -0700
283562,05/06/2020 16:10:39 +0000
283561,04/06/2020 21:11:28 -0700
283562,05/06/2020 04:10:43 +0000
283561,04/06/2020 15:11:33 -0700
283562,04/06/2020 22:10:50 +0000
283617,04/06/2020 16:06:41 -0400
283561,04/06/2020 09:11:45 -0700
283562,04/06/2020 16:10:54 +0000
283617,04/06/2020 02:00:28 -0400
283561,03/06/2020 21:11:35 -0700
283562,04/06/2020 04:10:42 +0000
283166,03/06/2020 11:18:08 -0700
283611,03/06/2020 10:05:59 -0700
282829,03/06/2020 04:38:50 +0000
283561,02/06/2020 21:11:25 -0700
283562,03/06/2020 04:10:42 +0000
282682,02/06/2020 19:06:12 -0700
283166,02/06/2020 12:47:17 -0700
283615,02/06/2020 12:38:40 -0700
283615,02/06/2020 11:49:21 -0700
283561,02/06/2020 09:11:22 -0700
283562,02/06/2020 16:10:34 +0000
283618,02/06/2020 11:23:56 +0300
283166,01/06/2020 15:26:45 -0700
283561,01/06/2020 15:11:23 -0700
283562,01/06/2020 22:10:41 +0000
283626,01/06/2020 14:52:24 -0700
282682,01/06/2020 14:15:02 -0700
283166,01/06/2020 13:53:19 -0700
413187,02/06/2020 03:22:44 +0800
283618,01/06/2020 21:45:05 +0300
283618,01/06/2020 20:30:52 +0300
283618,01/06/2020 20:27:11 +0300
283561,01/06/2020 09:11:24 -0700
283562,01/06/2020 16:10:38 +0000
283617,01/06/2020 11:58:44 -0400
283617,01/06/2020 11:53:38 -0400
283561,01/06/2020 03:11:42 -0700
283562,01/06/2020 10:10:57 +0000
283561,31/05/2020 21:11:36 -0700
283562,01/06/2020 04:10:40 +0000
283561,30/05/2020 21:11:23 -0700
283562,31/05/2020 04:10:39 +0000
283561,30/05/2020 03:11:48 -0700
283562,30/05/2020 10:10:59 +0000
283561,29/05/2020 21:11:22 -0700
283562,30/05/2020 04:10:38 +0000
283561,29/05/2020 15:11:40 -0700
283562,29/05/2020 22:10:46 +0000
282682,29/05/2020 14:04:07 -0700
282682,29/05/2020 11:57:19 -0700
282682,29/05/2020 11:16:47 -0700
282682,29/05/2020 11:11:33 -0700
282682,29/05/2020 11:11:09 -0700
282682,29/05/2020 11:10:44 -0700
282682,29/05/2020 11:10:12 -0700
282682,29/05/2020 11:09:10 -0700
282682,29/05/2020 10:37:49 -0700
282682,29/05/2020 10:19:55 -0700
283623,28/05/2020 17:20:21 -0700
283623,28/05/2020 17:19:23 -0700
282848,28/05/2020 18:52:45 +0000
283561,28/05/2020 09:11:41 -0700
283562,28/05/2020 16:10:42 +0000
283623,27/05/2020 12:27:30 -0700
282688,27/05/2020 20:51:44 +0200
282690,27/05/2020 20:47:02 +0200
282690,27/05/2020 20:33:27 +0200
283561,26/05/2020 21:11:32 -0700
283562,27/05/2020 04:10:38 +0000
282682,26/05/2020 21:07:33 -0700
282730,26/05/2020 19:26:28 -0700
282682,26/05/2020 18:36:29 -0700
282682,26/05/2020 18:00:38 -0700
282682,26/05/2020 17:51:00 -0700
282682,26/05/2020 17:41:23 -0700
282730,26/05/2020 17:34:38 -0700
283617,26/05/2020 19:54:11 -0400
282848,26/05/2020 22:50:13 +0000
282848,26/05/2020 22:49:10 +0000
283561,26/05/2020 15:11:26 -0700
283562,26/05/2020 22:10:44 +0000
283623,26/05/2020 13:18:14 -0700
282682,26/05/2020 13:12:02 -0700
282682,26/05/2020 13:11:38 -0700
282682,26/05/2020 12:56:36 -0700
282682,26/05/2020 12:41:20 -0700
283618,26/05/2020 21:53:18 +0300
282682,26/05/2020 10:37:34 -0700
283611,26/05/2020 10:37:07 -0700
282700,26/05/2020 23:04:44 +0530
283561,26/05/2020 09:11:24 -0700
283562,26/05/2020 16:10:41 +0000
283611,26/05/2020 09:05:17 -0700
283618,26/05/2020 18:56:53 +0300
283561,26/05/2020 03:11:16 -0700
283562,26/05/2020 10:10:35 +0000
283561,25/05/2020 21:11:22 -0700
283562,26/05/2020 04:10:40 +0000
283561,25/05/2020 15:11:29 -0700
283562,25/05/2020 22:10:47 +0000
283619,25/05/2020 09:55:41 -0700
283561,25/05/2020 09:11:19 -0700
283562,25/05/2020 16:10:37 +0000
283561,25/05/2020 03:11:24 -0700
283562,25/05/2020 10:10:42 +0000
282730,22/05/2020 21:50:34 -0700
283561,22/05/2020 21:11:21 -0700
283562,23/05/2020 04:10:37 +0000
282730,22/05/2020 18:22:28 -0700
283611,22/05/2020 09:06:05 -0700
283611,22/05/2020 07:41:28 -0700
283618,22/05/2020 15:11:39 +0300
282848,22/05/2020 01:49:26 +0000
282848,22/05/2020 01:02:37 +0000
282848,22/05/2020 01:02:27 +0000
282848,22/05/2020 00:40:43 +0000
282848,22/05/2020 00:40:28 +0000
282848,22/05/2020 00:09:52 +0000
283611,21/05/2020 16:45:05 -0700
283611,21/05/2020 16:23:04 -0700
282682,21/05/2020 16:08:19 -0700
283611,21/05/2020 16:08:09 -0700
283626,21/05/2020 14:44:23 -0700
283623,21/05/2020 13:44:44 -0700
283425,21/05/2020 11:45:23 -0700
283611,21/05/2020 09:26:42 -0700
283611,21/05/2020 09:20:56 -0700
283611,21/05/2020 08:21:16 -0700
283618,21/05/2020 18:07:47 +0300
283618,21/05/2020 16:33:35 +0300
413958,21/05/2020 10:53:24 +0800
413958,21/05/2020 10:23:00 +0800
413958,21/05/2020 10:19:36 +0800
283611,20/05/2020 17:17:12 -0700
283611,20/05/2020 16:53:17 -0700
283611,20/05/2020 16:46:34 -0700
283611,20/05/2020 14:52:09 -0700
283611,20/05/2020 14:43:08 -0700
283618,20/05/2020 23:52:52 +0300
283611,20/05/2020 13:22:21 -0700
283617,20/05/2020 15:47:42 -0400
283611,20/05/2020 11:55:01 -0700
283619,20/05/2020 10:56:14 -0700
283611,20/05/2020 10:29:39 -0700
283618,20/05/2020 20:13:50 +0300
283618,20/05/2020 19:42:55 +0300
283618,20/05/2020 19:32:51 +0300
282767,20/05/2020 18:06:28 +0300
283618,20/05/2020 11:04:55 +0300
413958,20/05/2020 10:18:20 +0800
283626,19/05/2020 15:54:02 -0700
283561,19/05/2020 15:12:05 -0700
283562,19/05/2020 22:11:18 +0000
282775,20/05/2020 05:29:49 +0800
283623,19/05/2020 14:24:25 -0700
283611,19/05/2020 14:18:42 -0700
283611,19/05/2020 14:07:25 -0700
283619,19/05/2020 13:42:30 -0700
283611,19/05/2020 13:20:25 -0700
283611,19/05/2020 13:18:03 -0700
417545,19/05/2020 13:14:32 -0700
282784,19/05/2020 12:11:29 +0100
282784,19/05/2020 12:06:09 +0100
283561,18/05/2020 21:11:16 -0700
283562,19/05/2020 04:10:35 +0000
283561,18/05/2020 15:11:15 -0700
283562,18/05/2020 22:10:33 +0000
283561,18/05/2020 09:11:35 -0700
283562,18/05/2020 16:10:40 +0000
283618,18/05/2020 15:22:03 +0300
283561,18/05/2020 03:11:09 -0700
283562,18/05/2020 10:10:25 +0000
283619,16/05/2020 19:58:17 -0700
283561,16/05/2020 15:11:35 -0700
283562,16/05/2020 22:10:40 +0000
283618,16/05/2020 11:56:07 +0300
413958,16/05/2020 08:16:45 +0800
413958,16/05/2020 08:13:12 +0800
283166,15/05/2020 14:25:11 -0700
283555,15/05/2020 14:00:59 -0700
413958,15/05/2020 14:04:30 +0800
413958,15/05/2020 11:33:54 +0800
283617,14/05/2020 23:19:52 -0400
282682,14/05/2020 14:49:35 -0700
283626,14/05/2020 14:36:38 -0700
283623,14/05/2020 12:30:59 -0700
282682,14/05/2020 11:53:43 -0700
282682,14/05/2020 11:31:50 -0700
282824,14/05/2020 19:40:41 +0200
283619,13/05/2020 20:57:17 -0700
282682,13/05/2020 16:53:31 -0700
283617,13/05/2020 19:14:46 -0400
283618,13/05/2020 23:28:32 +0300
412757,13/05/2020 19:44:49 +0800
283611,12/05/2020 14:10:29 -0700
282829,12/05/2020 20:21:01 +0000
283623,12/05/2020 12:52:15 -0700
283623,12/05/2020 10:59:03 -0700
283615,12/05/2020 10:16:59 -0700
283611,12/05/2020 07:35:03 -0700
283611,12/05/2020 07:27:09 -0700
283618,12/05/2020 17:26:31 +0300
282836,12/05/2020 13:27:01 +0200
283618,12/05/2020 12:30:46 +0300
282838,12/05/2020 16:55:36 +0800
283561,11/05/2020 21:11:26 -0700
283562,12/05/2020 04:10:41 +0000
283623,11/05/2020 17:09:28 -0700
282848,11/05/2020 22:15:05 +0000
282848,11/05/2020 22:14:45 +0000
283561,11/05/2020 15:11:55 -0700
283562,11/05/2020 22:10:44 +0000
283555,11/05/2020 15:07:43 -0700
282848,11/05/2020 21:39:47 +0000
282848,11/05/2020 21:36:43 +0000
283611,11/05/2020 13:40:54 -0700
282850,12/05/2020 05:02:20 +0900
282851,12/05/2020 03:47:49 +0800
283618,11/05/2020 22:25:25 +0300
283618,11/05/2020 21:44:48 +0300
283590,11/05/2020 11:05:15 -0700
283590,11/05/2020 09:00:10 -0700
282855,09/05/2020 04:53:14 +0200
283626,08/05/2020 10:46:28 -0700
282857,08/05/2020 12:26:50 -0400
283561,08/05/2020 09:15:52 -0700
283562,08/05/2020 16:13:19 +0000
282860,08/05/2020 16:31:59 +0200
413958,08/05/2020 17:34:41 +0800
283561,07/05/2020 21:11:59 -0700
283562,08/05/2020 04:10:54 +0000
283561,07/05/2020 15:11:59 -0700
283562,07/05/2020 22:11:10 +0000
283619,07/05/2020 15:03:51 -0700
283619,07/05/2020 14:05:57 -0700
283590,07/05/2020 13:05:02 -0700
283561,07/05/2020 09:11:27 -0700
283562,07/05/2020 16:10:38 +0000
413187,07/05/2020 11:18:13 +0800
413187,07/05/2020 10:41:52 +0800
413187,07/05/2020 10:13:14 +0800
282682,06/05/2020 15:21:09 -0700
283212,06/05/2020 23:15:24 +0100
283561,06/05/2020 15:11:42 -0700
283562,06/05/2020 22:10:57 +0000
282682,06/05/2020 15:10:18 -0700
283618,07/05/2020 01:10:02 +0300
412757,07/05/2020 06:06:12 +0800
412757,07/05/2020 06:05:31 +0800
282682,06/05/2020 14:59:21 -0700
283611,06/05/2020 14:42:05 -0700
283617,06/05/2020 17:23:03 -0400
417107,06/05/2020 16:09:29 -0400
283555,06/05/2020 12:04:28 -0700
283618,06/05/2020 21:41:50 +0300
282882,06/05/2020 21:38:49 +0300
413187,06/05/2020 23:41:12 +0800
413187,06/05/2020 22:52:06 +0800
413187,06/05/2020 22:45:50 +0800
413187,06/05/2020 22:33:05 +0800
413187,06/05/2020 21:47:22 +0800
413958,06/05/2020 20:50:41 +0800
283561,05/05/2020 21:11:30 -0700
283562,06/05/2020 04:10:41 +0000
413958,06/05/2020 11:12:33 +0800
283619,05/05/2020 20:06:07 -0700
282682,05/05/2020 14:32:47 -0700
283618,05/05/2020 20:29:17 +0300
283618,05/05/2020 19:48:33 +0300
283618,05/05/2020 19:29:24 +0300
400680,05/05/2020 09:05:02 -0700
283623,04/05/2020 19:32:27 -0700
283619,04/05/2020 15:28:00 -0700
283626,04/05/2020 14:47:39 -0700
283615,04/05/2020 13:02:54 -0700
283619,04/05/2020 12:46:14 -0700
283618,04/05/2020 22:37:04 +0300
283626,02/05/2020 01:43:59 -0700
283617,01/05/2020 19:23:29 -0400
283617,01/05/2020 17:23:31 -0400
283561,30/04/2020 15:11:27 -0700
283562,30/04/2020 22:10:46 +0000
417545,30/04/2020 12:21:02 -0700
413187,01/05/2020 02:06:46 +0800
283561,30/04/2020 09:11:29 -0700
283562,30/04/2020 16:10:36 +0000
283009,29/04/2020 23:04:24 -0700
283009,29/04/2020 23:00:16 -0700
283009,29/04/2020 22:58:18 -0700
283561,29/04/2020 15:11:45 -0700
283562,29/04/2020 22:10:59 +0000
282682,29/04/2020 12:19:15 -0700
283561,29/04/2020 09:11:42 -0700
283562,29/04/2020 16:10:44 +0000
283574,29/04/2020 10:35:33 -0400
283619,28/04/2020 17:02:52 -0700
283619,28/04/2020 16:59:03 -0700
283619,28/04/2020 16:56:35 -0700
282682,28/04/2020 13:13:50 -0700
283619,28/04/2020 12:52:14 -0700
282682,28/04/2020 12:24:07 -0700
414527,28/04/2020 11:12:38 -0700
283611,28/04/2020 10:42:24 -0700
283618,28/04/2020 17:15:25 +0300
283618,28/04/2020 10:44:36 +0300
417107,27/04/2020 19:59:41 -0400
414527,27/04/2020 16:18:39 -0700
283623,27/04/2020 14:09:58 -0700
283623,27/04/2020 13:23:45 -0700
283623,27/04/2020 12:31:25 -0700
283561,24/04/2020 21:12:18 -0700
283562,25/04/2020 04:11:05 +0000
283626,24/04/2020 18:33:30 -0700
283623,24/04/2020 16:05:18 -0700
283356,24/04/2020 16:04:33 -0700
283561,24/04/2020 15:11:42 -0700
283562,24/04/2020 22:10:50 +0000
283555,24/04/2020 14:59:41 -0700
283623,24/04/2020 14:30:28 -0700
283618,24/04/2020 23:50:34 +0300
417545,24/04/2020 13:49:48 -0700
283626,24/04/2020 13:10:34 -0700
417545,24/04/2020 13:02:17 -0700
283555,24/04/2020 12:10:29 -0700
417545,24/04/2020 09:52:18 -0700
283555,23/04/2020 20:45:39 -0700
283626,23/04/2020 19:01:16 -0700
283623,23/04/2020 12:54:49 -0700
417545,23/04/2020 11:59:38 -0700
283561,22/04/2020 21:11:18 -0700
283562,23/04/2020 04:10:34 +0000
283590,22/04/2020 16:58:14 -0700
283611,22/04/2020 15:45:15 -0700
417107,22/04/2020 14:28:11 -0400
282682,22/04/2020 11:01:37 -0700
283611,22/04/2020 09:56:32 -0700
417107,22/04/2020 12:48:23 -0400
283618,22/04/2020 19:07:36 +0300
283618,22/04/2020 18:51:36 +0300
412757,22/04/2020 18:12:01 +0800
283561,21/04/2020 21:11:18 -0700
283562,22/04/2020 04:10:37 +0000
283590,21/04/2020 16:30:09 -0700
417545,21/04/2020 15:34:30 -0700
283611,21/04/2020 15:20:36 -0700
283561,21/04/2020 15:11:20 -0700
283562,21/04/2020 22:10:39 +0000
283626,21/04/2020 13:29:45 -0700
283626,21/04/2020 13:13:50 -0700
283611,21/04/2020 12:58:37 -0700
283618,21/04/2020 21:02:56 +0300
283611,21/04/2020 08:09:25 -0700
283618,21/04/2020 12:57:26 +0300
283561,20/04/2020 21:11:11 -0700
283562,21/04/2020 04:10:31 +0000
417107,20/04/2020 23:32:34 -0400
283615,20/04/2020 12:58:38 -0700
282972,21/04/2020 07:14:26 +1200
283617,20/04/2020 14:17:03 -0400
417545,20/04/2020 10:15:12 -0800
283619,20/04/2020 11:04:24 -0700
283561,20/04/2020 09:11:02 -0700
283562,20/04/2020 16:10:20 +0000
417107,19/04/2020 22:09:53 -0400
417107,19/04/2020 21:50:17 -0400
417107,19/04/2020 21:34:05 -0400
417107,19/04/2020 20:25:24 -0400
417107,19/04/2020 17:18:02 -0400
417107,19/04/2020 13:26:38 -0400
283009,18/04/2020 21:23:31 -0700
282985,17/04/2020 23:18:05 +0300
283626,15/04/2020 21:11:05 -0700
283590,15/04/2020 13:55:30 -0700
282682,15/04/2020 13:49:50 -0700
283626,15/04/2020 13:37:51 -0700
283618,15/04/2020 21:42:29 +0300
283611,15/04/2020 11:40:33 -0700
282992,15/04/2020 11:06:04 -0700
282993,16/04/2020 02:50:33 +0900
283619,15/04/2020 10:34:07 -0700
283561,14/04/2020 21:11:08 -0700
283562,15/04/2020 04:10:28 +0000
283561,14/04/2020 15:11:21 -0700
283562,14/04/2020 22:10:38 +0000
282682,14/04/2020 13:17:19 -0700
282999,14/04/2020 20:20:19 +0100
283626,13/04/2020 15:54:37 -0700
283626,13/04/2020 15:34:34 -0700
283590,13/04/2020 15:08:41 -0700
283626,13/04/2020 13:10:24 -0700
283004,13/04/2020 21:32:01 +0200
283626,13/04/2020 12:31:14 -0700
283618,13/04/2020 20:23:12 +0300
283611,13/04/2020 08:30:59 -0700
283618,12/04/2020 11:45:09 +0300
283009,11/04/2020 15:52:03 -0700
413187,11/04/2020 22:35:26 +0800
283611,10/04/2020 16:41:31 -0700
283611,10/04/2020 09:55:36 -0700
283618,10/04/2020 19:53:53 +0300
283618,10/04/2020 19:36:26 +0300
283611,10/04/2020 09:06:43 -0700
283015,10/04/2020 17:46:08 +0200
283618,10/04/2020 14:19:39 +0300
413958,10/04/2020 14:19:59 +0800
283619,09/04/2020 19:23:36 -0700
283619,09/04/2020 19:05:35 -0700
283611,09/04/2020 17:00:37 -0700
283611,09/04/2020 16:43:31 -0700
283425,09/04/2020 16:16:06 -0700
283574,09/04/2020 19:15:25 -0400
283611,09/04/2020 15:06:45 -0700
417545,09/04/2020 13:00:21 -0800
283555,09/04/2020 13:17:46 -0700
283611,09/04/2020 11:24:54 -0700
283026,09/04/2020 19:31:41 +0200
417545,09/04/2020 09:20:02 -0800
417545,09/04/2020 08:42:16 -0800
417545,09/04/2020 08:40:28 -0800
283611,09/04/2020 08:27:08 -0700
283626,09/04/2020 02:55:39 -0700
283611,08/04/2020 15:38:40 -0700
283555,08/04/2020 15:26:56 -0700
283561,08/04/2020 15:11:25 -0700
283562,08/04/2020 22:10:41 +0000
283626,08/04/2020 13:32:17 -0700
283555,08/04/2020 12:06:40 -0700
283038,08/04/2020 23:17:22 +0800
413958,08/04/2020 12:09:56 +0800
283618,08/04/2020 02:59:54 +0300
283574,07/04/2020 15:00:44 -0400
417545,07/04/2020 09:55:56 -0800
283044,07/04/2020 16:16:20 +0000
283611,07/04/2020 08:04:33 -0700
283619,06/04/2020 13:36:20 -0700
283619,06/04/2020 11:55:39 -0700
283009,05/04/2020 15:17:14 -0700
413958,04/04/2020 22:19:57 +0800
413958,04/04/2020 22:05:24 +0800
283611,03/04/2020 20:06:05 -0700
283574,03/04/2020 17:23:02 -0400
283626,03/04/2020 14:14:13 -0700
283611,03/04/2020 10:29:22 -0700
283561,03/04/2020 03:11:13 -0700
283562,03/04/2020 10:10:33 +0000
283626,02/04/2020 23:54:24 -0700
283619,02/04/2020 18:00:59 -0700
417545,02/04/2020 14:12:19 -0800
283611,02/04/2020 15:04:45 -0700
283618,02/04/2020 20:38:31 +0300
412757,03/04/2020 01:06:14 +0800
283060,03/04/2020 00:57:48 +0800
417545,02/04/2020 08:06:19 -0800
283618,02/04/2020 18:30:05 +0300
413958,02/04/2020 16:29:04 +0800
413958,02/04/2020 16:20:50 +0800
413958,02/04/2020 15:33:39 +0800
283626,01/04/2020 19:50:21 -0700
412757,02/04/2020 10:29:28 +0800
412757,02/04/2020 08:58:16 +0800
283626,01/04/2020 16:36:28 -0700
283618,02/04/2020 02:27:33 +0300
283067,02/04/2020 00:25:16 +0100
283626,01/04/2020 15:39:12 -0700
283618,02/04/2020 01:38:10 +0300
283611,01/04/2020 15:05:49 -0700
283611,01/04/2020 14:40:01 -0700
413958,02/04/2020 03:01:19 +0800
283615,01/04/2020 11:13:21 -0700
283425,01/04/2020 10:53:46 -0700
413958,01/04/2020 23:39:38 +0800
413958,01/04/2020 16:28:48 +0800
413958,01/04/2020 11:43:18 +0800
413958,01/04/2020 11:37:58 +0800
413958,01/04/2020 11:08:26 +0800
283074,01/04/2020 00:32:15 +0200
283611,31/03/2020 14:59:47 -0700
283076,31/03/2020 14:02:10 -0700
283077,01/04/2020 05:37:08 +0900
417545,31/03/2020 11:40:57 -0800
283555,31/03/2020 11:54:02 -0700
283166,31/03/2020 10:18:06 -0700
283619,30/03/2020 19:31:16 -0700
283590,30/03/2020 16:20:51 -0700
283611,30/03/2020 15:12:16 -0700
283625,31/03/2020 00:45:32 +0300
283212,30/03/2020 22:16:07 +0100
283626,30/03/2020 14:15:51 -0700
283087,30/03/2020 23:14:00 +0200
283088,31/03/2020 05:04:33 +0900
283212,30/03/2020 20:49:53 +0100
283618,30/03/2020 21:52:09 +0300
283618,30/03/2020 21:18:18 +0300
283618,28/03/2020 21:16:50 +0200
283093,27/03/2020 14:48:45 -0700
283618,27/03/2020 23:33:01 +0200
283617,27/03/2020 15:54:34 -0400
283617,27/03/2020 15:19:43 -0400
283615,27/03/2020 12:00:34 -0700
417545,27/03/2020 09:47:02 -0800
283097,27/03/2020 05:55:56 +0900
283574,26/03/2020 11:37:37 -0400
283615,25/03/2020 21:29:02 -0700
283555,25/03/2020 19:18:36 -0700
283555,25/03/2020 18:39:45 -0700
283615,25/03/2020 16:27:02 -0700
283615,25/03/2020 16:26:10 -0700
283615,25/03/2020 15:51:07 -0700
283555,25/03/2020 15:28:13 -0700
417545,25/03/2020 14:27:47 -0800
283626,25/03/2020 15:16:54 -0700
283615,25/03/2020 14:57:46 -0700
414527,25/03/2020 14:48:54 -0700
283110,26/03/2020 03:37:46 +0800
283615,25/03/2020 10:14:31 -0700
283611,24/03/2020 17:56:27 -0700
417545,24/03/2020 08:56:47 -0800
283615,24/03/2020 09:53:27 -0700
283561,24/03/2020 09:11:09 -0700
283562,24/03/2020 16:10:28 +0000
283615,23/03/2020 17:20:35 -0700
413187,24/03/2020 05:08:44 +0800
283615,23/03/2020 10:11:01 -0700
283561,22/03/2020 09:11:05 -0700
283562,22/03/2020 16:10:26 +0000
283574,20/03/2020 20:17:27 -0400
283619,20/03/2020 17:09:24 -0700
283555,20/03/2020 16:09:01 -0700
283590,20/03/2020 10:28:12 -0700
283615,20/03/2020 10:16:41 -0700
283615,19/03/2020 16:53:44 -0700
283617,19/03/2020 19:02:39 -0400
417545,19/03/2020 13:13:15 -0800
283619,19/03/2020 14:05:33 -0700
283615,19/03/2020 14:03:21 -0700
283626,19/03/2020 12:03:50 -0700
283133,19/03/2020 21:40:43 +0300
283626,19/03/2020 10:45:00 -0700
417545,19/03/2020 08:46:00 -0800
283626,18/03/2020 21:16:55 -0700
283618,19/03/2020 02:03:07 +0200
283611,18/03/2020 16:08:19 -0700
283611,18/03/2020 14:35:19 -0700
283615,18/03/2020 10:39:25 -0700
283618,18/03/2020 18:54:17 +0200
283561,17/03/2020 21:11:08 -0700
283562,18/03/2020 04:10:28 +0000
283619,17/03/2020 19:20:56 -0700
283618,18/03/2020 01:16:28 +0200
283146,17/03/2020 19:08:57 -0400
417107,17/03/2020 18:28:15 -0400
417107,17/03/2020 18:06:45 -0400
417107,17/03/2020 18:01:34 -0400
283212,17/03/2020 21:58:52 +0000
283618,17/03/2020 23:48:05 +0200
417107,17/03/2020 17:21:23 -0400
283615,17/03/2020 13:21:40 -0700
283618,17/03/2020 22:21:20 +0200
283618,17/03/2020 22:13:38 +0200
283156,17/03/2020 16:00:14 -0400
283555,17/03/2020 12:10:55 -0700
283619,16/03/2020 16:40:04 -0700
283615,16/03/2020 11:15:39 -0700
283619,14/03/2020 09:45:05 -0700
417107,13/03/2020 20:32:42 -0400
283561,13/03/2020 15:11:19 -0700
283562,13/03/2020 22:10:43 +0000
283595,13/03/2020 22:30:53 +0100
283165,13/03/2020 21:50:16 +0100
283166,13/03/2020 13:42:49 -0700
283618,13/03/2020 22:38:44 +0200
283626,13/03/2020 11:02:11 -0700
417545,13/03/2020 09:52:27 -0800
283615,13/03/2020 10:46:58 -0700
283618,13/03/2020 19:33:56 +0200
283574,13/03/2020 13:26:39 -0400
283561,12/03/2020 21:11:07 -0700
283562,13/03/2020 04:10:29 +0000
283615,12/03/2020 18:26:39 -0700
283615,12/03/2020 18:23:43 -0700
283626,12/03/2020 17:50:05 -0700
283178,12/03/2020 23:55:54 +0100
283559,12/03/2020 18:52:02 -0400
412424,13/03/2020 00:50:23 +0200
283356,12/03/2020 15:45:56 -0700
283588,13/03/2020 07:41:40 +0900
283212,12/03/2020 22:40:14 +0000
283356,12/03/2020 15:11:05 -0700
283598,12/03/2020 17:55:02 -0400
283186,13/03/2020 03:21:48 +0530
283187,13/03/2020 01:14:07 +0330
283595,12/03/2020 22:42:49 +0100
283189,12/03/2020 21:28:14 +0000
283190,13/03/2020 03:35:35 +0700
283615,12/03/2020 13:11:11 -0700
283615,12/03/2020 10:54:30 -0700
283619,12/03/2020 09:40:15 -0700
414527,11/03/2020 19:18:17 -0700
283615,11/03/2020 16:47:11 -0700
283425,11/03/2020 15:19:39 -0700
283561,11/03/2020 15:11:08 -0700
283562,11/03/2020 22:10:31 +0000
283626,11/03/2020 14:38:59 -0700
283615,11/03/2020 14:35:26 -0700
283619,11/03/2020 13:28:49 -0700
283202,11/03/2020 13:16:33 -0700
283619,11/03/2020 10:27:51 -0700
283561,11/03/2020 09:11:10 -0700
283562,11/03/2020 16:10:34 +0000
283206,11/03/2020 16:40:51 +0100
412757,11/03/2020 23:36:00 +0800
283561,10/03/2020 21:11:09 -0700
283562,11/03/2020 04:10:30 +0000
283561,10/03/2020 15:11:10 -0700
283562,10/03/2020 22:10:33 +0000
283212,10/03/2020 22:04:03 +0000
283213,11/03/2020 06:53:37 +0900
283561,10/03/2020 09:11:05 -0700
283562,10/03/2020 16:10:29 +0000
283619,10/03/2020 08:42:36 -0700
283561,10/03/2020 03:11:05 -0700
283562,10/03/2020 10:10:28 +0000
283615,09/03/2020 16:30:52 -0700
283220,10/03/2020 02:18:35 +0430
417107,09/03/2020 16:53:49 -0400
417545,09/03/2020 11:05:36 -0800
417107,08/03/2020 16:25:23 -0400
283618,07/03/2020 20:23:07 +0200
283615,06/03/2020 18:21:16 -0800
283226,07/03/2020 01:53:37 +0100
283496,06/03/2020 13:01:03 -0800
283604,06/03/2020 12:41:00 -0800
283604,06/03/2020 09:44:28 -0800
283604,06/03/2020 09:44:16 -0800
283561,05/03/2020 20:11:09 -0800
283562,06/03/2020 04:10:31 +0000
283561,05/03/2020 14:11:10 -0800
283562,05/03/2020 22:10:33 +0000
283611,05/03/2020 10:11:48 -0800
283561,05/03/2020 08:11:04 -0800
283562,05/03/2020 16:10:29 +0000
283574,05/03/2020 10:37:36 -0500
283561,05/03/2020 02:11:18 -0800
283562,05/03/2020 10:10:40 +0000
283561,04/03/2020 14:11:06 -0800
283562,04/03/2020 22:10:31 +0000
283611,04/03/2020 13:25:17 -0800
283611,04/03/2020 13:19:35 -0800
283356,04/03/2020 09:34:28 -0800
283626,04/03/2020 00:48:53 -0800
283561,03/03/2020 20:11:08 -0800
283562,04/03/2020 04:10:28 +0000
283611,03/03/2020 15:10:19 -0800
283618,03/03/2020 22:26:41 +0200
283618,03/03/2020 20:58:29 +0200
283626,03/03/2020 10:55:22 -0800
283618,03/03/2020 20:51:50 +0200
283626,03/03/2020 10:50:01 -0800
283356,03/03/2020 10:47:07 -0800
283626,03/03/2020 09:51:15 -0800
283561,03/03/2020 08:11:13 -0800
283562,03/03/2020 16:10:36 +0000
417545,03/03/2020 07:47:18 -0800
282730,02/03/2020 17:13:15 -0800
414527,02/03/2020 16:52:03 -0800
282730,02/03/2020 16:30:42 -0800
283262,02/03/2020 18:49:44 -0500
283626,02/03/2020 15:15:41 -0800
283626,02/03/2020 14:33:53 -0800
283561,02/03/2020 14:11:27 -0800
283562,02/03/2020 22:10:50 +0000
283626,02/03/2020 12:57:00 -0800
283590,02/03/2020 14:52:41 -0500
283611,02/03/2020 09:48:53 -0800
283561,02/03/2020 08:11:08 -0800
283562,02/03/2020 16:10:31 +0000
283561,01/03/2020 20:10:59 -0800
283562,02/03/2020 04:10:23 +0000
283619,29/02/2020 12:03:09 -0800
283561,29/02/2020 08:11:01 -0800
283562,29/02/2020 16:10:24 +0000
283561,28/02/2020 20:11:06 -0800
283562,29/02/2020 04:10:25 +0000
282730,28/02/2020 18:45:56 -0800
283619,28/02/2020 17:06:45 -0800
283626,28/02/2020 15:53:24 -0800
417545,28/02/2020 14:34:20 -0800
283626,28/02/2020 14:02:40 -0800
283626,28/02/2020 13:25:28 -0800
283561,27/02/2020 20:11:15 -0800
283562,28/02/2020 04:10:26 +0000
282730,27/02/2020 17:53:31 -0800
417545,27/02/2020 16:35:15 -0800
283611,27/02/2020 15:29:09 -0800
283356,27/02/2020 14:55:49 -0800
283626,27/02/2020 14:36:08 -0800
283626,27/02/2020 14:30:50 -0800
283626,27/02/2020 14:24:21 -0800
283561,27/02/2020 14:11:21 -0800
283562,27/02/2020 22:10:46 +0000
283294,28/02/2020 09:08:20 +1100
283626,27/02/2020 14:02:28 -0800
283611,27/02/2020 13:18:43 -0800
282730,27/02/2020 12:57:51 -0800
283356,27/02/2020 12:45:28 -0800
283626,27/02/2020 11:07:32 -0800
283615,27/02/2020 10:22:40 -0800
283574,27/02/2020 12:47:09 -0500
283574,27/02/2020 12:46:15 -0500
283625,27/02/2020 19:27:37 +0200
283561,27/02/2020 08:11:08 -0800
283562,27/02/2020 16:10:31 +0000
283561,27/02/2020 02:11:09 -0800
283562,27/02/2020 10:10:32 +0000
283618,27/02/2020 10:11:29 +0200
283561,26/02/2020 20:11:06 -0800
283562,27/02/2020 04:10:29 +0000
283615,26/02/2020 15:26:26 -0800
283615,26/02/2020 15:25:51 -0800
283356,26/02/2020 14:59:04 -0800
283561,26/02/2020 14:11:15 -0800
283562,26/02/2020 22:10:40 +0000
414527,26/02/2020 12:55:28 -0800
283611,26/02/2020 10:28:22 -0800
283611,26/02/2020 09:07:45 -0800
283626,26/02/2020 08:48:18 -0800
283590,25/02/2020 20:47:21 -0500
283626,25/02/2020 17:36:56 -0800
283626,25/02/2020 16:40:38 -0800
283619,25/02/2020 16:14:00 -0800
283615,25/02/2020 16:11:21 -0800
282730,25/02/2020 16:08:45 -0800
283626,25/02/2020 15:52:24 -0800
282730,25/02/2020 14:34:31 -0800
283626,25/02/2020 14:23:55 -0800
283574,25/02/2020 17:09:16 -0500
282730,25/02/2020 13:58:14 -0800
283356,25/02/2020 13:46:24 -0800
283626,25/02/2020 13:45:27 -0800
283626,25/02/2020 13:44:22 -0800
283626,25/02/2020 13:29:34 -0800
283626,25/02/2020 11:46:05 -0800
283356,25/02/2020 11:32:32 -0800
283626,25/02/2020 11:29:59 -0800
283626,25/02/2020 11:29:45 -0800
283617,25/02/2020 12:07:01 -0500
283561,25/02/2020 08:11:01 -0800
283562,25/02/2020 16:10:24 +0000
283616,25/02/2020 16:20:00 +0100
283616,25/02/2020 14:15:00 +0100
283555,24/02/2020 18:20:58 -0800
414527,24/02/2020 18:18:39 -0800
414527,24/02/2020 17:50:44 -0800
283626,24/02/2020 17:38:16 -0800
282730,24/02/2020 17:24:08 -0800
283590,24/02/2020 20:17:07 -0500
283626,24/02/2020 17:13:00 -0800
283590,24/02/2020 19:18:18 -0500
283611,24/02/2020 16:13:18 -0800
283626,24/02/2020 15:36:14 -0800
283590,24/02/2020 17:27:34 -0500
283561,24/02/2020 14:11:09 -0800
283562,24/02/2020 22:10:34 +0000
283590,24/02/2020 16:46:59 -0500
283356,24/02/2020 13:17:02 -0800
283626,24/02/2020 12:45:14 -0800
283555,24/02/2020 10:55:13 -0800
283356,24/02/2020 09:00:24 -0800
283561,24/02/2020 08:10:59 -0800
283562,24/02/2020 16:10:23 +0000
283626,21/02/2020 16:38:00 -0800
283626,21/02/2020 15:51:02 -0800
283611,21/02/2020 15:37:11 -0800
283626,21/02/2020 14:52:57 -0800
283626,21/02/2020 14:49:47 -0800
283626,21/02/2020 14:49:00 -0800
283590,21/02/2020 14:42:27 -0800
283626,21/02/2020 14:20:19 -0800
283626,21/02/2020 10:43:02 -0800
283626,21/02/2020 10:40:05 -0800
283626,21/02/2020 10:35:44 -0800
283611,21/02/2020 09:49:02 -0800
283595,21/02/2020 18:33:21 +0100
283561,21/02/2020 08:11:07 -0800
283562,21/02/2020 16:10:25 +0000
283561,21/02/2020 02:11:05 -0800
283562,21/02/2020 10:10:25 +0000
414527,20/02/2020 17:30:50 -0800
282730,20/02/2020 17:02:17 -0800
282730,20/02/2020 17:00:23 -0800
283626,20/02/2020 15:06:58 -0800
283626,20/02/2020 14:49:04 -0800
283626,20/02/2020 14:19:08 -0800
417545,20/02/2020 13:59:56 -0800
283626,20/02/2020 12:48:02 -0800
283382,20/02/2020 11:41:53 -0800
283611,20/02/2020 10:09:37 -0800
283626,20/02/2020 09:46:50 -0800
283618,20/02/2020 19:29:41 +0200
283618,20/02/2020 18:45:07 +0200
283611,20/02/2020 08:30:22 -0800
283626,19/02/2020 17:21:51 -0800
283626,19/02/2020 17:03:10 -0800
283626,19/02/2020 17:02:30 -0800
283626,19/02/2020 16:43:40 -0800
283626,19/02/2020 13:49:41 -0800
283626,19/02/2020 13:33:39 -0800
283626,19/02/2020 13:15:07 -0800
283626,19/02/2020 13:10:47 -0800
283626,19/02/2020 11:39:17 -0800
417545,19/02/2020 08:28:12 -0800
283433,19/02/2020 08:48:43 -0700
283433,19/02/2020 07:50:31 -0700
283618,18/02/2020 23:00:31 +0200
283618,18/02/2020 21:27:35 +0200
283402,14/02/2020 19:28:55 -0500
283590,14/02/2020 16:01:38 -0800
417545,14/02/2020 15:57:30 -0800
417545,14/02/2020 15:24:39 -0800
283595,15/02/2020 00:01:19 +0100
283618,15/02/2020 00:57:18 +0200
417107,14/02/2020 17:52:05 -0500
417545,14/02/2020 12:45:26 -0800
283590,14/02/2020 08:44:36 -0800
417545,13/02/2020 16:55:52 -0800
283590,13/02/2020 15:10:01 -0800
283617,13/02/2020 16:09:20 -0500
283623,13/02/2020 12:22:53 -0800
283574,13/02/2020 14:19:33 -0500
283433,13/02/2020 12:08:39 -0700
283433,12/02/2020 16:21:29 -0700
283619,12/02/2020 15:05:01 -0800
283618,13/02/2020 00:26:51 +0200
283433,12/02/2020 15:19:46 -0700
283626,12/02/2020 13:43:02 -0800
283555,12/02/2020 11:53:05 -0800
283555,12/02/2020 11:46:09 -0800
283611,12/02/2020 11:42:56 -0800
283555,12/02/2020 11:23:51 -0800
283425,11/02/2020 15:34:17 -0800
283626,11/02/2020 15:08:03 -0800
283626,11/02/2020 14:49:11 -0800
283611,11/02/2020 10:23:15 -0800
283429,11/02/2020 08:44:17 -0800
417545,10/02/2020 17:13:35 -0800
283626,10/02/2020 15:26:46 -0800
283615,10/02/2020 13:55:43 -0800
283433,07/02/2020 11:17:44 -0700
283590,07/02/2020 10:08:08 -0800
283611,07/02/2020 09:55:29 -0800
283611,07/02/2020 08:35:40 -0800
283611,06/02/2020 14:38:21 -0800
283619,05/02/2020 16:04:05 -0800
283619,05/02/2020 16:03:42 -0800
283619,05/02/2020 16:03:09 -0800
283590,05/02/2020 14:27:37 -0800
283626,05/02/2020 12:48:06 -0800
283590,05/02/2020 12:43:09 -0800
283626,05/02/2020 11:01:02 -0800
283626,05/02/2020 10:47:25 -0800
412757,06/02/2020 00:59:51 +0800
417545,05/02/2020 08:27:49 -0800
283448,04/02/2020 16:01:20 -0800
283626,04/02/2020 16:00:08 -0800
414527,04/02/2020 15:53:45 -0800
414527,04/02/2020 15:07:48 -0800
283618,05/02/2020 00:43:25 +0200
283574,03/02/2020 17:09:50 -0500
283618,03/02/2020 23:52:08 +0200
283590,03/02/2020 12:48:57 -0800
417545,31/01/2020 15:37:18 -0800
283611,31/01/2020 15:19:45 -0800
417545,31/01/2020 15:09:27 -0800
283555,31/01/2020 14:58:30 -0800
283555,31/01/2020 14:41:25 -0800
283555,31/01/2020 11:53:57 -0800
283555,31/01/2020 10:42:02 -0800
283555,31/01/2020 10:41:47 -0800
283555,31/01/2020 10:41:09 -0800
283615,31/01/2020 10:40:57 -0800
283555,30/01/2020 16:52:31 -0800
283471,30/01/2020 15:39:54 -0600
283618,30/01/2020 21:20:10 +0200
283615,30/01/2020 11:18:06 -0800
283611,30/01/2020 10:58:07 -0800
283619,30/01/2020 10:50:39 -0800
283626,29/01/2020 16:15:09 -0800
283617,29/01/2020 18:07:25 -0500
417545,29/01/2020 15:00:17 -0800
283626,29/01/2020 14:58:06 -0800
283611,29/01/2020 14:47:44 -0800
283611,29/01/2020 13:26:00 -0800
283611,29/01/2020 12:53:00 -0800
283615,29/01/2020 11:21:42 -0800
414527,29/01/2020 10:50:03 -0800
283611,29/01/2020 10:11:30 -0800
283611,29/01/2020 09:36:59 -0800
283486,29/01/2020 09:35:23 -0800
283618,29/01/2020 19:21:19 +0200
283555,28/01/2020 16:48:28 -0800
283615,28/01/2020 16:23:56 -0800
283618,29/01/2020 02:11:19 +0200
283615,28/01/2020 15:59:09 -0800
283496,28/01/2020 13:53:47 -0800
283615,28/01/2020 13:11:45 -0800
283617,28/01/2020 15:39:18 -0500
283615,28/01/2020 12:21:36 -0800
283617,28/01/2020 15:20:32 -0500
283618,28/01/2020 22:10:12 +0200
283496,28/01/2020 11:51:06 -0800
283604,28/01/2020 11:30:23 -0800
417545,28/01/2020 11:05:04 -0800
283617,28/01/2020 13:47:55 -0500
283574,28/01/2020 11:33:54 -0500
417545,27/01/2020 16:13:30 -0800
283615,27/01/2020 14:25:20 -0800
283574,27/01/2020 15:59:49 -0500
417545,27/01/2020 12:53:32 -0800
283611,27/01/2020 12:32:56 -0800
283618,27/01/2020 22:25:31 +0200
417545,27/01/2020 08:11:21 -0800
283618,25/01/2020 04:28:42 +0200
283626,24/01/2020 16:59:20 -0800
283626,24/01/2020 16:29:55 -0800
283604,24/01/2020 16:23:54 -0800
283626,24/01/2020 16:23:14 -0800
283615,24/01/2020 16:07:48 -0800
283604,24/01/2020 16:02:14 -0800
283595,25/01/2020 00:50:29 +0100
283626,24/01/2020 15:29:27 -0800
283604,24/01/2020 15:15:05 -0800
283626,24/01/2020 15:00:15 -0800
283611,24/01/2020 14:53:28 -0800
283611,24/01/2020 14:52:48 -0800
283555,24/01/2020 14:10:27 -0800
283626,24/01/2020 13:36:05 -0800
417545,24/01/2020 12:55:08 -0800
283590,24/01/2020 12:35:54 -0800
283615,24/01/2020 11:20:41 -0800
412424,24/01/2020 20:46:41 +0200
283626,24/01/2020 10:29:23 -0800
283616,24/01/2020 19:06:04 +0100
283590,23/01/2020 14:12:40 -0800
283604,23/01/2020 14:12:01 -0800
283604,23/01/2020 14:10:37 -0800
283595,23/01/2020 22:18:10 +0100
283615,23/01/2020 13:01:11 -0800
417545,23/01/2020 12:53:36 -0800
283604,23/01/2020 12:32:36 -0800
283595,23/01/2020 20:10:05 +0100
283611,23/01/2020 08:29:06 -0800
283626,22/01/2020 14:49:29 -0800
417545,22/01/2020 13:41:15 -0800
283611,22/01/2020 13:38:25 -0800
417545,22/01/2020 13:16:49 -0800
283574,22/01/2020 15:09:01 -0500
283619,22/01/2020 11:21:11 -0800
283611,22/01/2020 10:43:33 -0800
283574,22/01/2020 08:13:04 -0500
283618,21/01/2020 23:03:22 +0200
283595,21/01/2020 21:45:13 +0100
283624,21/01/2020 12:35:42 -0800
283595,21/01/2020 20:49:38 +0100
283595,21/01/2020 20:28:55 +0100
283595,21/01/2020 20:28:04 +0100
283551,21/01/2020 20:26:17 +0100
283574,21/01/2020 11:54:48 -0500
412757,19/01/2020 06:00:53 +0800
283618,18/01/2020 23:28:19 +0200
283555,18/01/2020 12:24:08 -0800
283618,18/01/2020 00:27:12 +0200
283618,18/01/2020 00:26:36 +0200
283618,18/01/2020 00:24:46 +0200
283559,17/01/2020 16:56:50 -0500
283619,17/01/2020 11:50:38 -0800
283561,16/01/2020 20:10:43 -0800
283562,17/01/2020 04:10:10 +0000
283615,16/01/2020 17:24:03 -0800
283619,16/01/2020 16:49:51 -0800
283615,16/01/2020 15:38:55 -0800
417545,16/01/2020 10:07:37 -0800
283618,16/01/2020 19:01:21 +0200
283618,16/01/2020 02:56:40 +0200
414527,15/01/2020 16:48:00 -0800
283595,16/01/2020 00:08:17 +0100
417545,15/01/2020 13:13:11 -0800
414527,15/01/2020 12:53:40 -0800
283573,15/01/2020 15:42:38 -0500
283574,15/01/2020 12:50:52 -0500
283595,14/01/2020 23:47:39 +0100
283618,14/01/2020 21:38:48 +0200
283626,13/01/2020 13:11:29 -0800
283626,13/01/2020 12:50:20 -0800
283626,13/01/2020 10:29:37 -0800
283615,10/01/2020 14:58:01 -0800
283615,10/01/2020 14:51:23 -0800
283615,10/01/2020 10:57:44 -0800
283611,10/01/2020 10:50:05 -0800
283619,10/01/2020 10:46:10 -0800
283611,10/01/2020 10:09:39 -0800
283619,10/01/2020 09:41:16 -0800
417390,10/01/2020 11:54:26 -0500
283588,10/01/2020 03:21:49 +0900
283611,09/01/2020 08:46:00 -0800
283590,08/01/2020 16:44:13 -0800
283619,08/01/2020 15:37:27 -0800
283625,09/01/2020 01:15:20 +0200
414527,08/01/2020 14:41:34 -0800
283615,08/01/2020 09:54:32 -0800
283617,08/01/2020 12:03:37 -0500
283623,07/01/2020 16:46:14 -0800
283598,07/01/2020 19:00:15 -0500
283604,07/01/2020 14:40:47 -0800
283604,07/01/2020 12:57:34 -0800
283604,07/01/2020 12:57:11 -0800
283604,07/01/2020 10:59:19 -0800
283618,07/01/2020 13:03:22 +0200
283626,07/01/2020 00:39:28 -0800
283617,07/01/2020 01:19:23 -0500
283623,06/01/2020 16:38:46 -0800
283623,06/01/2020 13:23:47 -0800
283619,06/01/2020 12:53:23 -0800
283619,06/01/2020 08:55:34 -1000
283611,06/01/2020 10:09:03 -0800
283615,03/01/2020 16:37:04 -0800
417545,03/01/2020 16:39:32 -0600
283615,03/01/2020 13:02:45 -0800
283616,03/01/2020 21:58:02 +0100
283617,03/01/2020 15:30:41 -0500
283618,03/01/2020 20:09:56 +0200
283619,03/01/2020 07:54:38 -1000
283623,02/01/2020 17:08:29 -0800
283625,03/01/2020 03:06:25 +0200
283624,02/01/2020 16:32:06 -0800
283623,02/01/2020 16:30:46 -0800
283624,02/01/2020 16:12:44 -0800
283625,03/01/2020 01:44:22 +0200
283617,02/01/2020 16:28:44 -0500
283626,02/01/2020 13:14:08 -0800
283617,02/01/2020 07:55:04 -0500
283595,01/01/2020 20:03:07 +0100
