281446,29/12/2020 13:13:57 +0200
281484,15/12/2020 17:41:39 +0300
281484,15/12/2020 17:41:39 +0300
281484,15/12/2020 16:49:24 +0300
281484,11/12/2020 13:42:07 +0300
281484,10/12/2020 20:09:39 +0300
281484,10/12/2020 20:09:30 +0300
281468,08/12/2020 01:43:36 +0300
281468,27/11/2020 00:01:20 +0300
281468,26/11/2020 23:46:59 +0300
281484,24/11/2020 18:06:34 +0300
281484,24/11/2020 18:06:34 +0300
281482,19/11/2020 17:15:22 +0000
281364,19/11/2020 16:59:00 +0000
281395,18/11/2020 18:41:16 -0800
281484,10/11/2020 17:13:20 +0300
281484,10/11/2020 17:13:17 +0300
281484,10/11/2020 17:13:14 +0300
281484,09/11/2020 22:41:54 +0300
281484,09/11/2020 22:40:53 +0300
281468,06/11/2020 23:44:54 +0300
281468,06/11/2020 23:44:47 +0300
281485,05/11/2020 22:37:27 +0300
281485,28/10/2020 10:56:11 +0300
281484,27/10/2020 18:09:20 +0300
281484,27/10/2020 18:09:20 +0300
281484,22/10/2020 18:02:28 +0300
281484,22/10/2020 18:00:27 +0300
281484,22/10/2020 18:00:23 +0300
281484,22/10/2020 18:00:22 +0300
281484,22/10/2020 18:00:20 +0300
281468,13/10/2020 07:44:09 +0300
281484,08/10/2020 17:44:34 +0300
281484,03/10/2020 21:04:57 +0300
281484,03/10/2020 21:01:12 +0300
281484,29/09/2020 17:32:10 +0300
281484,29/09/2020 17:32:10 +0300
281484,29/09/2020 15:56:16 +0300
281484,29/09/2020 15:54:09 +0300
281484,29/09/2020 15:52:18 +0300
281484,28/09/2020 17:41:22 +0300
281484,28/09/2020 17:07:48 +0300
281468,27/09/2020 23:21:11 +0300
281468,27/09/2020 23:21:10 +0300
281468,27/09/2020 23:21:09 +0300
281482,24/09/2020 13:51:29 +0100
281484,23/09/2020 19:52:31 +0300
281484,23/09/2020 19:50:49 +0300
281484,16/09/2020 18:26:25 +0300
281484,16/09/2020 18:26:24 +0300
281484,16/09/2020 18:26:23 +0300
281484,16/09/2020 18:26:22 +0300
281482,09/09/2020 19:26:27 +0300
281482,02/09/2020 23:13:36 +0300
281395,28/08/2020 14:10:54 -0700
281475,14/08/2020 12:45:52 +0300
281484,11/08/2020 17:52:30 +0300
281484,11/08/2020 17:52:30 +0300
281484,10/08/2020 18:53:07 +0300
281484,10/08/2020 18:52:59 +0300
281484,10/08/2020 18:52:34 +0300
281484,10/08/2020 18:52:20 +0300
281484,10/08/2020 18:52:09 +0300
281484,06/08/2020 05:02:57 +0300
281484,06/08/2020 05:02:55 +0300
281484,06/08/2020 05:02:44 +0300
281484,06/08/2020 05:02:22 +0300
281475,29/07/2020 13:28:04 +0300
281484,27/07/2020 16:02:15 +0300
281419,27/07/2020 13:21:51 +0300
281482,23/07/2020 17:31:09 +0300
281475,22/07/2020 22:16:19 +0300
281468,21/07/2020 20:34:29 +0300
281475,09/07/2020 17:33:22 +0300
281475,09/07/2020 16:21:37 +0300
281484,07/07/2020 18:56:06 +0300
281484,07/07/2020 18:56:05 +0300
281484,06/07/2020 18:36:25 +0300
281484,06/07/2020 18:36:23 +0300
281484,06/07/2020 18:36:22 +0300
281484,06/07/2020 18:36:21 +0300
281484,06/07/2020 18:36:20 +0300
281484,06/07/2020 18:36:19 +0300
281484,06/07/2020 18:36:17 +0300
281468,03/07/2020 16:16:47 +0300
281484,29/06/2020 17:15:51 +0300
281484,22/06/2020 18:03:00 +0300
281484,22/06/2020 18:02:59 +0300
281484,22/06/2020 18:02:58 +0300
281441,15/06/2020 17:35:26 -0400
281475,15/06/2020 20:17:16 +0300
281436,15/06/2020 03:58:31 -0400
281485,08/06/2020 11:40:34 +0300
281484,03/06/2020 19:11:32 +0300
281468,01/06/2020 22:31:23 +0300
281468,01/06/2020 20:19:27 +0300
281484,26/05/2020 22:03:00 +0300
281446,26/05/2020 19:17:11 +0300
281484,26/05/2020 18:00:20 +0300
281484,26/05/2020 18:00:20 +0300
281484,25/05/2020 22:10:37 +0300
281484,25/05/2020 18:33:42 +0300
281482,23/05/2020 15:53:08 +0300
281475,22/05/2020 20:35:05 +0300
281475,22/05/2020 17:30:12 +0300
281475,22/05/2020 17:25:27 +0300
281475,17/05/2020 14:24:35 +0300
281458,13/05/2020 22:02:47 +0800
281482,08/05/2020 19:19:16 +0300
281475,06/05/2020 21:44:14 +0300
281468,23/04/2020 15:10:26 +0300
281468,23/04/2020 15:10:24 +0300
281468,23/04/2020 15:10:21 +0300
281484,14/04/2020 17:19:26 +0300
281484,14/04/2020 17:19:26 +0300
281484,14/04/2020 15:15:16 +0300
281468,08/04/2020 01:02:17 +0300
281468,16/03/2020 12:41:41 +0300
281468,13/03/2020 02:12:10 +0300
281484,03/03/2020 18:04:21 +0300
281484,03/03/2020 18:04:21 +0300
281484,03/03/2020 18:03:28 +0300
281473,02/03/2020 20:07:36 +0300
281475,28/02/2020 19:54:13 +0300
281484,28/02/2020 17:21:18 +0300
281482,27/02/2020 19:03:21 +0300
281475,26/02/2020 15:10:46 +0300
281484,20/02/2020 16:51:07 +0300
281484,20/02/2020 16:19:34 +0300
281484,20/02/2020 16:19:29 +0300
281485,11/02/2020 13:22:44 +0300
281482,05/02/2020 16:29:23 +0300
281482,05/02/2020 16:29:14 +0300
281484,21/01/2020 16:39:42 +0300
281484,21/01/2020 16:39:41 +0300
281485,17/01/2020 12:13:02 +0300
281486,14/01/2020 14:20:08 +0300
