64502,31/12/2020 10:33:59 +0000
64502,31/12/2020 10:32:51 +0000
62437,31/12/2020 18:32:12 +0800
62438,30/12/2020 16:20:27 -0500
64502,30/12/2020 15:24:55 +0000
64502,29/12/2020 22:56:19 +0000
64502,29/12/2020 20:02:25 +0000
62737,28/12/2020 10:57:19 -0500
64502,27/12/2020 22:02:33 +0000
64220,27/12/2020 15:05:39 +0530
64502,26/12/2020 09:40:29 +0000
64502,25/12/2020 16:25:14 +0000
64502,25/12/2020 13:16:19 +0000
62434,25/12/2020 15:36:07 +0300
64502,24/12/2020 19:25:58 +0000
64502,24/12/2020 17:08:36 +0000
64502,24/12/2020 17:02:19 +0000
62452,25/12/2020 00:58:16 +0800
64472,24/12/2020 19:46:10 +0300
64149,24/12/2020 16:55:33 +0300
64502,24/12/2020 13:54:02 +0000
64502,24/12/2020 10:01:37 +0000
64502,24/12/2020 10:01:17 +0000
64502,24/12/2020 10:00:56 +0000
64502,24/12/2020 05:49:49 +0000
64502,24/12/2020 05:23:42 +0000
64502,23/12/2020 17:33:58 +0000
64502,23/12/2020 15:07:12 +0000
63900,23/12/2020 17:05:03 +0300
62702,23/12/2020 14:59:28 +0100
62466,23/12/2020 13:33:33 +0100
64502,23/12/2020 12:09:07 +0000
64502,23/12/2020 12:08:37 +0000
64305,23/12/2020 13:01:25 +0300
64502,23/12/2020 08:33:49 +0000
64283,23/12/2020 09:51:23 +0300
64283,23/12/2020 09:51:23 +0300
63900,22/12/2020 00:03:06 +0300
64502,21/12/2020 20:35:51 +0000
64502,21/12/2020 20:01:38 +0000
64502,21/12/2020 18:16:00 +0000
64502,21/12/2020 18:15:24 +0000
64502,21/12/2020 14:59:34 +0000
64502,21/12/2020 14:55:54 +0000
62836,21/12/2020 14:06:47 +0300
64502,20/12/2020 22:15:49 +0000
64502,20/12/2020 18:40:22 +0000
64502,20/12/2020 18:39:01 +0000
64502,20/12/2020 17:42:47 +0000
64502,20/12/2020 16:40:58 +0000
64502,20/12/2020 16:40:28 +0000
64502,20/12/2020 16:39:56 +0000
64502,20/12/2020 16:38:59 +0000
64502,20/12/2020 15:50:32 +0000
64502,20/12/2020 05:05:48 +0000
64502,20/12/2020 02:27:46 +0000
64502,20/12/2020 02:05:46 +0000
64502,19/12/2020 19:22:52 +0000
64502,19/12/2020 19:22:30 +0000
62524,19/12/2020 08:22:37 +0100
64502,18/12/2020 21:45:08 +0000
64502,18/12/2020 20:47:56 +0000
64502,18/12/2020 20:29:49 +0000
64502,18/12/2020 20:29:33 +0000
64502,18/12/2020 20:28:12 +0000
64502,18/12/2020 15:12:17 +0000
108322,18/12/2020 15:08:02 +0000
64502,18/12/2020 13:43:07 +0000
64502,18/12/2020 13:42:26 +0000
62507,18/12/2020 13:01:48 +0100
62507,18/12/2020 13:01:48 +0100
64502,18/12/2020 11:48:49 +0000
64502,18/12/2020 11:23:02 +0000
64502,18/12/2020 11:20:50 +0000
64502,18/12/2020 11:12:30 +0000
64502,18/12/2020 11:10:51 +0000
64502,17/12/2020 21:02:55 +0000
64502,17/12/2020 20:19:26 +0000
64502,17/12/2020 20:00:46 +0000
64502,17/12/2020 19:50:36 +0000
64502,17/12/2020 19:47:42 +0000
64502,17/12/2020 19:40:22 +0000
62593,17/12/2020 21:25:30 +0300
64336,17/12/2020 17:10:17 +0000
64336,17/12/2020 18:28:17 +0800
64502,17/12/2020 07:53:35 +0000
64502,16/12/2020 22:22:17 +0000
64502,16/12/2020 22:13:18 +0000
64502,16/12/2020 20:26:41 +0000
64502,16/12/2020 20:26:05 +0000
62524,16/12/2020 17:27:55 +0100
63954,16/12/2020 19:26:15 +0300
62524,16/12/2020 16:06:58 +0100
63954,16/12/2020 14:18:08 +0300
64469,16/12/2020 13:30:11 +0300
64502,16/12/2020 00:53:52 +0000
62702,16/12/2020 00:27:32 +0100
64502,15/12/2020 20:47:05 +0000
64502,15/12/2020 20:46:09 +0000
64248,15/12/2020 23:16:53 +0300
64472,15/12/2020 21:05:26 +0300
64502,15/12/2020 16:09:15 +0000
64390,15/12/2020 23:09:47 +0800
64390,15/12/2020 16:40:41 +0300
64502,15/12/2020 08:48:23 +0000
64502,15/12/2020 01:34:20 +0000
64502,15/12/2020 00:41:35 +0000
63916,15/12/2020 01:45:41 +0300
64502,14/12/2020 18:29:52 +0000
64502,14/12/2020 16:27:52 +0000
62546,14/12/2020 12:02:25 +0100
62919,14/12/2020 11:56:37 +0300
64502,14/12/2020 04:42:15 +0000
64502,14/12/2020 02:52:44 +0000
64502,13/12/2020 19:03:11 +0000
62727,12/12/2020 12:35:25 -0500
62737,11/12/2020 20:16:40 -0500
64502,11/12/2020 19:27:20 +0000
64502,11/12/2020 19:15:26 +0000
64502,11/12/2020 19:14:29 +0000
64502,11/12/2020 19:13:40 +0000
64502,11/12/2020 19:11:04 +0000
64502,11/12/2020 19:10:16 +0000
64502,11/12/2020 22:09:35 +0300
64502,11/12/2020 19:08:46 +0000
64502,11/12/2020 19:07:56 +0000
64502,11/12/2020 19:07:34 +0000
64502,11/12/2020 19:06:47 +0000
64502,11/12/2020 19:06:12 +0000
64502,11/12/2020 18:25:55 +0000
63900,11/12/2020 20:26:39 +0300
64502,11/12/2020 17:21:48 +0000
64472,11/12/2020 19:29:34 +0300
64502,11/12/2020 15:14:42 +0000
63165,11/12/2020 13:15:32 +0300
134222,11/12/2020 19:14:15 +0900
62727,11/12/2020 02:14:28 -0500
64502,11/12/2020 07:00:25 +0000
64502,10/12/2020 20:37:37 +0000
64502,10/12/2020 20:29:36 +0000
64502,10/12/2020 20:05:46 +0000
64502,10/12/2020 18:23:24 +0000
64502,10/12/2020 15:51:58 +0000
64297,10/12/2020 16:07:28 +0300
63601,10/12/2020 21:43:26 +0900
62593,10/12/2020 14:27:23 +0300
62433,10/12/2020 16:19:21 +0800
64502,10/12/2020 08:07:50 +0000
64502,09/12/2020 18:09:00 +0000
64502,09/12/2020 21:05:17 +0300
64502,09/12/2020 18:03:52 +0000
64502,09/12/2020 18:02:41 +0000
64502,09/12/2020 18:01:03 +0000
64502,09/12/2020 18:29:57 +0300
64472,09/12/2020 17:00:56 +0300
64502,09/12/2020 05:35:37 +0000
64502,09/12/2020 05:12:18 +0000
64502,09/12/2020 03:58:36 +0000
64502,08/12/2020 21:09:41 +0000
64502,08/12/2020 19:10:04 +0000
62768,08/12/2020 21:28:04 +0300
64502,08/12/2020 18:03:19 +0000
64502,08/12/2020 16:48:16 +0000
64502,08/12/2020 16:48:16 +0000
63916,08/12/2020 18:44:33 +0300
62702,08/12/2020 16:08:53 +0100
64502,08/12/2020 11:34:20 +0000
64502,08/12/2020 10:31:31 +0000
62702,08/12/2020 11:05:14 +0100
64502,08/12/2020 09:12:23 +0000
64162,08/12/2020 11:50:01 +0300
64502,08/12/2020 07:18:30 +0000
64502,08/12/2020 05:18:21 +0000
63900,08/12/2020 02:44:01 +0300
64502,07/12/2020 22:31:53 +0000
64502,07/12/2020 22:11:49 +0000
64502,07/12/2020 21:18:47 +0000
64502,07/12/2020 20:41:37 +0000
64502,07/12/2020 20:40:56 +0000
64502,07/12/2020 20:40:21 +0000
64473,07/12/2020 17:23:04 +0100
64297,07/12/2020 19:13:54 +0300
64502,06/12/2020 17:22:45 +0000
64502,06/12/2020 16:14:25 +0000
62618,05/12/2020 16:28:07 -0500
64502,05/12/2020 20:41:25 +0000
64502,05/12/2020 20:18:02 +0000
64502,05/12/2020 19:59:22 +0000
64502,05/12/2020 19:40:04 +0000
64502,05/12/2020 13:28:20 +0000
64502,05/12/2020 12:50:37 +0000
64502,05/12/2020 11:51:03 +0000
64297,05/12/2020 01:46:00 +0300
64502,04/12/2020 18:25:32 +0000
64502,04/12/2020 18:09:59 +0000
64502,04/12/2020 03:18:16 +0000
62629,04/12/2020 02:47:40 +0800
64502,03/12/2020 18:10:30 +0000
64502,03/12/2020 18:08:40 +0000
64502,03/12/2020 16:55:35 +0300
64502,03/12/2020 13:55:07 +0000
64502,03/12/2020 11:59:06 +0000
64502,03/12/2020 10:59:59 +0000
64502,03/12/2020 10:58:47 +0000
64502,03/12/2020 10:57:25 +0000
62640,03/12/2020 15:35:52 +0800
64502,03/12/2020 02:03:11 +0000
64502,02/12/2020 22:54:47 +0000
62593,03/12/2020 01:48:18 +0300
64336,02/12/2020 19:14:47 +0000
64502,02/12/2020 19:09:24 +0000
64502,02/12/2020 19:07:38 +0000
64502,02/12/2020 19:06:57 +0000
64336,02/12/2020 18:38:16 +0000
64502,02/12/2020 17:34:22 +0000
64502,02/12/2020 15:02:43 +0000
64336,02/12/2020 13:33:32 +0000
64336,02/12/2020 13:27:34 +0000
64502,02/12/2020 12:34:24 +0000
62639,02/12/2020 14:47:37 +1300
64502,02/12/2020 00:21:19 +0000
64502,01/12/2020 17:42:12 +0000
64502,01/12/2020 14:01:42 +0000
62661,01/12/2020 14:50:24 +0100
64502,01/12/2020 12:57:06 +0000
64502,01/12/2020 12:53:53 +0000
63165,01/12/2020 15:52:09 +0300
64502,01/12/2020 12:36:29 +0000
64502,01/12/2020 12:34:12 +0000
64162,01/12/2020 11:12:36 +0300
64162,01/12/2020 09:34:53 +0300
63694,30/11/2020 17:34:34 -0800
64502,30/11/2020 22:49:54 +0000
62727,30/11/2020 14:10:37 -0500
64502,30/11/2020 18:22:59 +0000
64502,30/11/2020 18:11:43 +0000
62919,30/11/2020 21:09:42 +0300
63916,30/11/2020 16:18:43 +0300
64162,30/11/2020 16:15:13 +0300
64390,30/11/2020 11:54:51 +0300
64162,30/11/2020 09:40:42 +0300
62643,29/11/2020 21:17:24 -0800
64502,30/11/2020 03:41:21 +0000
62679,29/11/2020 18:09:42 +0800
64502,28/11/2020 13:13:28 +0000
64472,27/11/2020 20:39:46 +0300
64502,27/11/2020 14:06:34 +0000
64502,27/11/2020 14:05:01 +0000
64502,27/11/2020 13:01:54 +0000
64502,27/11/2020 08:55:49 +0000
64502,27/11/2020 08:26:45 +0000
64502,27/11/2020 08:21:25 +0000
64502,27/11/2020 01:56:59 +0300
64502,26/11/2020 22:14:55 +0000
64502,26/11/2020 21:30:21 +0000
64502,26/11/2020 21:21:05 +0000
63954,26/11/2020 20:00:45 +0300
64502,26/11/2020 16:03:35 +0000
64502,26/11/2020 15:07:58 +0000
64502,26/11/2020 12:24:15 +0000
64502,26/11/2020 08:55:15 +0000
64502,25/11/2020 13:46:57 +0000
64502,25/11/2020 13:46:37 +0000
64502,25/11/2020 12:56:12 +0000
64502,25/11/2020 09:25:57 +0000
62700,24/11/2020 22:14:55 -0300
62702,25/11/2020 01:53:41 +0100
64502,24/11/2020 22:26:10 +0000
62727,24/11/2020 16:54:54 -0500
64149,24/11/2020 20:51:02 +0300
63165,24/11/2020 19:52:45 +0300
64502,24/11/2020 11:39:01 +0000
62649,24/11/2020 18:35:39 +0800
64502,23/11/2020 19:05:57 +0000
64502,23/11/2020 17:19:18 +0000
64502,23/11/2020 17:18:59 +0000
64502,23/11/2020 17:03:46 +0000
64149,23/11/2020 18:46:03 +0300
64305,23/11/2020 14:05:55 +0300
64502,22/11/2020 16:28:53 +0000
64502,22/11/2020 14:40:30 +0000
62714,22/11/2020 14:19:20 +0200
183520,22/11/2020 00:00:07 +0800
64220,21/11/2020 17:35:20 +0530
64502,20/11/2020 22:46:31 +0000
64502,20/11/2020 20:32:59 +0000
64502,20/11/2020 19:35:32 +0000
63059,20/11/2020 05:25:17 -0600
64456,20/11/2020 12:14:00 +0100
64502,20/11/2020 11:12:25 +0000
64502,20/11/2020 08:37:21 +0000
62727,19/11/2020 16:20:32 -0500
64149,19/11/2020 21:22:19 +0300
62729,20/11/2020 00:59:33 +0800
64502,19/11/2020 12:00:59 +0000
63181,19/11/2020 06:20:20 -0500
64502,19/11/2020 11:18:03 +0000
64502,19/11/2020 11:01:14 +0000
64487,19/11/2020 12:11:52 +0300
64502,18/11/2020 16:50:35 +0000
64502,18/11/2020 16:48:36 +0000
63601,18/11/2020 22:06:59 +0900
64502,18/11/2020 14:20:22 +0300
64502,18/11/2020 14:04:15 +0300
62737,17/11/2020 23:13:57 -0500
64149,18/11/2020 01:57:57 +0300
64502,17/11/2020 21:56:26 +0000
64502,18/11/2020 00:51:21 +0300
64502,17/11/2020 21:47:59 +0000
64502,17/11/2020 21:46:07 +0000
64502,18/11/2020 00:14:55 +0300
64502,17/11/2020 21:14:10 +0000
64502,17/11/2020 23:45:37 +0300
62721,17/11/2020 13:58:42 -0600
64502,17/11/2020 19:52:07 +0000
62755,17/11/2020 21:47:24 +0200
64502,17/11/2020 19:13:15 +0000
64502,17/11/2020 19:11:38 +0000
64502,17/11/2020 18:16:34 +0000
64502,17/11/2020 17:13:43 +0000
63916,17/11/2020 18:59:59 +0300
62761,17/11/2020 15:02:55 +0000
64248,17/11/2020 17:04:19 +0300
64487,17/11/2020 14:45:36 +0300
62768,17/11/2020 14:33:39 +0300
64502,17/11/2020 10:40:53 +0000
62768,17/11/2020 13:31:04 +0300
63165,17/11/2020 12:52:08 +0300
64502,17/11/2020 09:47:39 +0000
64502,17/11/2020 09:47:04 +0000
64502,17/11/2020 09:44:45 +0000
62736,17/11/2020 15:29:03 +0800
64487,17/11/2020 10:14:41 +0300
64502,16/11/2020 22:31:15 +0000
64502,16/11/2020 22:28:54 +0000
64502,16/11/2020 22:10:23 +0000
64502,16/11/2020 21:34:42 +0000
64149,16/11/2020 22:24:55 +0300
64502,16/11/2020 19:18:38 +0000
64502,16/11/2020 12:05:08 +0000
64502,16/11/2020 09:52:26 +0000
64502,16/11/2020 09:12:25 +0000
64502,16/11/2020 08:44:14 +0000
64502,16/11/2020 07:58:48 +0000
64502,16/11/2020 05:22:45 +0000
64502,16/11/2020 04:30:45 +0000
64502,15/11/2020 21:36:14 +0000
64502,15/11/2020 19:22:05 +0000
64502,14/11/2020 22:55:33 +0000
64502,14/11/2020 22:48:49 +0000
64502,14/11/2020 22:46:48 +0000
64502,14/11/2020 22:13:27 +0000
64502,14/11/2020 22:04:57 +0000
62794,14/11/2020 23:29:51 +0200
64502,14/11/2020 19:10:43 +0000
64502,14/11/2020 19:05:10 +0000
64502,14/11/2020 18:17:31 +0000
64502,14/11/2020 07:16:13 +0000
110360,14/11/2020 08:17:44 +0530
64502,13/11/2020 22:29:14 +0000
63165,14/11/2020 01:22:10 +0300
64502,13/11/2020 21:26:23 +0000
64502,13/11/2020 21:07:29 +0000
63694,13/11/2020 07:30:53 -0800
64502,13/11/2020 15:18:55 +0000
64502,13/11/2020 11:20:36 +0000
64502,13/11/2020 06:27:18 +0000
110360,13/11/2020 09:00:54 +0530
64502,12/11/2020 19:47:54 +0000
64502,12/11/2020 15:41:18 +0000
64502,12/11/2020 12:23:37 +0000
64297,12/11/2020 13:38:26 +0300
64502,11/11/2020 17:57:53 +0000
64502,11/11/2020 16:14:14 +0000
63916,11/11/2020 15:13:10 +0300
64297,11/11/2020 01:54:01 +0300
64502,10/11/2020 20:09:18 +0000
64502,10/11/2020 20:08:29 +0000
63916,10/11/2020 21:57:52 +0300
64502,10/11/2020 18:55:10 +0000
64305,10/11/2020 15:36:13 +0300
64502,09/11/2020 19:12:09 +0000
64305,09/11/2020 19:08:09 +0300
64305,09/11/2020 19:03:46 +0300
62726,09/11/2020 14:51:32 +0100
64502,08/11/2020 18:09:52 +0000
64502,08/11/2020 18:09:26 +0000
63180,08/11/2020 14:42:47 +0100
64502,07/11/2020 18:25:48 +0000
64502,07/11/2020 17:27:33 +0000
64502,07/11/2020 15:47:15 +0000
64502,06/11/2020 16:39:03 +0000
64502,06/11/2020 16:36:58 +0000
64502,06/11/2020 13:26:24 +0000
62836,06/11/2020 14:54:23 +0300
64502,06/11/2020 10:11:17 +0000
62839,06/11/2020 09:51:40 +0300
62839,06/11/2020 09:51:40 +0300
63954,06/11/2020 01:59:09 +0300
64502,05/11/2020 18:59:10 +0000
64502,05/11/2020 18:55:57 +0000
64502,05/11/2020 17:00:35 +0000
64502,05/11/2020 11:20:08 +0000
64297,05/11/2020 13:11:31 +0300
62838,05/11/2020 12:25:38 +0800
63954,05/11/2020 02:27:32 +0300
64502,03/11/2020 20:20:11 +0000
62848,03/11/2020 21:54:56 +0300
64248,03/11/2020 21:39:16 +0300
64472,03/11/2020 20:47:05 +0300
63954,03/11/2020 18:50:49 +0300
64502,02/11/2020 17:58:50 +0000
63596,02/11/2020 18:54:19 +0300
62798,01/11/2020 12:29:56 +0000
64502,31/10/2020 14:08:13 +0000
64502,30/10/2020 22:05:49 +0000
64502,29/10/2020 23:38:30 +0000
64502,29/10/2020 18:55:24 +0000
62857,29/10/2020 06:50:25 -0700
63954,28/10/2020 21:52:53 +0300
64502,28/10/2020 14:41:08 +0000
64502,28/10/2020 14:40:47 +0000
64502,28/10/2020 14:02:08 +0000
64248,28/10/2020 16:35:38 +0300
64502,28/10/2020 11:40:49 +0000
64502,28/10/2020 10:38:55 +0000
62864,28/10/2020 12:48:42 +0300
63417,28/10/2020 04:51:12 +0300
64502,27/10/2020 19:00:25 +0000
64502,27/10/2020 17:49:21 +0000
62866,26/10/2020 16:04:55 -0700
64502,26/10/2020 22:58:30 +0000
64470,26/10/2020 20:07:47 +0000
64472,26/10/2020 22:55:43 +0300
64472,26/10/2020 22:02:03 +0300
63954,26/10/2020 02:07:03 +0300
404845,25/10/2020 16:58:27 +0100
64502,24/10/2020 17:06:08 +0000
62874,23/10/2020 21:42:45 +0300
64502,23/10/2020 16:47:37 +0000
63586,23/10/2020 20:19:36 +0900
64502,22/10/2020 17:43:23 +0000
64502,22/10/2020 12:25:55 +0000
404845,22/10/2020 14:24:58 +0200
64502,22/10/2020 12:22:26 +0000
64502,22/10/2020 12:21:54 +0000
62884,21/10/2020 15:51:46 -0700
64502,21/10/2020 22:47:56 +0000
64502,21/10/2020 15:55:23 +0000
62919,21/10/2020 13:52:03 +0300
62877,20/10/2020 17:31:34 -0700
64345,20/10/2020 23:58:54 +0300
64502,20/10/2020 20:03:49 +0000
62891,20/10/2020 12:09:03 +0800
64502,19/10/2020 22:53:05 +0000
64502,19/10/2020 22:42:48 +0000
62895,19/10/2020 20:39:19 +0300
64502,19/10/2020 17:16:11 +0000
62897,19/10/2020 14:35:03 +0200
64472,19/10/2020 14:19:17 +0300
63465,19/10/2020 13:46:23 +0300
62900,19/10/2020 06:22:06 +0900
62901,19/10/2020 04:30:36 +0800
64502,18/10/2020 19:28:45 +0000
62894,18/10/2020 22:33:45 +0800
62805,18/10/2020 11:48:41 +0200
64502,17/10/2020 16:57:04 +0000
63601,17/10/2020 14:31:24 +0900
62524,17/10/2020 04:39:05 +0200
64502,16/10/2020 20:22:58 +0000
64502,16/10/2020 19:47:03 +0000
64502,16/10/2020 19:46:24 +0000
64502,16/10/2020 15:35:51 +0000
62909,16/10/2020 14:41:41 +0200
62886,16/10/2020 00:28:15 +0200
64502,15/10/2020 18:43:46 +0000
64472,15/10/2020 16:59:02 +0300
64472,15/10/2020 01:21:09 +0300
64502,14/10/2020 21:13:54 +0000
64502,14/10/2020 18:06:59 +0000
62911,14/10/2020 23:22:46 +0530
64502,14/10/2020 16:59:44 +0000
62930,15/10/2020 01:58:06 +0900
62919,14/10/2020 19:51:35 +0300
64502,14/10/2020 10:17:16 +0000
64502,13/10/2020 20:28:09 +0000
62923,13/10/2020 11:51:23 -0300
62923,13/10/2020 11:07:11 -0300
64502,13/10/2020 13:41:07 +0000
64502,13/10/2020 10:02:39 +0000
64502,11/10/2020 21:29:42 +0000
64502,11/10/2020 21:26:07 +0000
64502,11/10/2020 17:19:22 +0000
63180,11/10/2020 17:18:05 +0200
62930,11/10/2020 19:16:03 +0900
64502,11/10/2020 08:08:20 +0000
64502,10/10/2020 21:34:15 +0000
64502,10/10/2020 20:18:09 +0000
64502,10/10/2020 20:14:29 +0000
64502,10/10/2020 20:02:03 +0000
62936,10/10/2020 07:13:23 +0000
64502,09/10/2020 22:00:02 +0000
64502,09/10/2020 20:08:00 +0000
64502,09/10/2020 19:54:17 +0000
64502,09/10/2020 16:33:48 +0000
64502,09/10/2020 16:08:12 +0000
64502,09/10/2020 11:57:49 +0000
64472,09/10/2020 01:12:25 +0300
64502,08/10/2020 21:39:48 +0000
64502,08/10/2020 20:27:03 +0000
64502,08/10/2020 15:32:03 +0000
64502,08/10/2020 15:27:50 +0000
64502,08/10/2020 15:22:40 +0000
64297,08/10/2020 11:50:07 +0300
63168,08/10/2020 00:48:49 +0300
64502,07/10/2020 21:35:57 +0000
64297,08/10/2020 00:35:06 +0300
64472,07/10/2020 23:38:59 +0300
64502,07/10/2020 20:16:40 +0000
64053,07/10/2020 12:19:17 +0200
64502,07/10/2020 09:09:37 +0000
64502,06/10/2020 23:40:27 +0000
64502,06/10/2020 22:49:55 +0000
64502,06/10/2020 22:48:21 +0000
64502,06/10/2020 22:47:45 +0000
64502,06/10/2020 20:57:40 +0000
63212,06/10/2020 22:37:49 +0200
64502,06/10/2020 20:33:37 +0000
64502,06/10/2020 19:56:49 +0000
64502,06/10/2020 19:39:27 +0000
64502,06/10/2020 19:37:40 +0000
64502,06/10/2020 12:50:32 +0000
64502,06/10/2020 04:28:25 +0000
64502,06/10/2020 00:12:58 +0300
64502,05/10/2020 19:23:49 +0000
64502,05/10/2020 17:03:27 +0000
64502,05/10/2020 17:02:38 +0000
64502,05/10/2020 17:01:46 +0000
64502,05/10/2020 16:59:05 +0000
64502,05/10/2020 06:23:47 +0000
63954,04/10/2020 21:57:41 +0300
62981,04/10/2020 20:43:07 +0200
64502,04/10/2020 15:11:55 +0000
64502,04/10/2020 14:52:13 +0000
64502,04/10/2020 07:11:41 +0000
64248,02/10/2020 21:48:54 +0300
64502,02/10/2020 15:58:45 +0000
63161,02/10/2020 12:05:46 -0300
64502,02/10/2020 15:04:28 +0000
64502,02/10/2020 15:03:59 +0000
64502,02/10/2020 15:02:57 +0000
64502,02/10/2020 15:00:44 +0000
64502,02/10/2020 14:59:07 +0000
64502,02/10/2020 14:58:48 +0000
110360,02/10/2020 09:27:16 +0530
62995,01/10/2020 19:48:15 -0600
63212,01/10/2020 20:52:28 +0200
64345,01/10/2020 21:11:23 +0300
64502,01/10/2020 15:20:32 +0000
64248,01/10/2020 00:18:04 +0300
62979,30/09/2020 18:16:02 +0200
63916,30/09/2020 19:07:35 +0300
64502,30/09/2020 13:23:05 +0000
64502,29/09/2020 21:32:16 +0000
64248,29/09/2020 22:19:54 +0300
63417,29/09/2020 21:50:06 +0300
64502,29/09/2020 15:07:27 +0000
64502,29/09/2020 14:23:22 +0000
64502,29/09/2020 13:49:02 +0000
63601,29/09/2020 21:55:31 +0900
64472,29/09/2020 13:45:40 +0300
63008,29/09/2020 14:15:11 +0800
64502,28/09/2020 21:33:29 +0000
110360,29/09/2020 01:04:15 +0530
110360,29/09/2020 01:04:01 +0530
64502,28/09/2020 18:46:28 +0000
64502,28/09/2020 18:45:31 +0000
64502,28/09/2020 18:45:00 +0000
64345,28/09/2020 21:20:04 +0300
64502,28/09/2020 01:11:15 +0000
64502,28/09/2020 01:09:40 +0000
64502,27/09/2020 23:42:30 +0000
64502,27/09/2020 23:12:01 +0000
64502,27/09/2020 23:03:17 +0000
64502,27/09/2020 21:14:55 +0000
64502,27/09/2020 06:37:44 +0000
63601,27/09/2020 12:13:49 +0900
64502,26/09/2020 21:08:13 +0000
64248,26/09/2020 23:59:26 +0300
64327,27/09/2020 00:37:52 +0900
62992,26/09/2020 12:09:30 +0800
64502,25/09/2020 22:09:25 +0000
64502,25/09/2020 20:28:19 +0000
64502,25/09/2020 19:51:04 +0000
64502,25/09/2020 19:49:26 +0000
64502,25/09/2020 19:48:04 +0000
64502,25/09/2020 19:22:12 +0000
64502,25/09/2020 15:29:26 +0000
64502,25/09/2020 15:28:51 +0000
64327,25/09/2020 23:57:15 +0900
64502,25/09/2020 13:43:28 +0000
64327,25/09/2020 22:33:55 +0900
64502,25/09/2020 12:42:22 +0000
64297,25/09/2020 14:16:46 +0300
63601,25/09/2020 10:30:57 +0900
64502,24/09/2020 22:36:53 +0000
63954,24/09/2020 17:40:43 +0300
64502,24/09/2020 05:08:35 +0000
64502,23/09/2020 18:28:08 +0000
64502,23/09/2020 18:27:45 +0000
64297,23/09/2020 21:26:46 +0300
64248,23/09/2020 21:25:14 +0300
64297,23/09/2020 17:36:43 +0300
64297,23/09/2020 16:19:26 +0300
64327,23/09/2020 21:38:12 +0900
63601,23/09/2020 20:24:47 +0900
64124,23/09/2020 17:34:29 +0800
64456,23/09/2020 11:15:02 +0200
64502,23/09/2020 09:13:48 +0000
64502,22/09/2020 17:36:06 +0000
63596,22/09/2020 15:24:40 +0300
64502,22/09/2020 08:46:28 +0000
63059,21/09/2020 21:56:28 -0500
64502,21/09/2020 20:33:30 +0000
64345,21/09/2020 22:08:58 +0300
64502,21/09/2020 18:10:33 +0000
64502,19/09/2020 17:03:08 +0000
64502,19/09/2020 16:53:34 +0000
64502,19/09/2020 16:53:15 +0000
63066,19/09/2020 16:11:12 +0800
64502,18/09/2020 15:20:45 +0000
63916,18/09/2020 17:24:34 +0300
63916,18/09/2020 16:44:47 +0300
64502,18/09/2020 16:38:37 +0300
64149,18/09/2020 16:31:16 +0300
64502,18/09/2020 13:10:36 +0000
64502,18/09/2020 13:10:10 +0000
64149,18/09/2020 16:06:23 +0300
64487,18/09/2020 16:01:14 +0300
64327,18/09/2020 21:04:24 +0900
64502,18/09/2020 06:45:27 +0300
64472,17/09/2020 22:00:03 +0300
64502,17/09/2020 13:56:17 +0000
63078,17/09/2020 21:51:50 +0900
63954,17/09/2020 15:39:10 +0300
63165,17/09/2020 14:05:22 +0300
64297,16/09/2020 21:00:05 +0000
64472,16/09/2020 17:59:19 +0300
64327,16/09/2020 15:45:03 +0900
64502,15/09/2020 19:38:02 +0000
64472,15/09/2020 14:49:35 +0300
64502,14/09/2020 20:15:38 +0000
64502,14/09/2020 18:17:58 +0000
63090,14/09/2020 14:23:38 +0300
64502,13/09/2020 13:30:56 +0000
64502,13/09/2020 12:51:41 +0000
64502,13/09/2020 11:14:56 +0000
64502,12/09/2020 22:03:12 +0000
64472,13/09/2020 01:02:21 +0300
64502,12/09/2020 22:01:09 +0000
63098,12/09/2020 22:28:11 +0200
63042,11/09/2020 11:29:31 +0100
63093,11/09/2020 02:47:53 +0300
63100,10/09/2020 17:58:34 +0530
64487,09/09/2020 10:40:02 +0300
64297,08/09/2020 20:22:26 +0300
64502,08/09/2020 11:30:10 +0000
64502,08/09/2020 11:26:48 +0000
64502,08/09/2020 10:18:37 +0000
64502,08/09/2020 09:07:23 +0000
64502,08/09/2020 06:08:58 +0000
64502,08/09/2020 06:03:23 +0000
63109,07/09/2020 21:07:38 +0200
64502,07/09/2020 17:21:55 +0000
64502,07/09/2020 17:11:46 +0000
64502,07/09/2020 17:11:09 +0000
64345,07/09/2020 20:10:03 +0300
64502,07/09/2020 16:57:21 +0000
64502,06/09/2020 22:26:32 +0000
63118,06/09/2020 16:53:25 -0400
64502,06/09/2020 20:12:15 +0000
63118,06/09/2020 15:47:43 -0400
64502,05/09/2020 18:53:51 +0000
63122,05/09/2020 14:52:10 -0400
64502,04/09/2020 17:02:08 +0000
63122,04/09/2020 13:01:05 -0400
64502,04/09/2020 15:35:10 +0000
64502,03/09/2020 21:25:38 +0000
64502,03/09/2020 21:25:20 +0000
64502,03/09/2020 18:01:38 +0000
63601,03/09/2020 21:31:11 +0900
64502,03/09/2020 07:41:03 +0000
64502,02/09/2020 22:50:21 +0000
64502,02/09/2020 22:50:00 +0000
64502,02/09/2020 22:49:13 +0000
64502,02/09/2020 22:48:09 +0000
64502,02/09/2020 21:15:19 +0000
64502,02/09/2020 19:31:22 +0000
63916,02/09/2020 22:28:10 +0300
64220,02/09/2020 14:25:36 +0530
64220,02/09/2020 12:18:41 +0530
64502,01/09/2020 22:18:20 +0000
64502,01/09/2020 22:18:20 +0000
64502,01/09/2020 20:59:00 +0000
64502,01/09/2020 20:49:59 +0000
63463,01/09/2020 22:38:21 +0200
134222,01/09/2020 19:28:25 +0900
64502,31/08/2020 20:37:41 +0000
64487,31/08/2020 12:52:55 +0300
64502,31/08/2020 09:30:06 +0000
63150,30/08/2020 10:17:50 +0200
63601,30/08/2020 07:41:54 +0900
64502,28/08/2020 18:29:44 +0000
134222,29/08/2020 03:20:05 +0900
64502,27/08/2020 17:15:42 +0000
64502,27/08/2020 17:14:32 +0000
64502,27/08/2020 17:10:23 +0000
64469,27/08/2020 15:11:45 +0300
64297,27/08/2020 13:25:04 +0300
63494,27/08/2020 12:21:02 +0200
63180,27/08/2020 07:24:07 +0200
63161,26/08/2020 19:30:12 -0300
64502,26/08/2020 15:51:25 +0000
64502,26/08/2020 12:11:43 +0000
64502,26/08/2020 11:43:17 +0000
63165,26/08/2020 13:15:59 +0300
63166,26/08/2020 05:01:16 +0900
64502,25/08/2020 18:24:30 +0000
63168,25/08/2020 16:51:43 +0300
64502,25/08/2020 13:33:39 +0000
64502,25/08/2020 13:28:21 +0000
64469,25/08/2020 13:11:08 +0300
64469,25/08/2020 13:06:09 +0300
64502,25/08/2020 07:29:42 +0000
64469,24/08/2020 23:12:49 +0300
64469,24/08/2020 23:07:25 +0300
64469,24/08/2020 21:39:05 +0300
64502,24/08/2020 14:18:08 +0000
63916,24/08/2020 14:46:32 +0300
64487,24/08/2020 10:46:53 +0300
63272,24/08/2020 12:10:42 +0800
63180,24/08/2020 05:21:42 +0200
63181,23/08/2020 18:32:58 -0400
63180,22/08/2020 23:27:39 +0200
64502,22/08/2020 20:21:49 +0300
63180,22/08/2020 01:44:40 +0200
64502,21/08/2020 19:57:34 +0000
64502,21/08/2020 18:54:40 +0000
64502,21/08/2020 18:54:08 +0000
63542,21/08/2020 23:52:30 +0900
64502,21/08/2020 13:07:26 +0000
64502,20/08/2020 21:43:14 +0000
64502,20/08/2020 19:05:50 +0000
64502,20/08/2020 13:26:02 +0000
64502,20/08/2020 13:25:02 +0000
64502,20/08/2020 13:23:12 +0000
64502,20/08/2020 13:21:58 +0000
254952,20/08/2020 14:12:33 +0200
63298,19/08/2020 15:46:55 +0300
63542,19/08/2020 17:39:24 +0900
64502,18/08/2020 20:06:17 +0000
63494,18/08/2020 16:10:56 +0200
64502,18/08/2020 13:19:18 +0000
64502,18/08/2020 13:22:25 +0300
64502,17/08/2020 19:25:54 +0000
64502,17/08/2020 19:20:04 +0000
63205,17/08/2020 21:15:19 +0200
64327,17/08/2020 21:24:54 +0900
64336,17/08/2020 14:49:11 +0300
64502,17/08/2020 10:29:12 +0000
134222,17/08/2020 19:28:44 +0900
64502,17/08/2020 08:52:01 +0000
64502,15/08/2020 22:17:33 +0000
63212,15/08/2020 00:42:26 +0200
64502,14/08/2020 17:23:24 +0000
63214,15/08/2020 02:21:23 +0900
64502,14/08/2020 17:10:36 +0000
64487,14/08/2020 19:49:42 +0300
64502,14/08/2020 13:46:46 +0000
64502,13/08/2020 18:33:18 +0000
64438,13/08/2020 16:25:41 +0530
63494,12/08/2020 23:07:35 +0200
64487,12/08/2020 17:32:16 +0300
64502,12/08/2020 13:18:20 +0000
64487,12/08/2020 15:03:46 +0300
64502,11/08/2020 18:13:52 +0000
64055,11/08/2020 11:46:47 +0300
64502,10/08/2020 20:28:41 +0000
64502,10/08/2020 20:26:50 +0000
64502,10/08/2020 20:25:49 +0000
64502,10/08/2020 20:24:54 +0000
64502,10/08/2020 17:36:58 +0000
63463,10/08/2020 15:26:40 +0200
63601,10/08/2020 20:32:42 +0900
64502,09/08/2020 20:21:17 +0000
63494,09/08/2020 21:56:21 +0200
64220,09/08/2020 14:43:20 +0530
63601,09/08/2020 16:39:24 +0900
64502,07/08/2020 10:34:22 +0000
63241,06/08/2020 23:43:47 +0200
64502,06/08/2020 20:21:47 +0000
64502,06/08/2020 14:15:52 +0000
64487,06/08/2020 15:47:34 +0300
64502,06/08/2020 08:34:04 +0300
63246,05/08/2020 17:00:56 -0700
63275,04/08/2020 22:18:32 -0400
64502,04/08/2020 20:16:22 +0000
64502,04/08/2020 16:24:11 +0000
64502,04/08/2020 16:17:07 +0000
64502,04/08/2020 16:15:53 +0000
64502,04/08/2020 09:45:32 +0000
63332,04/08/2020 08:18:38 +0300
63332,04/08/2020 08:18:38 +0300
63463,03/08/2020 20:29:57 +0200
64502,03/08/2020 18:28:18 +0000
64502,03/08/2020 18:27:11 +0000
64502,03/08/2020 18:26:53 +0000
64502,03/08/2020 18:26:12 +0000
64502,03/08/2020 18:25:14 +0000
64502,03/08/2020 18:23:11 +0000
64487,03/08/2020 21:02:49 +0300
63463,03/08/2020 20:00:59 +0200
64502,03/08/2020 17:17:04 +0300
64502,03/08/2020 17:13:34 +0300
134222,03/08/2020 23:11:55 +0900
64502,03/08/2020 13:00:41 +0000
64502,03/08/2020 11:10:37 +0000
63275,02/08/2020 16:12:13 -0400
63426,02/08/2020 22:49:46 +0300
63275,02/08/2020 12:46:05 -0400
63494,02/08/2020 18:05:20 +0200
63278,02/08/2020 14:26:48 +0200
63417,02/08/2020 13:33:23 +0300
64220,02/08/2020 12:44:35 +0530
63254,01/08/2020 20:00:49 -0300
64336,01/08/2020 15:05:05 +0300
64336,01/08/2020 15:05:05 +0300
64438,01/08/2020 17:33:07 +0530
63426,31/07/2020 23:43:38 +0300
64297,31/07/2020 15:21:22 +0000
64297,31/07/2020 09:08:10 +0000
64297,31/07/2020 09:07:35 +0000
64053,30/07/2020 21:59:15 +0200
64297,30/07/2020 19:56:31 +0000
64467,30/07/2020 18:04:22 +0300
63220,30/07/2020 17:46:37 +0300
63220,30/07/2020 17:46:37 +0300
63227,30/07/2020 11:46:49 +0800
64297,30/07/2020 01:03:55 +0300
63289,29/07/2020 18:51:55 +0200
63542,30/07/2020 01:24:25 +0900
63542,30/07/2020 01:03:34 +0900
64336,29/07/2020 16:28:01 +0300
64472,29/07/2020 16:18:52 +0300
64327,29/07/2020 17:31:39 +0900
64502,28/07/2020 17:15:02 +0000
64502,28/07/2020 17:05:58 +0000
64297,28/07/2020 13:18:15 +0000
63916,28/07/2020 14:20:36 +0300
63916,28/07/2020 13:25:56 +0300
63298,27/07/2020 17:42:15 +0300
64297,27/07/2020 08:32:25 +0000
64297,27/07/2020 08:32:02 +0000
64327,25/07/2020 23:45:51 +0900
63417,23/07/2020 14:39:40 +0300
64297,23/07/2020 08:35:50 +0000
63310,22/07/2020 21:26:27 +0300
64297,22/07/2020 16:06:23 +0000
63226,22/07/2020 23:07:17 +0800
64297,22/07/2020 08:19:31 +0000
63765,22/07/2020 10:05:55 +0300
63417,22/07/2020 07:29:56 +0300
63601,21/07/2020 19:19:08 +0900
64297,21/07/2020 09:38:35 +0000
64297,21/07/2020 08:19:42 +0000
64297,21/07/2020 08:16:31 +0000
63542,21/07/2020 10:27:43 +0900
64297,20/07/2020 16:15:49 +0000
63332,20/07/2020 15:43:00 +0300
63332,20/07/2020 15:43:00 +0300
64487,20/07/2020 12:04:20 +0300
63416,20/07/2020 07:00:09 +0300
64502,19/07/2020 17:28:05 +0000
64502,17/07/2020 23:08:18 +0000
64502,17/07/2020 22:43:40 +0000
64502,17/07/2020 22:41:57 +0000
64502,17/07/2020 21:39:06 +0000
64502,17/07/2020 17:00:54 +0000
64502,17/07/2020 17:00:06 +0000
64248,17/07/2020 18:03:25 +0300
63332,17/07/2020 14:34:06 +0300
63332,17/07/2020 14:34:06 +0300
63332,17/07/2020 14:34:06 +0300
64502,17/07/2020 10:47:12 +0000
64336,17/07/2020 05:28:50 +0300
64502,17/07/2020 02:06:19 +0000
64502,17/07/2020 00:55:31 +0000
64502,17/07/2020 00:34:46 +0000
64502,17/07/2020 00:28:33 +0000
64502,16/07/2020 20:13:27 +0000
64502,16/07/2020 20:08:00 +0000
64502,16/07/2020 20:01:44 +0000
63916,16/07/2020 21:33:35 +0300
64502,16/07/2020 15:27:21 +0000
64502,16/07/2020 13:02:18 +0000
64502,15/07/2020 22:52:08 +0000
64502,15/07/2020 22:10:45 +0000
64502,15/07/2020 20:44:53 +0000
64502,15/07/2020 18:53:46 +0000
63586,16/07/2020 03:42:05 +0900
63534,15/07/2020 21:37:08 +0300
64502,15/07/2020 12:25:23 +0000
64467,15/07/2020 14:36:13 +0300
64502,15/07/2020 10:48:02 +0000
64162,15/07/2020 10:49:05 +0300
64162,15/07/2020 01:31:25 +0300
62741,14/07/2020 18:44:12 +0200
64248,14/07/2020 11:06:49 +0300
64502,13/07/2020 19:54:49 +0000
63465,13/07/2020 22:24:46 +0300
64502,13/07/2020 18:52:34 +0000
64502,13/07/2020 17:15:41 +0000
64502,13/07/2020 17:12:31 +0000
64220,13/07/2020 21:09:38 +0530
63463,13/07/2020 14:59:10 +0200
63366,13/07/2020 08:29:54 -0400
64502,13/07/2020 11:08:33 +0000
64502,12/07/2020 13:05:14 +0000
64327,12/07/2020 21:22:12 +0900
64502,12/07/2020 11:53:46 +0000
64502,11/07/2020 19:20:49 +0000
64502,11/07/2020 19:11:03 +0000
64502,11/07/2020 19:09:21 +0000
144290,11/07/2020 08:10:15 +0200
64502,10/07/2020 15:11:53 +0000
64502,10/07/2020 14:29:21 +0000
64502,10/07/2020 10:55:01 +0000
64502,10/07/2020 10:53:55 +0000
63688,09/07/2020 16:50:20 +0000
64220,09/07/2020 19:40:44 +0530
64297,09/07/2020 16:03:04 +0300
64438,09/07/2020 18:32:21 +0530
64220,09/07/2020 18:01:33 +0530
64248,09/07/2020 14:09:59 +0300
64502,08/07/2020 21:03:43 +0000
64502,08/07/2020 20:59:29 +0000
64502,08/07/2020 20:33:40 +0000
64502,08/07/2020 20:20:19 +0000
64502,08/07/2020 20:01:35 +0000
64502,08/07/2020 20:00:12 +0000
64502,08/07/2020 19:59:42 +0000
64248,08/07/2020 19:19:37 +0300
64502,08/07/2020 07:28:40 +0000
64502,07/07/2020 19:28:53 +0000
64502,07/07/2020 10:36:01 +0000
64297,07/07/2020 13:26:43 +0300
64502,06/07/2020 23:05:04 +0000
64502,06/07/2020 23:01:27 +0000
64502,07/07/2020 01:58:17 +0300
64502,06/07/2020 22:48:07 +0000
64502,06/07/2020 22:36:35 +0000
64502,06/07/2020 21:50:23 +0000
64502,06/07/2020 20:02:15 +0000
64502,06/07/2020 20:00:51 +0000
64502,06/07/2020 19:57:53 +0000
64502,06/07/2020 14:32:42 +0000
64502,06/07/2020 14:13:38 +0000
64297,06/07/2020 14:52:52 +0300
64327,06/07/2020 18:27:19 +0900
63416,06/07/2020 11:11:59 +0300
63416,06/07/2020 11:11:59 +0300
64502,05/07/2020 22:16:46 +0000
64220,05/07/2020 20:52:35 +0530
64502,04/07/2020 17:17:57 +0000
64502,04/07/2020 17:16:57 +0000
63463,04/07/2020 19:15:44 +0200
64502,04/07/2020 17:14:34 +0000
64220,04/07/2020 18:57:28 +0530
64220,04/07/2020 12:54:56 +0530
63427,04/07/2020 00:59:19 +0200
64502,03/07/2020 22:53:44 +0000
64502,03/07/2020 21:21:27 +0000
64502,03/07/2020 21:11:11 +0000
64502,03/07/2020 19:31:41 +0000
64502,03/07/2020 19:14:05 +0000
63426,03/07/2020 22:05:50 +0300
63426,03/07/2020 21:40:01 +0300
64487,03/07/2020 21:07:08 +0300
64502,03/07/2020 11:24:11 +0000
64502,02/07/2020 11:54:28 +0000
63435,02/07/2020 03:58:53 -0700
63436,02/07/2020 03:27:34 +0200
63417,01/07/2020 23:50:09 +0300
64220,01/07/2020 23:47:57 +0530
64502,01/07/2020 18:14:08 +0000
63494,01/07/2020 18:52:05 +0200
63494,01/07/2020 18:27:07 +0200
63494,01/07/2020 18:20:02 +0200
63494,01/07/2020 18:15:01 +0200
63494,01/07/2020 00:43:42 +0200
64502,30/06/2020 19:55:53 +0000
64220,30/06/2020 21:51:23 +0530
63494,30/06/2020 10:33:07 +0200
63765,30/06/2020 11:28:36 +0300
63688,30/06/2020 06:41:55 +0000
64502,29/06/2020 21:00:18 +0000
64502,29/06/2020 20:53:34 +0000
64502,29/06/2020 19:54:40 +0000
64502,29/06/2020 19:15:24 +0000
64502,29/06/2020 19:13:59 +0000
63465,29/06/2020 20:57:44 +0300
64502,29/06/2020 17:46:09 +0000
63272,29/06/2020 15:50:24 +0800
64470,29/06/2020 01:49:00 +0300
63494,28/06/2020 16:55:50 +0200
64502,28/06/2020 08:14:54 +0000
169954,28/06/2020 04:34:44 +0800
64502,27/06/2020 20:17:16 +0000
64502,27/06/2020 20:12:08 +0000
64502,27/06/2020 20:08:36 +0000
63186,27/06/2020 15:04:00 +0800
64502,26/06/2020 22:51:34 +0000
63463,27/06/2020 00:34:52 +0200
64502,26/06/2020 22:31:02 +0000
63494,26/06/2020 23:08:04 +0200
63465,26/06/2020 22:41:29 +0300
64502,26/06/2020 19:22:20 +0000
64502,26/06/2020 17:41:53 +0000
64327,26/06/2020 16:36:59 +0900
63601,25/06/2020 21:27:31 +0900
134222,25/06/2020 20:34:31 +0900
64502,25/06/2020 09:42:58 +0000
64502,25/06/2020 09:12:40 +0000
64502,25/06/2020 08:22:20 +0000
63476,25/06/2020 00:43:12 +0300
64283,24/06/2020 23:58:18 +0300
64283,24/06/2020 23:58:18 +0300
64502,24/06/2020 10:57:37 +0000
64502,24/06/2020 10:57:07 +0000
64502,24/06/2020 09:44:51 +0000
64470,24/06/2020 06:28:16 +0000
64470,23/06/2020 20:35:56 +0000
64470,23/06/2020 19:15:47 +0000
64502,23/06/2020 18:44:50 +0000
64502,23/06/2020 18:43:50 +0000
64502,23/06/2020 18:29:55 +0000
64502,23/06/2020 12:51:21 +0000
63727,23/06/2020 20:39:55 +0800
63489,23/06/2020 21:36:47 +0900
64502,23/06/2020 11:01:47 +0000
63099,23/06/2020 14:36:32 +0530
63494,22/06/2020 22:53:05 +0200
64467,22/06/2020 23:22:21 +0300
64467,22/06/2020 21:35:52 +0300
64467,22/06/2020 21:35:52 +0300
64220,22/06/2020 19:09:36 +0530
64502,22/06/2020 12:10:34 +0000
64502,22/06/2020 11:36:40 +0000
64502,22/06/2020 11:33:35 +0000
64502,22/06/2020 10:31:33 +0000
64470,22/06/2020 09:27:26 +0000
64283,22/06/2020 11:45:56 +0300
64283,22/06/2020 11:45:56 +0300
64472,22/06/2020 00:46:41 +0300
64502,21/06/2020 17:49:14 +0000
64327,21/06/2020 07:20:47 +0900
64502,20/06/2020 22:01:36 +0000
64502,20/06/2020 21:07:05 +0000
64502,19/06/2020 21:35:07 +0000
64327,19/06/2020 20:46:18 +0900
64487,19/06/2020 14:34:13 +0300
64502,19/06/2020 07:33:50 +0000
64502,19/06/2020 07:21:19 +0000
64327,19/06/2020 07:56:37 +0900
64502,18/06/2020 20:54:28 +0000
64502,18/06/2020 20:52:33 +0000
64502,18/06/2020 20:51:52 +0000
63494,18/06/2020 16:30:29 +0200
64327,18/06/2020 21:25:15 +0900
64182,18/06/2020 14:31:11 +0300
63593,18/06/2020 13:30:36 +0200
63519,18/06/2020 11:48:43 +0200
63519,18/06/2020 11:09:08 +0200
63522,18/06/2020 10:40:43 +0300
64502,18/06/2020 07:39:14 +0000
64502,18/06/2020 07:38:16 +0000
64327,17/06/2020 22:02:51 +0900
64438,17/06/2020 14:37:52 +0530
64124,17/06/2020 17:05:04 +0800
64502,17/06/2020 08:45:55 +0000
64502,17/06/2020 07:58:35 +0000
63464,17/06/2020 12:00:18 +0530
64502,16/06/2020 20:06:56 +0000
64502,16/06/2020 19:53:51 +0000
63534,16/06/2020 22:48:09 +0300
64487,16/06/2020 20:09:25 +0300
63542,17/06/2020 01:04:22 +0900
63494,16/06/2020 16:51:41 +0200
63536,16/06/2020 00:11:26 -0400
64502,16/06/2020 02:14:04 +0000
63601,16/06/2020 08:15:27 +0900
64502,15/06/2020 19:26:11 +0000
64502,15/06/2020 18:38:19 +0000
64502,15/06/2020 18:02:03 +0000
63542,16/06/2020 01:43:51 +0900
63601,15/06/2020 23:17:19 +0900
63601,15/06/2020 23:16:22 +0900
63601,15/06/2020 23:15:05 +0900
64283,15/06/2020 16:02:52 +0300
64283,15/06/2020 16:02:52 +0300
64502,14/06/2020 11:08:53 +0000
64502,14/06/2020 11:08:16 +0000
64502,13/06/2020 18:36:34 +0000
64220,13/06/2020 16:53:27 +0530
64502,12/06/2020 22:20:50 +0000
64502,12/06/2020 22:18:04 +0000
64502,12/06/2020 21:24:34 +0000
63553,12/06/2020 20:59:43 +0200
64283,12/06/2020 20:27:21 +0300
64502,12/06/2020 10:07:58 +0000
64502,12/06/2020 09:44:42 +0000
64502,12/06/2020 06:58:14 +0000
64502,12/06/2020 06:55:34 +0000
64327,11/06/2020 23:06:18 +0900
64220,11/06/2020 19:31:48 +0530
169954,11/06/2020 15:34:31 +0800
64502,10/06/2020 12:13:06 +0000
63569,10/06/2020 09:53:18 +0200
64502,10/06/2020 07:01:04 +0000
64475,10/06/2020 12:23:18 +0530
64502,09/06/2020 11:11:39 +0000
64502,09/06/2020 09:31:16 +0000
64502,09/06/2020 07:51:59 +0000
169954,09/06/2020 15:49:31 +0800
64502,09/06/2020 07:39:10 +0000
64502,09/06/2020 02:54:52 +0000
64502,09/06/2020 02:27:13 +0000
64502,08/06/2020 21:03:05 +0000
64502,08/06/2020 19:50:55 +0000
64502,08/06/2020 19:35:34 +0000
64297,08/06/2020 21:57:27 +0300
64297,08/06/2020 21:57:27 +0300
64502,08/06/2020 18:46:27 +0000
64502,08/06/2020 18:38:56 +0000
63586,09/06/2020 03:32:53 +0900
64502,08/06/2020 18:07:08 +0000
63765,08/06/2020 17:31:18 +0300
64297,08/06/2020 16:39:23 +0300
64297,08/06/2020 16:39:23 +0300
64502,08/06/2020 11:04:33 +0000
64502,08/06/2020 09:17:13 +0000
64502,06/06/2020 19:37:11 +0000
64502,05/06/2020 19:54:41 +0000
64297,05/06/2020 20:55:53 +0300
63593,05/06/2020 19:35:26 +0200
64502,05/06/2020 10:37:48 +0000
64502,05/06/2020 00:51:22 +0300
64502,04/06/2020 17:55:00 +0000
64502,04/06/2020 17:32:08 +0000
64502,04/06/2020 17:10:04 +0000
63600,04/06/2020 18:07:54 +0100
63596,04/06/2020 19:55:49 +0300
63601,04/06/2020 21:07:30 +0900
64502,04/06/2020 10:32:30 +0000
64502,04/06/2020 08:47:43 +0000
64390,04/06/2020 09:59:09 +0300
64487,04/06/2020 09:36:52 +0300
64502,03/06/2020 23:46:08 +0000
64502,03/06/2020 12:55:55 +0000
63309,02/06/2020 18:34:52 +0300
64297,02/06/2020 17:53:30 +0300
64502,02/06/2020 12:42:04 +0000
64502,02/06/2020 12:40:06 +0000
64502,01/06/2020 20:43:35 +0000
64327,02/06/2020 05:07:53 +0900
64502,01/06/2020 18:02:07 +0000
64336,01/06/2020 21:01:20 +0300
64502,01/06/2020 17:58:12 +0000
64336,01/06/2020 14:33:09 +0300
64502,31/05/2020 19:51:56 +0000
64502,31/05/2020 16:18:37 +0000
64502,31/05/2020 15:22:03 +0000
64502,30/05/2020 17:34:20 +0000
63623,31/05/2020 01:33:17 +0800
64502,29/05/2020 19:52:26 +0000
64502,29/05/2020 18:38:34 +0000
64502,29/05/2020 17:32:48 +0000
63765,29/05/2020 16:20:28 +0300
64502,29/05/2020 10:40:42 +0000
64473,29/05/2020 10:41:05 +0200
63624,28/05/2020 21:29:10 -0500
63630,29/05/2020 09:54:46 +0800
64502,28/05/2020 23:35:11 +0000
64487,29/05/2020 01:54:19 +0300
64502,28/05/2020 22:52:21 +0000
64502,28/05/2020 22:48:52 +0000
64502,28/05/2020 21:37:15 +0000
64336,28/05/2020 21:36:28 +0300
64502,28/05/2020 11:45:19 +0000
63765,28/05/2020 13:59:31 +0300
64502,27/05/2020 19:20:39 +0000
64297,27/05/2020 17:52:17 +0300
64502,27/05/2020 11:28:09 +0000
63644,27/05/2020 16:20:07 +0800
64502,27/05/2020 07:55:32 +0000
64487,26/05/2020 22:01:47 +0300
64502,26/05/2020 16:33:12 +0000
64502,26/05/2020 16:20:32 +0000
64487,26/05/2020 16:59:50 +0300
64502,26/05/2020 12:45:55 +0000
64502,26/05/2020 09:52:13 +0000
64467,26/05/2020 10:51:26 +0300
63651,25/05/2020 22:33:34 +0200
63652,25/05/2020 23:25:18 +0300
64502,25/05/2020 19:59:58 +0000
63654,25/05/2020 11:49:37 -0700
64502,25/05/2020 18:46:14 +0000
64502,25/05/2020 17:55:06 +0000
63611,25/05/2020 15:06:05 +0200
64487,25/05/2020 15:34:11 +0300
64502,25/05/2020 11:00:13 +0000
64162,25/05/2020 11:59:28 +0300
63661,25/05/2020 00:48:44 +0200
63661,25/05/2020 00:46:41 +0200
64220,24/05/2020 19:01:17 +0530
63663,23/05/2020 14:25:01 -0400
64502,23/05/2020 18:18:55 +0000
64502,22/05/2020 19:06:42 +0000
64502,22/05/2020 18:49:42 +0000
64502,22/05/2020 10:50:41 +0000
64502,22/05/2020 08:12:10 +0000
64502,21/05/2020 20:41:17 +0000
64502,21/05/2020 20:15:55 +0000
63676,21/05/2020 10:34:17 -0400
64502,21/05/2020 13:53:29 +0000
64502,21/05/2020 12:59:30 +0000
63562,21/05/2020 08:36:19 -0400
63676,21/05/2020 07:55:11 -0400
63676,21/05/2020 07:16:54 -0400
64502,20/05/2020 18:14:27 +0000
63679,20/05/2020 18:05:21 +0300
63679,20/05/2020 17:30:13 +0300
63757,19/05/2020 18:59:28 -0400
64220,19/05/2020 23:15:02 +0530
64487,19/05/2020 15:29:50 +0300
64502,19/05/2020 11:48:05 +0000
64502,19/05/2020 08:30:54 +0000
64502,18/05/2020 17:50:16 +0000
64502,18/05/2020 17:47:16 +0000
63687,18/05/2020 11:53:17 -0400
63688,18/05/2020 14:53:05 +0000
64502,18/05/2020 11:51:59 +0000
64502,17/05/2020 20:33:05 +0000
63494,17/05/2020 00:06:47 +0200
64502,16/05/2020 18:49:22 +0000
63494,16/05/2020 20:13:00 +0200
64502,15/05/2020 16:51:29 +0000
64502,15/05/2020 15:48:45 +0000
63699,15/05/2020 14:41:55 +0300
63700,15/05/2020 00:46:25 +0200
64467,15/05/2020 00:53:38 +0300
63694,14/05/2020 13:43:03 -0700
64297,14/05/2020 23:20:28 +0300
63694,14/05/2020 12:48:37 -0700
64467,14/05/2020 21:48:14 +0300
64502,14/05/2020 17:13:29 +0000
64415,14/05/2020 22:00:01 +0530
64502,14/05/2020 12:17:51 +0000
64502,14/05/2020 12:17:26 +0000
64502,14/05/2020 07:08:41 +0000
64502,14/05/2020 06:59:27 +0000
64502,14/05/2020 06:58:42 +0000
64502,14/05/2020 06:57:36 +0000
64502,14/05/2020 06:55:52 +0000
64502,14/05/2020 06:55:08 +0000
64467,13/05/2020 23:51:52 +0300
64327,14/05/2020 05:44:14 +0900
63716,13/05/2020 13:14:05 -0700
64467,13/05/2020 22:15:22 +0300
64487,13/05/2020 14:44:23 +0300
64502,13/05/2020 08:27:04 +0000
64502,12/05/2020 19:24:28 +0000
64502,12/05/2020 19:00:49 +0000
64502,12/05/2020 18:58:54 +0000
64502,12/05/2020 18:53:35 +0000
64502,12/05/2020 18:50:58 +0000
64502,12/05/2020 16:52:27 +0000
64487,12/05/2020 15:50:31 +0300
64487,12/05/2020 15:33:57 +0300
64162,12/05/2020 14:06:50 +0300
64502,12/05/2020 10:53:23 +0000
64502,12/05/2020 07:35:14 +0000
64502,12/05/2020 07:34:00 +0000
64502,11/05/2020 19:25:50 +0000
64502,11/05/2020 19:23:55 +0000
64220,11/05/2020 11:01:01 +0530
63735,10/05/2020 11:20:27 -0400
64220,10/05/2020 16:53:28 +0530
63727,10/05/2020 16:30:24 +0800
64502,10/05/2020 08:16:33 +0000
64502,09/05/2020 22:24:06 +0300
64438,09/05/2020 22:50:30 +0530
64502,08/05/2020 18:59:40 +0000
64502,08/05/2020 18:31:11 +0000
63757,08/05/2020 14:22:30 -0400
63706,08/05/2020 12:22:04 +0200
63738,07/05/2020 13:55:05 -0400
64502,07/05/2020 08:44:02 +0000
64502,07/05/2020 08:43:16 +0000
64502,07/05/2020 08:42:50 +0000
64502,06/05/2020 19:52:58 +0000
64502,06/05/2020 19:46:34 +0000
64502,06/05/2020 22:45:05 +0300
63765,06/05/2020 16:53:41 +0300
64394,06/05/2020 16:43:06 +0300
63754,06/05/2020 15:23:55 +0300
63757,05/05/2020 18:05:58 -0400
64467,05/05/2020 13:07:26 +0300
63757,04/05/2020 23:50:22 -0400
63757,04/05/2020 23:20:52 -0400
63749,04/05/2020 09:59:42 -0700
63759,03/05/2020 11:19:04 +0530
64502,01/05/2020 07:29:10 +0000
64502,30/04/2020 13:55:31 +0000
64487,30/04/2020 16:53:44 +0300
64162,30/04/2020 02:39:19 +0300
64502,29/04/2020 20:53:54 +0000
64502,29/04/2020 20:01:10 +0000
63765,29/04/2020 17:08:51 +0300
63766,29/04/2020 17:55:59 +0800
64502,28/04/2020 16:53:19 +0000
64502,28/04/2020 16:42:34 +0000
64502,28/04/2020 16:36:14 +0000
64327,28/04/2020 21:46:31 +0900
64502,28/04/2020 10:41:41 +0000
64469,28/04/2020 11:38:39 +0300
64502,28/04/2020 08:37:46 +0000
64502,28/04/2020 08:36:51 +0000
64502,27/04/2020 18:19:14 +0000
64502,27/04/2020 18:18:16 +0000
64502,27/04/2020 18:17:15 +0000
64502,27/04/2020 12:43:32 +0000
64502,27/04/2020 12:24:37 +0000
64502,27/04/2020 12:23:44 +0000
64487,26/04/2020 20:42:11 +0300
63853,26/04/2020 00:17:39 -0600
64470,26/04/2020 04:42:42 +0000
64470,25/04/2020 20:33:59 +0000
64470,24/04/2020 18:32:18 +0000
64502,24/04/2020 18:15:15 +0000
64502,24/04/2020 17:46:53 +0000
64502,24/04/2020 17:40:57 +0000
64502,24/04/2020 17:25:31 +0000
64470,24/04/2020 16:36:35 +0000
64220,24/04/2020 12:54:17 +0530
64502,23/04/2020 22:39:45 +0000
64502,23/04/2020 19:41:15 +0000
64149,23/04/2020 20:47:55 +0300
64502,23/04/2020 12:07:26 +0000
64502,22/04/2020 23:06:14 +0000
64502,22/04/2020 22:33:12 +0000
64502,22/04/2020 21:41:36 +0000
64502,22/04/2020 11:42:33 +0000
64502,22/04/2020 09:47:45 +0000
64502,22/04/2020 09:08:02 +0000
64502,22/04/2020 09:01:25 +0000
64487,22/04/2020 09:52:20 +0300
64502,21/04/2020 21:08:52 +0000
64502,21/04/2020 21:03:35 +0000
64502,21/04/2020 21:02:41 +0000
64368,21/04/2020 23:44:50 +0300
64149,21/04/2020 23:22:01 +0300
64415,21/04/2020 19:31:52 +0530
64297,21/04/2020 15:17:45 +0300
64415,21/04/2020 16:08:58 +0530
64487,21/04/2020 12:26:58 +0300
64487,21/04/2020 10:34:56 +0300
64502,21/04/2020 06:58:21 +0000
64502,21/04/2020 06:19:48 +0000
64502,21/04/2020 06:19:16 +0000
64502,21/04/2020 04:14:18 +0000
64502,20/04/2020 18:00:01 +0000
64502,20/04/2020 17:24:18 +0000
64502,19/04/2020 20:41:18 +0000
64502,19/04/2020 19:47:32 +0000
64502,19/04/2020 19:21:31 +0000
64502,19/04/2020 18:06:09 +0000
64502,19/04/2020 17:38:23 +0000
63793,19/04/2020 12:51:27 +0100
63853,19/04/2020 01:14:09 -0600
63829,18/04/2020 22:08:36 -0400
64502,18/04/2020 21:41:59 +0000
64467,18/04/2020 19:42:48 +0300
64502,17/04/2020 21:24:41 +0000
64502,17/04/2020 21:22:07 +0000
64297,17/04/2020 17:28:42 +0300
63836,17/04/2020 17:46:39 +0530
63837,17/04/2020 13:08:32 +0200
64502,17/04/2020 08:56:29 +0000
64502,16/04/2020 18:28:27 +0000
64502,16/04/2020 18:17:22 +0000
64502,16/04/2020 17:37:08 +0000
64502,16/04/2020 16:34:45 +0000
64327,17/04/2020 00:59:15 +0900
64502,16/04/2020 14:46:38 +0000
64502,16/04/2020 12:19:58 +0000
64502,16/04/2020 11:19:08 +0000
64502,16/04/2020 09:44:08 +0000
64502,16/04/2020 09:43:44 +0000
64502,16/04/2020 09:43:20 +0000
64502,16/04/2020 05:33:54 +0000
63851,16/04/2020 09:05:00 +0900
64327,16/04/2020 08:24:14 +0900
63853,15/04/2020 16:06:14 -0600
64502,15/04/2020 18:33:41 +0000
64502,15/04/2020 18:30:09 +0000
64502,15/04/2020 17:24:34 +0000
64467,15/04/2020 18:12:56 +0300
64390,15/04/2020 17:45:20 +0300
64327,15/04/2020 23:25:12 +0900
64502,15/04/2020 12:53:42 +0000
64469,15/04/2020 14:25:39 +0300
64469,15/04/2020 14:12:31 +0300
64297,15/04/2020 11:18:03 +0300
64502,14/04/2020 19:06:01 +0000
64502,14/04/2020 15:15:44 +0000
64502,14/04/2020 15:14:35 +0000
62718,14/04/2020 14:23:43 +0200
64467,14/04/2020 13:54:54 +0300
63871,14/04/2020 00:23:53 -0300
63900,14/04/2020 00:53:01 +0300
64502,13/04/2020 21:17:11 +0000
64502,13/04/2020 21:17:11 +0000
64502,13/04/2020 20:00:12 +0000
64502,13/04/2020 18:17:50 +0000
64502,13/04/2020 13:12:12 +0000
64502,13/04/2020 12:34:08 +0000
64502,13/04/2020 11:26:12 +0000
63992,13/04/2020 11:17:08 +0300
63878,13/04/2020 08:59:31 +0200
64502,13/04/2020 04:29:55 +0000
64502,13/04/2020 03:53:03 +0000
64283,12/04/2020 23:36:21 +0300
64502,12/04/2020 18:18:17 +0000
64502,12/04/2020 17:15:48 +0000
64327,12/04/2020 23:58:53 +0900
64502,11/04/2020 17:24:36 +0000
64502,10/04/2020 16:57:17 +0000
64502,10/04/2020 16:32:15 +0000
64502,10/04/2020 12:23:52 +0000
63889,10/04/2020 20:23:13 +0800
63884,10/04/2020 12:06:09 +0530
64327,10/04/2020 06:15:16 +0900
64502,09/04/2020 19:19:20 +0000
63887,09/04/2020 05:19:23 -0400
64502,09/04/2020 08:28:20 +0000
64502,08/04/2020 20:23:20 +0300
64502,08/04/2020 16:46:34 +0000
64502,08/04/2020 14:50:00 +0000
63992,08/04/2020 17:13:33 +0300
63900,08/04/2020 17:05:43 +0300
64502,08/04/2020 13:56:57 +0000
64502,08/04/2020 13:29:51 +0000
64502,08/04/2020 13:28:25 +0000
64390,08/04/2020 13:55:44 +0300
64502,08/04/2020 10:19:09 +0000
64502,08/04/2020 10:18:33 +0000
64297,08/04/2020 12:19:00 +0300
64467,08/04/2020 12:09:45 +0300
64502,07/04/2020 22:01:18 +0000
63913,07/04/2020 15:58:25 -0400
64502,07/04/2020 19:55:37 +0000
64502,07/04/2020 19:55:01 +0000
64297,07/04/2020 20:25:10 +0300
63916,07/04/2020 18:53:24 +0300
64502,07/04/2020 14:59:42 +0000
64502,07/04/2020 14:51:14 +0000
63919,07/04/2020 16:14:51 +0200
64487,07/04/2020 17:12:18 +0300
64470,07/04/2020 16:17:21 +0300
64297,07/04/2020 16:03:17 +0300
64502,07/04/2020 12:54:27 +0000
64502,07/04/2020 11:01:53 +0000
64502,07/04/2020 10:05:44 +0000
63883,07/04/2020 17:01:45 +0800
64327,07/04/2020 14:34:55 +0900
63954,07/04/2020 00:34:29 +0300
64502,06/04/2020 18:14:35 +0000
64502,06/04/2020 15:57:43 +0000
64502,06/04/2020 15:57:08 +0000
64502,06/04/2020 15:55:33 +0000
63954,06/04/2020 18:53:54 +0300
64149,06/04/2020 18:21:08 +0300
64502,06/04/2020 15:19:32 +0000
64502,06/04/2020 15:17:23 +0000
63937,06/04/2020 10:49:02 -0400
64502,06/04/2020 14:35:52 +0000
64502,06/04/2020 14:35:14 +0000
64502,06/04/2020 14:06:40 +0000
64502,06/04/2020 11:37:17 +0000
63884,05/04/2020 11:02:12 +0530
63945,05/04/2020 11:57:04 +0800
64467,04/04/2020 20:27:59 +0300
64327,05/04/2020 01:39:47 +0900
63946,04/04/2020 15:30:38 +0200
64467,04/04/2020 16:02:17 +0300
63895,04/04/2020 09:39:28 +0900
64487,03/04/2020 15:40:11 +0300
64502,03/04/2020 11:50:25 +0000
64502,03/04/2020 11:45:28 +0000
64502,03/04/2020 11:44:22 +0000
64502,03/04/2020 11:24:31 +0000
63942,02/04/2020 21:32:03 -0400
64502,02/04/2020 19:59:58 +0000
64502,02/04/2020 18:34:38 +0000
64149,02/04/2020 21:19:45 +0300
64502,02/04/2020 18:13:58 +0000
64502,02/04/2020 17:56:50 +0000
64502,02/04/2020 16:51:28 +0000
64502,02/04/2020 13:06:34 +0000
64502,02/04/2020 10:10:57 +0000
64297,02/04/2020 12:49:46 +0300
64502,02/04/2020 09:26:09 +0000
64502,02/04/2020 09:25:47 +0000
63992,02/04/2020 12:05:34 +0300
64502,01/04/2020 18:50:12 +0000
64502,01/04/2020 18:45:02 +0000
64149,01/04/2020 21:40:38 +0300
64502,01/04/2020 18:34:20 +0000
64297,01/04/2020 14:40:11 +0300
64502,01/04/2020 01:46:26 +0300
64502,01/04/2020 01:46:13 +0300
64502,31/03/2020 12:19:34 +0000
64502,31/03/2020 12:19:34 +0000
64502,30/03/2020 15:38:40 +0000
64502,30/03/2020 13:07:35 +0000
64502,29/03/2020 16:36:06 +0000
64502,29/03/2020 02:41:50 +0000
64502,29/03/2020 02:08:27 +0000
64467,28/03/2020 18:53:57 +0300
64502,27/03/2020 16:49:59 +0000
64502,27/03/2020 16:44:05 +0000
64502,27/03/2020 16:43:23 +0000
64502,27/03/2020 16:42:53 +0000
64502,27/03/2020 16:42:14 +0000
64502,27/03/2020 16:06:19 +0000
64502,27/03/2020 16:00:48 +0000
64502,27/03/2020 11:39:07 +0000
64502,27/03/2020 11:38:56 +0000
169954,27/03/2020 18:12:10 +0800
64338,27/03/2020 08:18:58 +0100
64502,27/03/2020 01:40:28 +0000
64502,26/03/2020 19:05:07 +0000
63775,27/03/2020 02:05:33 +0800
64502,26/03/2020 16:27:23 +0000
63992,26/03/2020 12:08:14 +0300
64502,25/03/2020 15:53:08 +0000
64502,25/03/2020 15:52:15 +0000
64467,25/03/2020 15:34:28 +0300
64472,25/03/2020 14:23:32 +0300
64502,25/03/2020 02:23:39 +0000
64502,24/03/2020 16:15:15 +0300
64502,24/03/2020 11:12:11 +0000
64472,24/03/2020 13:51:18 +0300
64502,24/03/2020 10:48:40 +0000
64297,24/03/2020 12:22:26 +0300
64502,24/03/2020 08:58:30 +0000
64502,24/03/2020 08:58:30 +0000
64502,24/03/2020 08:41:11 +0000
64502,24/03/2020 08:40:46 +0000
64502,24/03/2020 11:40:18 +0300
64502,24/03/2020 08:39:39 +0000
64502,24/03/2020 08:39:05 +0000
64502,23/03/2020 22:04:48 +0000
64502,23/03/2020 20:37:08 +0000
64502,23/03/2020 18:43:45 +0000
64502,23/03/2020 18:09:21 +0000
64502,23/03/2020 16:54:35 +0000
64502,23/03/2020 16:23:37 +0000
64502,23/03/2020 16:22:17 +0000
64220,23/03/2020 19:47:00 +0530
64502,23/03/2020 12:58:44 +0000
64502,23/03/2020 12:58:23 +0000
64297,23/03/2020 14:46:21 +0300
64502,23/03/2020 01:15:49 +0000
64502,22/03/2020 23:55:11 +0000
64502,22/03/2020 23:15:57 +0300
64502,22/03/2020 20:15:11 +0000
64220,22/03/2020 22:18:52 +0530
64467,22/03/2020 18:50:15 +0300
64467,22/03/2020 16:04:30 +0300
64467,22/03/2020 00:20:36 +0300
64502,21/03/2020 17:06:01 +0000
64502,21/03/2020 17:04:34 +0000
64502,21/03/2020 17:04:09 +0000
64037,21/03/2020 11:15:07 +0200
64502,21/03/2020 00:51:34 +0000
64502,21/03/2020 00:25:49 +0000
64502,20/03/2020 21:41:15 +0000
64502,20/03/2020 21:04:29 +0000
64502,20/03/2020 19:32:55 +0000
64248,20/03/2020 17:20:01 +0300
64502,20/03/2020 13:04:04 +0000
64124,20/03/2020 18:10:39 +0800
64077,20/03/2020 00:39:54 +0300
64420,19/03/2020 22:22:36 +0530
64502,19/03/2020 16:50:38 +0000
64502,19/03/2020 16:43:43 +0000
64502,19/03/2020 16:43:16 +0000
64502,19/03/2020 16:42:55 +0000
64472,19/03/2020 15:12:09 +0300
64502,18/03/2020 23:05:03 +0000
64248,18/03/2020 18:55:36 +0300
64055,18/03/2020 18:46:43 +0300
64056,18/03/2020 20:49:55 +0530
64057,18/03/2020 17:45:09 +0900
64248,18/03/2020 02:38:24 +0300
64467,18/03/2020 00:00:24 +0300
64297,17/03/2020 21:12:54 +0300
64502,17/03/2020 16:29:43 +0000
64487,17/03/2020 17:31:01 +0300
64470,17/03/2020 15:09:23 +0300
64220,17/03/2020 16:08:04 +0530
64470,17/03/2020 13:23:33 +0300
64502,17/03/2020 10:12:47 +0000
64248,17/03/2020 11:55:05 +0300
64502,16/03/2020 18:52:15 +0000
64502,16/03/2020 18:48:19 +0000
64502,16/03/2020 18:47:36 +0000
64053,16/03/2020 18:05:07 +0100
64470,16/03/2020 19:34:08 +0300
64297,16/03/2020 18:49:16 +0300
64248,16/03/2020 18:05:41 +0300
64502,16/03/2020 15:04:49 +0000
64076,16/03/2020 07:12:29 -0700
64077,16/03/2020 17:10:25 +0300
64297,16/03/2020 15:49:51 +0300
64297,16/03/2020 15:49:51 +0300
64467,16/03/2020 15:49:37 +0300
64467,15/03/2020 23:21:58 +0300
64502,15/03/2020 19:49:50 +0000
64467,15/03/2020 22:33:05 +0300
64502,14/03/2020 23:17:25 +0000
64502,14/03/2020 22:00:18 +0000
64357,14/03/2020 22:14:17 +0200
64502,14/03/2020 13:47:50 +0000
64502,14/03/2020 13:38:05 +0000
64487,14/03/2020 14:05:49 +0300
64502,14/03/2020 10:59:27 +0000
64502,13/03/2020 18:02:50 +0000
64470,13/03/2020 18:33:27 +0300
64502,13/03/2020 11:49:01 +0000
64162,13/03/2020 12:46:18 +0300
64248,12/03/2020 17:30:49 +0300
64470,12/03/2020 16:35:14 +0300
64502,12/03/2020 13:05:52 +0000
64502,12/03/2020 12:10:32 +0000
64502,12/03/2020 12:04:47 +0000
64470,12/03/2020 14:29:31 +0300
64162,12/03/2020 13:29:54 +0300
64502,12/03/2020 10:12:24 +0000
64470,12/03/2020 13:07:33 +0300
64229,11/03/2020 21:56:56 +0100
64162,11/03/2020 18:16:56 +0300
64502,11/03/2020 12:57:15 +0000
63954,11/03/2020 15:45:35 +0300
64502,11/03/2020 12:38:45 +0000
64502,11/03/2020 12:35:33 +0000
64502,11/03/2020 10:57:47 +0000
64502,11/03/2020 10:24:55 +0000
64502,11/03/2020 10:08:55 +0000
64162,11/03/2020 11:23:15 +0300
64502,10/03/2020 22:44:14 +0000
64502,10/03/2020 22:39:30 +0000
64502,10/03/2020 22:30:51 +0000
64502,10/03/2020 22:02:47 +0000
64502,10/03/2020 19:01:01 +0000
64502,10/03/2020 18:34:39 +0000
64502,10/03/2020 13:52:32 +0000
64469,10/03/2020 16:44:22 +0300
64470,10/03/2020 15:00:03 +0300
64470,10/03/2020 14:53:43 +0300
64119,10/03/2020 14:44:16 +0300
64438,10/03/2020 15:15:19 +0530
64502,09/03/2020 22:21:29 +0000
64502,09/03/2020 19:50:00 +0000
64124,09/03/2020 22:59:23 +0800
64467,08/03/2020 20:15:18 +0300
64502,07/03/2020 19:07:17 +0000
64502,07/03/2020 22:06:47 +0300
64502,07/03/2020 17:16:06 +0000
64502,07/03/2020 15:37:21 +0000
64502,06/03/2020 20:00:55 +0000
64502,06/03/2020 19:07:21 +0000
64502,06/03/2020 19:04:43 +0000
64502,06/03/2020 19:03:43 +0000
64502,06/03/2020 18:01:55 +0000
64502,06/03/2020 13:43:23 +0000
64502,06/03/2020 13:18:41 +0000
64502,06/03/2020 12:52:00 +0000
64502,06/03/2020 12:26:48 +0000
64502,06/03/2020 12:08:43 +0000
64502,06/03/2020 14:30:48 +0300
64502,06/03/2020 09:02:25 +0000
64162,06/03/2020 11:18:30 +0300
385691,05/03/2020 14:26:35 -0800
64467,05/03/2020 23:53:50 +0300
64502,05/03/2020 12:25:20 +0000
64502,05/03/2020 11:56:07 +0000
64502,05/03/2020 10:58:51 +0000
64502,05/03/2020 10:53:23 +0000
64149,05/03/2020 11:52:10 +0300
64149,05/03/2020 11:41:36 +0300
64502,04/03/2020 20:49:09 +0000
64502,04/03/2020 23:42:41 +0300
64502,04/03/2020 22:28:04 +0300
64502,04/03/2020 11:42:31 +0300
64487,04/03/2020 11:27:10 +0300
64502,03/03/2020 20:23:10 +0000
64502,03/03/2020 15:41:53 +0000
64153,03/03/2020 14:16:32 +0200
64502,03/03/2020 11:45:24 +0000
64162,03/03/2020 11:37:40 +0300
64502,03/03/2020 08:01:44 +0000
64469,03/03/2020 10:29:00 +0300
64502,02/03/2020 17:13:02 +0300
64502,02/03/2020 14:07:32 +0000
64487,02/03/2020 15:45:29 +0300
64297,02/03/2020 15:33:42 +0300
64502,01/03/2020 10:15:55 +0000
64420,01/03/2020 15:09:15 +0530
64502,29/02/2020 21:20:40 +0300
169954,29/02/2020 18:59:43 +0800
64438,29/02/2020 14:16:14 +0530
64502,28/02/2020 18:34:37 +0000
64205,28/02/2020 19:21:03 +0100
64175,28/02/2020 18:17:30 +0000
64425,28/02/2020 11:34:06 -0500
64502,28/02/2020 16:31:59 +0000
64502,28/02/2020 14:41:07 +0000
64470,28/02/2020 16:46:22 +0300
64220,28/02/2020 15:44:37 +0530
64390,28/02/2020 10:01:24 +0300
64182,28/02/2020 00:03:38 +0200
64502,27/02/2020 20:55:49 +0000
64502,27/02/2020 20:42:45 +0000
64502,27/02/2020 19:52:02 +0000
64502,27/02/2020 19:43:06 +0000
64502,27/02/2020 19:04:28 +0000
64502,27/02/2020 17:05:27 +0000
64467,27/02/2020 17:45:28 +0300
64470,27/02/2020 16:02:32 +0300
64470,27/02/2020 14:28:50 +0300
64337,26/02/2020 22:59:02 -0800
64502,27/02/2020 05:36:59 +0000
64470,26/02/2020 20:09:03 +0300
64502,26/02/2020 17:07:49 +0000
64470,26/02/2020 18:43:31 +0300
64502,26/02/2020 14:54:57 +0000
64467,26/02/2020 17:51:18 +0300
64415,26/02/2020 20:18:50 +0530
64502,26/02/2020 14:36:08 +0000
64502,26/02/2020 14:03:52 +0000
64502,26/02/2020 12:47:46 +0000
64470,26/02/2020 15:10:30 +0300
64502,26/02/2020 11:44:16 +0000
64208,25/02/2020 22:04:11 +0300
64470,25/02/2020 17:04:27 +0300
64502,25/02/2020 12:57:11 +0000
64502,24/02/2020 20:53:14 +0000
64502,24/02/2020 18:22:06 +0000
64502,24/02/2020 18:18:33 +0000
64220,24/02/2020 10:45:59 +0530
64502,23/02/2020 17:49:50 +0000
64502,23/02/2020 17:09:31 +0000
64502,23/02/2020 17:05:05 +0000
64180,23/02/2020 21:38:04 +0800
64420,23/02/2020 11:46:12 +0530
64502,22/02/2020 22:21:56 +0000
64475,22/02/2020 17:12:26 +0530
64220,22/02/2020 16:59:09 +0530
64502,21/02/2020 20:52:01 +0000
64502,21/02/2020 20:30:18 +0000
64502,21/02/2020 19:50:09 +0000
64502,21/02/2020 22:39:54 +0300
64502,21/02/2020 22:37:23 +0300
64502,21/02/2020 22:35:03 +0300
64336,21/02/2020 18:18:24 +0300
64470,21/02/2020 17:48:28 +0300
166504,21/02/2020 06:14:30 -0800
64502,21/02/2020 13:15:40 +0000
64336,21/02/2020 16:13:41 +0300
64297,21/02/2020 15:17:34 +0300
64390,21/02/2020 09:57:37 +0300
64502,20/02/2020 20:23:19 +0000
64470,20/02/2020 19:45:21 +0300
64502,20/02/2020 15:31:57 +0000
64229,20/02/2020 16:10:27 +0100
64502,20/02/2020 12:50:27 +0000
64438,20/02/2020 18:13:05 +0530
64238,20/02/2020 18:11:55 +0530
64502,20/02/2020 14:18:43 +0300
64181,20/02/2020 16:29:17 +0530
64502,20/02/2020 06:47:55 +0000
169954,20/02/2020 11:08:04 +0800
64229,19/02/2020 23:33:20 +0100
64502,19/02/2020 10:57:27 +0000
64502,19/02/2020 07:08:01 +0000
64502,18/02/2020 19:31:38 +0000
64502,18/02/2020 17:57:46 +0300
64246,18/02/2020 20:21:24 +0800
64248,18/02/2020 15:11:44 +0300
64235,18/02/2020 10:22:41 +0500
64472,17/02/2020 23:29:55 +0300
64487,17/02/2020 22:29:37 +0300
64502,17/02/2020 13:17:35 +0000
64470,17/02/2020 15:23:59 +0300
64336,17/02/2020 14:54:36 +0300
63997,16/02/2020 22:00:42 +0100
63997,16/02/2020 22:00:42 +0100
64467,16/02/2020 22:12:14 +0300
64254,16/02/2020 19:33:25 +0300
64255,17/02/2020 01:16:33 +0900
64256,15/02/2020 16:42:20 +0530
64470,14/02/2020 19:25:45 +0300
64336,14/02/2020 19:16:41 +0300
64502,14/02/2020 16:11:36 +0000
64467,14/02/2020 00:21:38 +0300
64502,13/02/2020 19:28:56 +0000
64420,13/02/2020 17:32:35 +0530
64297,13/02/2020 14:25:47 +0300
64502,12/02/2020 18:17:44 +0000
64470,12/02/2020 17:22:44 +0300
64502,11/02/2020 16:22:32 +0000
64336,11/02/2020 18:46:15 +0300
64470,11/02/2020 17:24:52 +0300
64502,11/02/2020 10:03:12 +0000
64502,11/02/2020 10:02:52 +0000
64467,11/02/2020 09:31:16 +0300
64271,10/02/2020 20:21:58 +0300
64470,10/02/2020 19:40:29 +0300
64502,10/02/2020 16:28:55 +0000
64502,10/02/2020 16:28:31 +0000
64502,10/02/2020 16:28:07 +0000
64502,10/02/2020 16:27:00 +0000
64502,10/02/2020 16:25:30 +0000
64502,10/02/2020 15:51:49 +0000
64502,10/02/2020 15:49:11 +0000
64502,10/02/2020 14:09:43 +0000
64390,10/02/2020 11:38:19 +0300
64285,09/02/2020 22:18:29 +0900
64502,09/02/2020 11:52:24 +0300
64502,08/02/2020 20:01:12 +0000
64502,08/02/2020 19:45:42 +0000
64502,08/02/2020 18:53:10 +0000
64502,07/02/2020 21:44:50 +0000
64502,07/02/2020 20:37:44 +0000
64502,07/02/2020 23:17:59 +0300
64283,07/02/2020 18:10:14 +0300
64283,07/02/2020 18:10:14 +0300
64282,07/02/2020 15:59:34 +0100
64302,07/02/2020 08:54:34 -0500
64470,07/02/2020 16:40:50 +0300
64297,07/02/2020 15:03:20 +0300
64502,07/02/2020 11:22:23 +0000
64502,07/02/2020 10:42:39 +0000
64502,07/02/2020 10:33:00 +0000
64302,06/02/2020 17:49:14 -0500
64470,06/02/2020 22:35:11 +0300
64502,06/02/2020 19:32:09 +0000
64305,06/02/2020 18:04:09 +0300
64502,06/02/2020 13:38:21 +0000
64307,06/02/2020 15:12:38 +0300
64502,06/02/2020 11:38:27 +0000
64390,06/02/2020 12:51:09 +0300
64502,05/02/2020 21:20:10 +0000
64502,05/02/2020 19:22:37 +0000
64330,05/02/2020 15:01:42 +0200
64312,05/02/2020 14:16:45 +0500
64205,04/02/2020 18:25:48 +0100
64470,04/02/2020 19:49:24 +0300
64502,04/02/2020 16:45:35 +0000
64502,04/02/2020 16:39:17 +0000
64336,04/02/2020 19:37:33 +0300
64368,04/02/2020 19:31:11 +0300
64470,04/02/2020 18:10:00 +0300
64470,04/02/2020 17:14:52 +0300
64321,04/02/2020 17:52:18 +0530
64502,04/02/2020 12:18:50 +0000
64502,04/02/2020 12:17:00 +0000
64502,04/02/2020 11:40:15 +0000
64336,04/02/2020 14:30:16 +0300
64502,04/02/2020 11:11:38 +0000
64327,04/02/2020 18:49:19 +0900
64130,04/02/2020 07:28:07 +0000
64330,04/02/2020 02:16:51 +0200
64467,03/02/2020 18:54:59 +0300
64502,03/02/2020 13:49:21 +0000
64390,03/02/2020 16:41:31 +0300
64496,03/02/2020 14:34:03 +0100
64502,03/02/2020 12:54:03 +0000
64470,03/02/2020 15:38:08 +0300
64336,03/02/2020 13:22:56 +0300
64337,03/02/2020 06:39:14 +0000
64338,02/02/2020 14:29:04 +0100
64502,01/02/2020 17:25:39 +0000
64502,01/02/2020 17:22:12 +0000
64475,01/02/2020 22:50:00 +0530
64420,01/02/2020 00:40:03 +0530
64342,31/01/2020 23:33:32 +0800
64343,31/01/2020 15:50:21 +0100
64502,31/01/2020 13:08:43 +0000
64345,30/01/2020 21:08:11 +0300
64502,30/01/2020 14:25:18 +0000
64502,29/01/2020 20:57:14 +0000
64348,29/01/2020 12:55:43 -0800
64502,29/01/2020 16:12:31 +0000
64502,29/01/2020 15:56:59 +0000
64470,29/01/2020 17:42:16 +0300
64357,29/01/2020 14:20:55 +0200
64502,29/01/2020 10:54:22 +0000
64502,29/01/2020 10:34:17 +0000
64356,29/01/2020 09:54:02 +0000
64352,29/01/2020 02:39:33 +0100
64357,28/01/2020 15:16:48 +0200
64470,28/01/2020 15:20:37 +0300
64470,28/01/2020 13:16:03 +0300
64502,28/01/2020 12:58:45 +0300
64502,28/01/2020 09:57:48 +0000
64502,27/01/2020 19:17:43 +0000
64473,27/01/2020 17:17:11 +0100
64487,27/01/2020 17:59:58 +0300
64502,27/01/2020 13:26:23 +0000
64487,27/01/2020 16:18:14 +0300
64390,27/01/2020 14:49:24 +0300
64487,27/01/2020 10:07:48 +0300
64368,26/01/2020 22:18:42 +0300
64420,26/01/2020 17:02:13 +0530
64502,26/01/2020 07:21:59 +0000
64502,26/01/2020 07:21:05 +0000
64502,26/01/2020 07:19:58 +0000
64372,26/01/2020 08:19:09 +0100
64502,26/01/2020 00:00:25 +0000
64502,24/01/2020 21:46:28 +0000
64502,24/01/2020 21:26:18 +0000
64502,24/01/2020 21:21:48 +0000
64425,24/01/2020 10:00:49 -0500
64502,24/01/2020 14:57:24 +0000
64487,24/01/2020 16:30:10 +0300
64470,24/01/2020 15:23:50 +0300
64502,24/01/2020 12:07:05 +0000
64470,24/01/2020 14:20:08 +0300
64502,24/01/2020 08:47:57 +0000
64487,24/01/2020 11:00:06 +0300
64470,23/01/2020 18:43:36 +0300
64487,23/01/2020 15:32:16 +0300
64415,23/01/2020 17:53:03 +0530
64487,23/01/2020 15:10:42 +0300
64297,23/01/2020 14:25:58 +0300
64390,23/01/2020 08:59:01 +0300
64502,22/01/2020 19:59:10 +0000
64394,22/01/2020 17:51:16 +0300
64393,22/01/2020 11:48:33 -0300
64487,22/01/2020 17:36:17 +0300
64470,22/01/2020 16:58:30 +0300
64502,22/01/2020 13:56:15 +0000
64502,22/01/2020 13:53:51 +0000
64487,22/01/2020 14:57:54 +0300
64470,22/01/2020 14:42:52 +0300
64487,22/01/2020 13:36:29 +0300
64502,22/01/2020 09:57:41 +0000
64487,22/01/2020 10:52:40 +0300
64502,21/01/2020 19:16:39 +0000
64502,21/01/2020 19:16:00 +0000
64470,21/01/2020 17:19:30 +0300
64470,21/01/2020 13:51:03 +0300
64502,21/01/2020 10:08:54 +0000
64487,21/01/2020 10:28:50 +0300
64487,21/01/2020 10:09:24 +0300
64502,20/01/2020 16:31:38 +0000
64470,20/01/2020 17:45:56 +0300
64487,20/01/2020 17:31:58 +0300
64487,20/01/2020 17:07:35 +0300
64470,20/01/2020 15:08:51 +0300
64487,20/01/2020 15:03:17 +0300
64415,20/01/2020 16:30:45 +0530
64502,20/01/2020 10:54:40 +0000
64502,20/01/2020 10:49:17 +0000
64502,20/01/2020 10:48:21 +0000
64487,20/01/2020 10:22:01 +0300
64502,19/01/2020 16:09:40 +0000
64502,19/01/2020 12:45:28 +0000
64502,18/01/2020 17:57:46 +0000
64502,18/01/2020 17:57:02 +0000
64425,17/01/2020 11:37:35 -0500
64456,17/01/2020 17:24:37 +0100
64502,17/01/2020 15:42:50 +0000
64470,17/01/2020 16:54:08 +0300
64470,17/01/2020 16:49:46 +0300
64470,17/01/2020 16:38:58 +0300
64431,17/01/2020 14:21:25 +0100
64502,17/01/2020 09:12:36 +0000
64502,17/01/2020 08:58:19 +0000
64502,17/01/2020 08:53:09 +0000
64438,17/01/2020 00:24:00 +0530
64502,16/01/2020 16:53:06 +0000
64437,16/01/2020 08:52:00 -0800
64502,16/01/2020 15:18:56 +0000
64502,16/01/2020 15:17:17 +0000
64467,16/01/2020 18:04:10 +0300
64502,16/01/2020 13:57:08 +0000
64470,16/01/2020 15:09:10 +0300
64470,16/01/2020 15:07:48 +0300
64470,16/01/2020 15:06:34 +0300
64470,16/01/2020 14:31:43 +0300
64502,16/01/2020 11:08:04 +0000
64456,15/01/2020 21:06:25 +0100
64502,15/01/2020 19:42:35 +0000
64502,15/01/2020 17:03:09 +0000
64470,15/01/2020 19:39:32 +0300
64502,15/01/2020 15:33:18 +0000
64456,15/01/2020 16:28:37 +0100
64502,15/01/2020 14:49:45 +0000
64420,15/01/2020 19:01:01 +0530
64467,15/01/2020 16:22:00 +0300
64470,15/01/2020 15:54:18 +0300
64467,15/01/2020 15:10:17 +0300
64467,15/01/2020 12:58:12 +0300
144290,15/01/2020 07:19:58 +0100
144290,15/01/2020 06:34:42 +0100
144290,15/01/2020 06:29:49 +0100
144290,15/01/2020 06:29:49 +0100
64470,14/01/2020 17:04:22 +0300
64470,14/01/2020 16:20:12 +0300
64502,14/01/2020 12:45:59 +0000
64502,14/01/2020 12:42:28 +0000
64502,14/01/2020 11:55:37 +0000
64487,14/01/2020 12:51:19 +0300
64502,13/01/2020 16:59:45 +0000
64469,13/01/2020 18:11:34 +0300
64470,13/01/2020 17:09:24 +0300
64470,13/01/2020 17:09:24 +0300
64502,13/01/2020 12:16:40 +0000
64472,13/01/2020 14:54:10 +0300
64473,13/01/2020 12:26:28 +0100
64502,12/01/2020 09:34:34 +0000
64475,12/01/2020 14:04:59 +0530
64476,12/01/2020 00:32:12 -0800
64502,11/01/2020 18:39:50 +0000
64502,11/01/2020 17:39:13 +0000
64502,10/01/2020 21:31:02 +0300
64487,10/01/2020 16:33:17 +0300
170515,10/01/2020 22:18:31 +0900
64502,10/01/2020 11:38:17 +0000
64487,10/01/2020 14:09:08 +0300
64487,10/01/2020 12:41:31 +0300
64487,10/01/2020 11:22:19 +0300
64487,10/01/2020 09:01:57 +0300
64487,09/01/2020 13:59:35 +0300
64502,08/01/2020 21:52:30 +0000
261393,08/01/2020 01:32:12 +0100
64502,07/01/2020 22:13:39 +0000
64489,07/01/2020 08:36:35 -0300
170293,06/01/2020 15:52:40 +0200
64467,06/01/2020 14:03:05 +0300
64492,06/01/2020 06:32:56 +0300
64502,05/01/2020 12:01:03 +0000
64502,05/01/2020 11:59:33 +0000
64502,03/01/2020 16:30:28 +0000
64496,03/01/2020 17:15:35 +0100
64497,03/01/2020 11:09:40 -0500
64502,02/01/2020 11:58:20 +0000
64502,02/01/2020 11:58:20 +0000
