172698,30/12/2020 17:21:42 -0800
172698,30/12/2020 16:29:05 -0800
172697,30/12/2020 17:48:43 -0500
172697,30/12/2020 14:15:41 -0500
172603,30/12/2020 21:11:31 +0300
172697,30/12/2020 12:55:59 -0500
172603,30/12/2020 20:19:15 +0300
172697,30/12/2020 11:38:42 -0500
172671,30/12/2020 21:23:24 +0900
172685,30/12/2020 16:17:26 +0530
172678,30/12/2020 01:43:43 -0800
172678,30/12/2020 01:43:43 -0800
172671,30/12/2020 12:38:16 +0900
172697,29/12/2020 20:44:03 -0500
172697,29/12/2020 18:02:38 -0500
172603,29/12/2020 23:36:43 +0300
172603,29/12/2020 23:35:38 +0300
172603,29/12/2020 23:35:33 +0300
172603,29/12/2020 23:35:26 +0300
172671,29/12/2020 16:49:14 +0900
172697,28/12/2020 17:58:58 -0500
172697,28/12/2020 17:44:17 -0500
172697,28/12/2020 15:43:44 -0500
172697,28/12/2020 12:13:40 -0500
172697,28/12/2020 11:55:23 -0500
172697,28/12/2020 11:41:25 -0500
172671,28/12/2020 22:16:49 +0900
172587,28/12/2020 19:56:13 +0900
172699,27/12/2020 21:37:42 -0500
172514,27/12/2020 12:09:00 -0800
172514,27/12/2020 09:47:23 -0800
172514,26/12/2020 17:25:30 -0800
172699,26/12/2020 10:00:05 -0500
172699,26/12/2020 09:25:05 -0500
172699,26/12/2020 09:03:12 -0500
172699,26/12/2020 01:19:09 -0500
172699,26/12/2020 01:10:24 -0500
172699,25/12/2020 22:47:16 -0500
172699,25/12/2020 20:49:50 -0500
172699,25/12/2020 20:41:06 -0500
172699,25/12/2020 20:24:53 -0500
172699,25/12/2020 15:13:16 -0500
172697,25/12/2020 14:44:17 -0500
172699,25/12/2020 14:40:46 -0500
172699,25/12/2020 14:00:12 -0500
172678,25/12/2020 10:41:59 -0800
172699,25/12/2020 11:35:59 -0500
172699,25/12/2020 11:00:32 -0500
172699,25/12/2020 10:19:44 -0500
172697,24/12/2020 21:37:46 -0500
172699,24/12/2020 18:21:37 -0500
172699,24/12/2020 17:25:48 -0500
172697,24/12/2020 17:00:43 -0500
172697,24/12/2020 12:58:32 -0500
172671,24/12/2020 17:05:49 +0900
172671,23/12/2020 12:51:22 +0900
172697,22/12/2020 13:23:49 -0500
172697,22/12/2020 11:10:12 -0500
172636,22/12/2020 02:00:39 +0100
172636,21/12/2020 19:37:14 +0100
172697,21/12/2020 13:11:29 -0500
172636,21/12/2020 18:58:32 +0100
172636,21/12/2020 18:29:46 +0100
172636,21/12/2020 18:09:57 +0100
172603,21/12/2020 14:25:32 +0300
172671,21/12/2020 09:37:11 +0900
172603,21/12/2020 00:26:13 +0300
172697,20/12/2020 15:28:22 -0500
172697,20/12/2020 13:37:25 -0500
172697,20/12/2020 12:38:32 -0500
172603,20/12/2020 16:27:01 +0300
172603,20/12/2020 08:14:35 +0300
172603,20/12/2020 07:20:33 +0300
172697,19/12/2020 17:58:30 -0500
172685,19/12/2020 10:08:46 +0530
172697,18/12/2020 16:24:49 -0500
172697,18/12/2020 15:46:44 -0500
172587,18/12/2020 10:49:58 +0900
172587,17/12/2020 18:06:51 +0900
172697,15/12/2020 21:42:08 -0500
172671,16/12/2020 10:36:03 +0900
172699,15/12/2020 19:20:15 -0500
172698,15/12/2020 15:55:07 -0800
172689,15/12/2020 19:51:16 -0300
172636,15/12/2020 23:13:38 +0100
172695,15/12/2020 21:54:06 +0100
172697,15/12/2020 11:38:53 -0500
172514,14/12/2020 23:47:30 -0800
172671,14/12/2020 12:38:13 +0900
172671,14/12/2020 11:53:58 +0900
172678,12/12/2020 21:38:36 -0800
172678,12/12/2020 20:12:25 -0800
172699,12/12/2020 12:59:09 -0500
172699,12/12/2020 12:51:16 -0500
172697,11/12/2020 18:58:07 -0500
172697,11/12/2020 18:07:02 -0500
172697,11/12/2020 17:54:10 -0500
172695,11/12/2020 19:15:30 +0100
172671,10/12/2020 12:49:43 +0900
172671,10/12/2020 11:59:10 +0900
172697,09/12/2020 12:40:37 -0500
172695,09/12/2020 15:12:05 +0100
172671,09/12/2020 13:24:38 +0900
172697,08/12/2020 17:50:54 -0500
172697,08/12/2020 16:29:52 -0500
172627,08/12/2020 20:10:11 +0000
172627,08/12/2020 19:39:24 +0000
172697,08/12/2020 13:09:47 -0500
172697,08/12/2020 12:06:19 -0500
172587,08/12/2020 23:59:39 +0900
172587,08/12/2020 21:05:27 +0900
172671,08/12/2020 15:22:12 +0900
172671,08/12/2020 12:13:19 +0900
272290,07/12/2020 18:21:06 -0800
272290,07/12/2020 18:12:23 -0800
272290,07/12/2020 13:16:55 -0800
172697,07/12/2020 11:10:21 -0500
172599,07/12/2020 14:44:34 +0200
172697,06/12/2020 22:37:40 -0500
172671,07/12/2020 09:29:32 +0900
172697,05/12/2020 16:16:13 -0500
172599,04/12/2020 18:20:18 +0200
172695,04/12/2020 14:25:23 +0100
172695,04/12/2020 11:09:29 +0100
172685,04/12/2020 13:54:50 +0530
172671,04/12/2020 12:58:44 +0900
172671,04/12/2020 10:49:23 +0900
172699,03/12/2020 11:33:24 -0500
172699,03/12/2020 10:28:58 -0500
172599,03/12/2020 15:57:48 +0200
172695,03/12/2020 11:35:20 +0100
172627,03/12/2020 10:03:49 +0000
172671,03/12/2020 10:13:21 +0900
172658,02/12/2020 14:41:53 -0500
172587,02/12/2020 13:00:15 +0900
172671,02/12/2020 12:31:10 +0900
172587,02/12/2020 11:00:15 +0900
172671,02/12/2020 10:37:20 +0900
172699,01/12/2020 20:27:06 -0500
172697,01/12/2020 14:02:27 -0500
172689,01/12/2020 11:46:56 -0300
172599,01/12/2020 14:36:30 +0200
172587,01/12/2020 17:19:23 +0900
172671,01/12/2020 16:32:26 +0900
172568,01/12/2020 15:34:57 +1300
172568,01/12/2020 13:21:03 +1300
172697,30/11/2020 16:32:56 -0500
172689,30/11/2020 18:24:55 -0300
172697,30/11/2020 15:24:13 -0500
172697,30/11/2020 14:38:00 -0500
172697,30/11/2020 12:22:43 -0500
172671,30/11/2020 20:27:37 +0900
172599,30/11/2020 10:26:43 +0200
172587,30/11/2020 12:54:31 +0900
172587,30/11/2020 11:05:19 +0900
172697,29/11/2020 15:22:04 -0500
172697,29/11/2020 13:58:30 -0500
172678,28/11/2020 21:52:27 -0800
172697,28/11/2020 16:08:36 -0500
172697,28/11/2020 14:03:40 -0500
172587,27/11/2020 20:16:44 +0900
172587,27/11/2020 15:45:01 +0900
172587,27/11/2020 15:11:19 +0900
172685,27/11/2020 07:43:34 +0530
172689,26/11/2020 12:30:48 -0300
172587,26/11/2020 21:18:05 +0900
172587,26/11/2020 16:17:10 +0900
172685,26/11/2020 09:21:14 +0530
172689,25/11/2020 18:21:08 -0300
172697,25/11/2020 16:19:25 -0500
172697,25/11/2020 14:04:28 -0500
172699,25/11/2020 12:29:21 -0500
172697,25/11/2020 11:40:44 -0500
172695,25/11/2020 15:30:18 +0100
172695,25/11/2020 09:49:00 +0100
172695,25/11/2020 08:14:23 +0100
172695,25/11/2020 08:14:23 +0100
172568,25/11/2020 17:44:15 +1300
172685,25/11/2020 09:14:45 +0530
172197,25/11/2020 16:33:43 +1300
172671,25/11/2020 12:18:26 +0900
172197,25/11/2020 10:52:50 +1300
172529,24/11/2020 20:58:32 +0000
172697,24/11/2020 15:43:01 -0500
172599,24/11/2020 12:50:16 +0200
172599,24/11/2020 10:45:00 +0200
172587,24/11/2020 17:00:16 +0900
172671,24/11/2020 12:39:58 +0900
172197,24/11/2020 13:09:35 +1300
172697,23/11/2020 19:04:07 -0500
172197,24/11/2020 12:04:42 +1300
172197,24/11/2020 11:29:28 +1300
172697,23/11/2020 17:00:01 -0500
172689,23/11/2020 18:55:23 -0300
172697,23/11/2020 11:38:37 -0500
172697,23/11/2020 11:15:03 -0500
172689,23/11/2020 13:10:03 -0300
172599,23/11/2020 11:36:13 +0200
172599,23/11/2020 10:50:50 +0200
172697,22/11/2020 15:48:32 -0500
172697,21/11/2020 17:24:07 -0500
172697,21/11/2020 16:46:43 -0500
172697,21/11/2020 16:34:22 -0500
172671,21/11/2020 19:45:30 +0900
172695,21/11/2020 08:26:20 +0100
172599,20/11/2020 16:08:58 +0200
172651,20/11/2020 12:26:57 +0100
172695,20/11/2020 11:25:25 +0100
172568,20/11/2020 21:49:57 +1300
172587,20/11/2020 15:42:47 +0900
172697,20/11/2020 00:07:09 -0500
172697,19/11/2020 17:39:39 -0500
172697,19/11/2020 15:03:17 -0500
172695,19/11/2020 11:34:54 +0100
172695,19/11/2020 09:24:37 +0100
172568,19/11/2020 18:09:50 +1300
172671,19/11/2020 10:36:08 +0900
172689,18/11/2020 13:24:22 -0300
172599,18/11/2020 12:39:15 +0200
172599,18/11/2020 10:28:50 +0200
172695,18/11/2020 07:58:37 +0100
172671,18/11/2020 14:01:53 +0900
172698,17/11/2020 09:45:56 -0800
172698,17/11/2020 09:01:14 -0800
172689,17/11/2020 11:37:36 -0300
172685,17/11/2020 12:14:53 +0530
172697,16/11/2020 20:32:35 -0500
172689,16/11/2020 19:42:55 -0300
172697,16/11/2020 16:39:59 -0500
172697,16/11/2020 15:16:39 -0500
172699,16/11/2020 13:13:43 -0500
172699,16/11/2020 12:36:17 -0500
172695,16/11/2020 17:25:41 +0100
172699,16/11/2020 10:26:17 -0500
172689,16/11/2020 10:54:11 -0300
172695,16/11/2020 11:54:52 +0100
172695,16/11/2020 11:45:00 +0100
172587,16/11/2020 18:27:51 +0900
172603,16/11/2020 09:09:07 +0300
172671,16/11/2020 11:52:40 +0900
172697,15/11/2020 16:10:48 -0500
172698,15/11/2020 11:53:37 -0800
172697,15/11/2020 12:39:49 -0500
172599,15/11/2020 17:09:31 +0200
172603,15/11/2020 14:01:22 +0300
172603,15/11/2020 08:56:31 +0300
172603,15/11/2020 08:52:12 +0300
172697,14/11/2020 17:05:34 -0500
172697,14/11/2020 13:09:53 -0500
172671,14/11/2020 11:43:10 +0900
172697,13/11/2020 13:49:48 -0500
172599,13/11/2020 13:41:58 +0200
172699,12/11/2020 15:13:02 -0500
172699,12/11/2020 15:00:44 -0500
172699,12/11/2020 14:08:59 -0500
172599,12/11/2020 19:18:34 +0200
172529,12/11/2020 14:34:37 +0000
172599,12/11/2020 14:52:24 +0200
172695,12/11/2020 07:48:36 +0100
172603,12/11/2020 08:55:09 +0300
172587,12/11/2020 13:25:23 +0900
172603,12/11/2020 06:19:16 +0300
172587,12/11/2020 11:26:55 +0900
172671,12/11/2020 10:56:33 +0900
172636,11/11/2020 18:37:36 +0100
172695,11/11/2020 17:37:18 +0100
172651,11/11/2020 16:51:36 +0100
172651,11/11/2020 16:47:13 +0100
172697,10/11/2020 22:51:18 -0500
172699,10/11/2020 19:18:35 -0500
172697,10/11/2020 18:32:36 -0500
172599,10/11/2020 19:25:46 +0200
172651,10/11/2020 13:14:09 +0100
172651,10/11/2020 13:08:21 +0100
272290,09/11/2020 20:01:33 -0800
172697,09/11/2020 12:02:24 -0500
172698,09/11/2020 09:00:12 -0800
172678,09/11/2020 07:32:09 -0800
172678,09/11/2020 07:32:09 -0800
172651,09/11/2020 12:14:59 +0100
172651,09/11/2020 10:36:49 +0100
172587,09/11/2020 15:10:26 +0900
172568,09/11/2020 16:01:51 +1300
172697,08/11/2020 13:08:36 -0500
172568,08/11/2020 20:43:45 +1300
172695,08/11/2020 07:48:18 +0100
172698,07/11/2020 18:51:12 -0800
172689,07/11/2020 19:33:43 -0300
172697,07/11/2020 16:25:42 -0500
172695,07/11/2020 22:15:52 +0100
172697,07/11/2020 15:03:44 -0500
172695,07/11/2020 12:11:40 +0100
172695,07/11/2020 12:11:40 +0100
172689,06/11/2020 22:52:16 -0300
172671,07/11/2020 10:30:22 +0900
172671,07/11/2020 10:15:58 +0900
172636,07/11/2020 00:39:19 +0100
172697,06/11/2020 16:17:56 -0500
172697,06/11/2020 15:48:04 -0500
172587,07/11/2020 02:08:06 +0900
172651,06/11/2020 13:21:28 +0100
172685,06/11/2020 08:12:48 +0530
172698,05/11/2020 15:01:40 -0800
172697,05/11/2020 11:44:32 -0500
172698,04/11/2020 18:42:27 -0800
172568,05/11/2020 13:45:32 +1300
172697,04/11/2020 18:11:15 -0500
172697,04/11/2020 16:09:55 -0500
172697,04/11/2020 15:08:37 -0500
172697,04/11/2020 12:34:50 -0500
172697,04/11/2020 11:25:56 -0500
172587,04/11/2020 21:49:00 +0900
172599,04/11/2020 11:21:18 +0200
172599,04/11/2020 11:21:14 +0200
172599,04/11/2020 11:21:09 +0200
172599,04/11/2020 10:38:39 +0200
172587,04/11/2020 16:41:29 +0900
172695,04/11/2020 07:47:06 +0100
172587,04/11/2020 14:48:02 +0900
172568,04/11/2020 14:58:34 +1300
172671,04/11/2020 10:21:46 +0900
172697,03/11/2020 16:16:36 -0500
172697,03/11/2020 15:49:05 -0500
172697,03/11/2020 15:41:32 -0500
172636,03/11/2020 20:43:12 +0100
172636,03/11/2020 20:07:23 +0100
172695,03/11/2020 15:14:50 +0100
172695,03/11/2020 10:32:20 +0100
172651,03/11/2020 10:19:55 +0100
172651,03/11/2020 09:55:51 +0100
172651,03/11/2020 09:47:36 +0100
172695,03/11/2020 09:03:22 +0100
172685,03/11/2020 08:38:27 +0530
172697,02/11/2020 21:11:50 -0500
172697,02/11/2020 14:34:34 -0500
172697,02/11/2020 11:57:28 -0500
172697,02/11/2020 11:25:18 -0500
172695,02/11/2020 16:48:22 +0100
172651,02/11/2020 15:00:24 +0100
172599,02/11/2020 12:51:46 +0200
172197,02/11/2020 19:59:02 +1300
172568,02/11/2020 19:50:45 +1300
172568,02/11/2020 19:40:49 +1300
172568,02/11/2020 19:36:09 +1300
172671,02/11/2020 15:14:41 +0900
172685,02/11/2020 08:18:18 +0530
172197,02/11/2020 13:46:56 +1300
172697,01/11/2020 18:38:42 -0500
172697,01/11/2020 11:26:16 -0500
172671,01/11/2020 21:22:07 +0900
172671,01/11/2020 19:22:59 +0900
172678,31/10/2020 08:47:02 -0700
172678,31/10/2020 08:43:28 -0700
172697,30/10/2020 17:00:59 -0400
172599,30/10/2020 19:30:19 +0200
172697,30/10/2020 10:38:49 -0400
172697,29/10/2020 15:28:14 -0400
172697,29/10/2020 13:33:38 -0400
272290,28/10/2020 21:48:38 -0700
172685,29/10/2020 09:11:51 +0530
272290,28/10/2020 17:53:41 -0700
172671,29/10/2020 09:17:34 +0900
172697,28/10/2020 17:03:05 -0400
172697,28/10/2020 16:31:40 -0400
172697,28/10/2020 14:35:53 -0400
172697,28/10/2020 13:47:02 -0400
172697,28/10/2020 12:18:45 -0400
172697,28/10/2020 11:15:47 -0400
172671,28/10/2020 13:59:18 +0900
172671,28/10/2020 12:15:00 +0900
172671,28/10/2020 11:12:46 +0900
172685,28/10/2020 07:28:51 +0530
172697,27/10/2020 14:31:12 -0400
172699,27/10/2020 14:00:38 -0400
172689,27/10/2020 14:31:37 -0300
172689,27/10/2020 13:49:19 -0300
172699,27/10/2020 12:43:11 -0400
172695,27/10/2020 17:39:23 +0100
172695,27/10/2020 11:50:18 +0100
172695,27/10/2020 08:58:48 +0100
172695,27/10/2020 08:43:35 +0100
172685,27/10/2020 08:22:39 +0530
172699,26/10/2020 22:38:11 -0400
172699,26/10/2020 19:17:05 -0400
172697,26/10/2020 11:36:53 -0400
172599,26/10/2020 09:07:14 +0200
172671,26/10/2020 09:55:28 +0900
172697,25/10/2020 13:57:46 -0400
172197,25/10/2020 22:39:00 +1300
172697,24/10/2020 13:12:08 -0400
172671,24/10/2020 14:20:38 +0900
172671,24/10/2020 10:29:55 +0900
172697,23/10/2020 19:08:01 -0400
172697,23/10/2020 17:07:15 -0400
172697,23/10/2020 14:02:00 -0400
172697,23/10/2020 11:32:33 -0400
172695,23/10/2020 13:01:39 +0200
172599,23/10/2020 11:49:59 +0300
172599,23/10/2020 09:30:08 +0300
172671,23/10/2020 11:05:46 +0900
172697,22/10/2020 21:23:47 -0400
172697,22/10/2020 21:15:22 -0400
172697,22/10/2020 18:29:40 -0400
172697,22/10/2020 17:34:32 -0400
172666,22/10/2020 16:13:58 -0400
172697,22/10/2020 14:04:21 -0400
172666,22/10/2020 08:44:18 -0400
172695,22/10/2020 13:29:39 +0200
172197,22/10/2020 14:36:32 +1300
172697,21/10/2020 16:18:40 -0400
172689,21/10/2020 14:37:26 -0300
172697,21/10/2020 12:08:48 -0400
172695,21/10/2020 14:20:50 +0200
172695,21/10/2020 08:17:51 +0200
172671,21/10/2020 09:22:27 +0900
172689,20/10/2020 19:22:09 -0300
172685,20/10/2020 10:24:36 +0530
172697,19/10/2020 19:03:46 -0400
172697,19/10/2020 14:33:01 -0400
172599,19/10/2020 19:28:54 +0300
172599,19/10/2020 19:02:25 +0300
172599,19/10/2020 18:50:33 +0300
172599,19/10/2020 17:58:38 +0300
172651,19/10/2020 13:47:09 +0200
172599,19/10/2020 14:11:57 +0300
172599,19/10/2020 14:11:54 +0300
172599,19/10/2020 14:11:44 +0300
172695,19/10/2020 08:52:25 +0200
172695,19/10/2020 08:32:53 +0200
172685,19/10/2020 09:13:17 +0530
172671,19/10/2020 09:36:56 +0900
172197,19/10/2020 10:53:52 +1300
172697,18/10/2020 12:56:43 -0400
172697,18/10/2020 12:26:02 -0400
172697,17/10/2020 16:53:48 -0400
172697,17/10/2020 16:02:47 -0400
172695,17/10/2020 08:38:39 +0200
172695,17/10/2020 08:38:39 +0200
172695,17/10/2020 08:38:39 +0200
172697,16/10/2020 21:53:33 -0400
172697,16/10/2020 21:40:16 -0400
172697,16/10/2020 11:59:13 -0400
172697,16/10/2020 11:36:34 -0400
172587,16/10/2020 13:58:45 +0900
272290,15/10/2020 17:38:00 -0700
172699,15/10/2020 20:37:20 -0400
172699,15/10/2020 19:33:36 -0400
272290,15/10/2020 13:39:41 -0700
172699,15/10/2020 15:15:29 -0400
172689,15/10/2020 15:16:11 -0300
172689,15/10/2020 14:32:34 -0300
172689,15/10/2020 13:09:29 -0300
172689,15/10/2020 11:33:48 -0300
172599,15/10/2020 17:08:10 +0300
172689,15/10/2020 09:48:36 -0300
172671,15/10/2020 17:03:56 +0900
172587,15/10/2020 16:50:57 +0900
172197,15/10/2020 20:35:17 +1300
172695,15/10/2020 08:54:16 +0200
172568,15/10/2020 18:23:30 +1300
172685,15/10/2020 08:17:51 +0530
172587,15/10/2020 11:04:07 +0900
172689,14/10/2020 20:12:26 -0300
172568,15/10/2020 11:31:20 +1300
172599,14/10/2020 11:41:40 +0300
172599,14/10/2020 10:58:38 +0300
172695,14/10/2020 08:24:54 +0200
172695,14/10/2020 07:54:14 +0200
172697,13/10/2020 17:44:56 -0400
172599,13/10/2020 12:57:02 +0300
172685,13/10/2020 12:46:38 +0530
172695,13/10/2020 06:29:06 +0200
172685,13/10/2020 08:30:35 +0530
172697,12/10/2020 18:01:34 -0400
172697,12/10/2020 17:09:50 -0400
172697,12/10/2020 13:31:24 -0400
172697,12/10/2020 11:13:02 -0400
172671,12/10/2020 20:34:55 +0900
172568,12/10/2020 20:41:16 +1300
172695,12/10/2020 07:46:20 +0200
172678,11/10/2020 21:31:37 -0700
172678,11/10/2020 21:31:37 -0700
172671,11/10/2020 19:09:01 +0900
172697,10/10/2020 19:57:25 -0400
172697,10/10/2020 15:33:54 -0400
172697,10/10/2020 14:53:23 -0400
172697,10/10/2020 13:39:21 -0400
172697,10/10/2020 13:28:12 -0400
172697,09/10/2020 17:54:34 -0400
172697,09/10/2020 16:20:12 -0400
172685,09/10/2020 08:15:53 +0530
172697,08/10/2020 13:06:27 -0400
172697,08/10/2020 12:37:59 -0400
172671,08/10/2020 14:06:12 +0900
172671,08/10/2020 13:16:43 +0900
172685,08/10/2020 09:09:08 +0530
172697,07/10/2020 18:41:39 -0400
172697,07/10/2020 17:10:26 -0400
172697,07/10/2020 13:27:33 -0400
172697,07/10/2020 12:50:54 -0400
172685,07/10/2020 08:14:19 +0530
172699,06/10/2020 14:31:22 -0400
172699,06/10/2020 12:12:09 -0400
172697,06/10/2020 11:43:53 -0400
172651,06/10/2020 15:50:03 +0200
172651,06/10/2020 15:46:36 +0200
172651,06/10/2020 14:15:32 +0200
172671,06/10/2020 15:29:34 +0900
272290,05/10/2020 19:20:17 -0700
172587,06/10/2020 10:31:09 +0900
172699,05/10/2020 16:27:33 -0400
172699,05/10/2020 15:48:40 -0400
172697,05/10/2020 13:40:28 -0400
172697,05/10/2020 13:15:39 -0400
172697,05/10/2020 11:42:33 -0400
172695,05/10/2020 09:09:09 +0200
172697,04/10/2020 20:45:06 -0400
172671,05/10/2020 09:43:17 +0900
172697,04/10/2020 16:09:55 -0400
172695,03/10/2020 16:16:51 +0200
172699,02/10/2020 22:19:31 -0400
172699,02/10/2020 21:39:33 -0400
172599,02/10/2020 18:23:39 +0300
172671,02/10/2020 10:36:35 +0900
172587,02/10/2020 10:17:11 +0900
172671,02/10/2020 09:31:50 +0900
172697,01/10/2020 10:59:20 -0400
172599,01/10/2020 11:48:48 +0300
172599,01/10/2020 11:10:43 +0300
172671,01/10/2020 10:37:34 +0900
272290,30/09/2020 17:28:51 -0700
172689,30/09/2020 18:25:23 -0300
172697,30/09/2020 15:40:23 -0400
172599,30/09/2020 10:58:09 +0300
172695,30/09/2020 07:39:38 +0200
172697,29/09/2020 20:02:58 -0400
172197,30/09/2020 13:02:08 +1300
172697,29/09/2020 13:48:06 -0400
172697,29/09/2020 11:18:30 -0400
172603,29/09/2020 11:41:46 +0300
172603,29/09/2020 11:00:22 +0300
172587,29/09/2020 16:21:46 +0900
172671,29/09/2020 14:15:57 +0900
172697,28/09/2020 20:32:53 -0400
172671,29/09/2020 09:25:51 +0900
172697,28/09/2020 14:48:01 -0400
172697,28/09/2020 14:12:38 -0400
172697,28/09/2020 13:44:01 -0400
172697,28/09/2020 12:05:03 -0400
172671,28/09/2020 12:47:13 +0900
172697,27/09/2020 22:30:44 -0400
172587,28/09/2020 11:23:15 +0900
172197,28/09/2020 14:47:19 +1300
172671,28/09/2020 10:13:59 +0900
172697,27/09/2020 12:51:28 -0400
172697,26/09/2020 17:42:20 -0400
172697,26/09/2020 16:04:06 -0400
172685,26/09/2020 10:08:00 +0530
172568,25/09/2020 18:49:43 +1200
172671,25/09/2020 10:25:55 +0900
172697,24/09/2020 18:19:38 -0400
172666,24/09/2020 15:27:19 -0400
172695,24/09/2020 20:45:57 +0200
172666,24/09/2020 13:55:47 -0400
172666,24/09/2020 13:32:39 -0400
172697,24/09/2020 10:39:11 -0400
172697,23/09/2020 20:26:58 -0400
172697,23/09/2020 18:04:53 -0400
172568,24/09/2020 09:26:09 +1200
172697,23/09/2020 11:36:13 -0400
172568,23/09/2020 15:17:30 +1200
172697,22/09/2020 16:03:32 -0400
172697,22/09/2020 15:59:23 -0400
172697,22/09/2020 15:55:13 -0400
172697,22/09/2020 11:32:10 -0400
172697,22/09/2020 10:49:11 -0400
172697,21/09/2020 13:58:26 -0400
172697,21/09/2020 12:43:42 -0400
172695,21/09/2020 15:22:41 +0200
172599,21/09/2020 14:50:07 +0300
172697,20/09/2020 17:08:49 -0400
172695,20/09/2020 14:42:54 +0200
172697,19/09/2020 15:11:26 -0400
172568,19/09/2020 15:39:48 +1200
172568,19/09/2020 11:28:34 +1200
172697,18/09/2020 16:46:26 -0400
172666,18/09/2020 13:26:48 -0400
172685,18/09/2020 10:14:30 +0530
172685,18/09/2020 09:40:04 +0530
172697,17/09/2020 21:02:55 -0400
172697,17/09/2020 19:38:05 -0400
172697,17/09/2020 16:17:27 -0400
172697,17/09/2020 14:16:18 -0400
172697,17/09/2020 12:52:18 -0400
172685,17/09/2020 15:16:46 +0530
172695,17/09/2020 11:39:28 +0200
172599,17/09/2020 11:33:40 +0300
172671,17/09/2020 16:33:22 +0900
172671,17/09/2020 11:49:29 +0900
172697,16/09/2020 21:06:50 -0400
172697,16/09/2020 20:31:19 -0400
172697,16/09/2020 16:04:36 -0400
172697,16/09/2020 14:28:11 -0400
172698,16/09/2020 10:42:30 -0700
172697,16/09/2020 13:38:26 -0400
172697,16/09/2020 12:07:31 -0400
172689,16/09/2020 13:04:38 -0300
172587,16/09/2020 18:47:39 +0900
172671,16/09/2020 16:26:50 +0900
172514,15/09/2020 21:34:05 -0700
172514,15/09/2020 21:16:31 -0700
172685,16/09/2020 07:45:44 +0530
172197,16/09/2020 13:22:20 +1200
172689,15/09/2020 21:03:14 -0300
172197,16/09/2020 11:25:46 +1200
172197,15/09/2020 23:44:45 +1200
172197,15/09/2020 15:07:57 +1200
172697,14/09/2020 12:35:00 -0400
172678,13/09/2020 23:29:51 -0700
172587,14/09/2020 14:16:07 +0900
172671,14/09/2020 13:56:41 +0900
172695,14/09/2020 06:42:07 +0200
172671,14/09/2020 10:44:23 +0900
172697,13/09/2020 12:51:21 -0400
172685,12/09/2020 08:02:54 +0530
172685,12/09/2020 07:47:53 +0530
172514,11/09/2020 17:10:02 -0700
172697,11/09/2020 16:01:28 -0400
172689,11/09/2020 16:15:47 -0300
172697,11/09/2020 12:24:46 -0400
172697,11/09/2020 12:20:16 -0400
172689,11/09/2020 12:53:25 -0300
172685,11/09/2020 10:00:01 +0530
172689,10/09/2020 19:37:02 -0300
172697,10/09/2020 12:06:26 -0400
172666,10/09/2020 11:10:55 -0400
172695,10/09/2020 16:13:19 +0200
172695,10/09/2020 15:55:31 +0200
172695,10/09/2020 15:31:09 +0200
172695,10/09/2020 14:52:36 +0200
172651,10/09/2020 14:15:26 +0200
172445,10/09/2020 18:00:00 +0900
172671,10/09/2020 15:50:19 +0900
172678,09/09/2020 18:50:24 -0700
172697,09/09/2020 15:32:34 -0400
172695,09/09/2020 20:16:28 +0200
172697,09/09/2020 12:00:49 -0400
172697,09/09/2020 11:53:39 -0400
172651,09/09/2020 12:20:53 +0200
172695,09/09/2020 09:58:12 +0200
172689,08/09/2020 19:35:15 -0300
172697,08/09/2020 15:54:25 -0400
272290,08/09/2020 11:25:34 -0700
172697,08/09/2020 11:47:37 -0400
172695,08/09/2020 17:11:16 +0200
172695,08/09/2020 10:08:46 +0200
172671,08/09/2020 11:15:21 +0900
172671,08/09/2020 10:09:22 +0900
172514,07/09/2020 13:31:59 -0700
172697,07/09/2020 14:52:33 -0400
172697,07/09/2020 12:03:04 -0400
172568,07/09/2020 23:18:22 +1200
172695,07/09/2020 09:59:50 +0200
172568,07/09/2020 18:11:46 +1200
172671,07/09/2020 14:34:59 +0900
172685,07/09/2020 08:08:58 +0530
172697,06/09/2020 21:40:39 -0400
172697,06/09/2020 21:28:16 -0400
172697,06/09/2020 14:13:02 -0400
172697,06/09/2020 13:57:10 -0400
172651,06/09/2020 19:28:32 +0200
172651,06/09/2020 19:26:55 +0200
172697,06/09/2020 12:55:13 -0400
172697,06/09/2020 11:50:40 -0400
172695,06/09/2020 16:46:13 +0200
172695,06/09/2020 09:32:16 +0200
172697,05/09/2020 16:20:04 -0400
172697,05/09/2020 13:17:32 -0400
172671,05/09/2020 21:33:53 +0900
172695,05/09/2020 13:28:05 +0200
172695,05/09/2020 11:32:20 +0200
172671,05/09/2020 13:52:47 +0900
172697,04/09/2020 21:01:58 -0400
172697,04/09/2020 20:20:05 -0400
172697,04/09/2020 18:17:47 -0400
172514,04/09/2020 12:01:58 -0700
172689,04/09/2020 14:58:32 -0400
172697,04/09/2020 14:32:10 -0400
172653,04/09/2020 13:53:09 -0400
172699,04/09/2020 13:27:52 -0400
172697,04/09/2020 12:40:28 -0400
172695,04/09/2020 08:45:57 +0200
172695,04/09/2020 08:39:01 +0200
172695,04/09/2020 08:19:20 +0200
172695,04/09/2020 08:02:58 +0200
172685,04/09/2020 11:25:16 +0530
172699,03/09/2020 22:57:35 -0400
172671,04/09/2020 10:36:35 +0900
172697,03/09/2020 20:09:18 -0400
172697,03/09/2020 16:52:09 -0400
172697,03/09/2020 12:16:48 -0400
172697,03/09/2020 11:45:26 -0400
172695,03/09/2020 13:15:53 +0200
172695,03/09/2020 13:15:53 +0200
172695,03/09/2020 12:38:32 +0200
172685,03/09/2020 07:54:07 +0530
172697,02/09/2020 18:23:56 -0400
172695,02/09/2020 15:17:33 +0200
172671,02/09/2020 16:59:22 +0900
172671,02/09/2020 14:56:59 +0900
172587,02/09/2020 10:55:55 +0900
172689,01/09/2020 20:43:23 -0400
172671,02/09/2020 09:08:12 +0900
172697,01/09/2020 18:40:37 -0400
172697,01/09/2020 18:37:12 -0400
172699,01/09/2020 17:00:10 -0400
172689,01/09/2020 13:40:43 -0400
172697,01/09/2020 13:14:44 -0400
172685,01/09/2020 08:11:39 +0530
172699,31/08/2020 18:48:38 -0400
172699,31/08/2020 18:33:37 -0400
172699,31/08/2020 17:36:23 -0400
172699,31/08/2020 17:05:53 -0400
172689,31/08/2020 17:04:40 -0400
172699,31/08/2020 16:59:59 -0400
172699,31/08/2020 16:21:03 -0400
172699,31/08/2020 15:23:19 -0400
172699,31/08/2020 13:58:00 -0400
172699,31/08/2020 13:49:17 -0400
172699,31/08/2020 13:43:05 -0400
172699,31/08/2020 13:20:04 -0400
172651,31/08/2020 13:03:54 +0200
172697,30/08/2020 14:37:24 -0400
172697,30/08/2020 12:21:51 -0400
172671,30/08/2020 14:14:34 +0900
172671,28/08/2020 16:54:59 +0900
172695,28/08/2020 08:19:12 +0200
172695,28/08/2020 08:16:32 +0200
172697,27/08/2020 17:36:13 -0400
172671,27/08/2020 16:40:34 +0900
172697,26/08/2020 17:08:11 -0400
172671,26/08/2020 20:42:27 +0900
172685,26/08/2020 09:40:52 +0530
172685,26/08/2020 07:36:43 +0530
172587,26/08/2020 10:52:02 +0900
172587,26/08/2020 10:51:31 +0900
172587,26/08/2020 10:50:02 +0900
172197,26/08/2020 10:51:36 +1200
172699,25/08/2020 09:53:12 -0400
172695,25/08/2020 07:29:05 +0200
172695,25/08/2020 07:24:15 +0200
172671,24/08/2020 16:46:52 +0900
172685,24/08/2020 08:16:19 +0530
172697,22/08/2020 14:46:40 -0400
172697,22/08/2020 12:34:17 -0400
172671,22/08/2020 22:26:10 +0900
172699,21/08/2020 20:23:09 -0400
172699,21/08/2020 18:29:37 -0400
172697,21/08/2020 15:00:42 -0400
172587,22/08/2020 01:22:55 +0900
172587,21/08/2020 20:48:59 +0900
172587,21/08/2020 12:33:30 +0900
172197,21/08/2020 09:33:56 +1200
272290,20/08/2020 12:59:00 -0700
172689,20/08/2020 13:49:04 -0400
272290,19/08/2020 18:19:52 -0700
172697,19/08/2020 14:07:49 -0400
172587,19/08/2020 15:34:43 +0900
272290,18/08/2020 16:31:12 -0700
172599,18/08/2020 13:13:09 +0300
272290,17/08/2020 21:07:10 -0700
172671,18/08/2020 12:24:22 +0900
172671,18/08/2020 11:10:50 +0900
172689,17/08/2020 16:20:06 -0400
172697,17/08/2020 15:40:07 -0400
172599,17/08/2020 10:52:58 +0300
172599,17/08/2020 10:50:13 +0300
172599,17/08/2020 09:27:29 +0300
172671,17/08/2020 10:23:17 +0900
272290,16/08/2020 14:21:37 -0700
272290,16/08/2020 12:57:01 -0700
172678,15/08/2020 20:21:52 -0700
172697,15/08/2020 15:43:34 -0400
172678,15/08/2020 10:15:53 -0700
172697,15/08/2020 12:04:19 -0400
172695,15/08/2020 11:23:18 +0200
172695,15/08/2020 11:23:18 +0200
172685,15/08/2020 08:34:48 +0530
172697,14/08/2020 22:14:03 -0400
172689,14/08/2020 17:33:31 -0400
272290,14/08/2020 14:30:38 -0700
272290,14/08/2020 12:15:38 -0700
172698,14/08/2020 11:09:08 -0700
172697,14/08/2020 13:26:57 -0400
172599,14/08/2020 10:40:50 +0300
172671,14/08/2020 09:30:34 +0900
172697,13/08/2020 20:00:38 -0400
272290,13/08/2020 16:25:21 -0700
172689,13/08/2020 17:33:49 -0400
272290,12/08/2020 17:04:51 -0700
272290,12/08/2020 16:03:49 -0700
172689,12/08/2020 15:33:36 -0400
172697,12/08/2020 11:54:16 -0400
272290,11/08/2020 17:41:18 -0700
272290,11/08/2020 11:25:23 -0700
172671,11/08/2020 14:37:38 +0900
172695,10/08/2020 18:51:31 +0200
172678,10/08/2020 09:22:54 -0700
172678,10/08/2020 09:22:54 -0700
172678,10/08/2020 09:22:54 -0700
172697,10/08/2020 10:44:42 -0400
172698,09/08/2020 12:01:15 -0700
172697,09/08/2020 12:39:07 -0400
172697,09/08/2020 11:32:31 -0400
172697,08/08/2020 17:26:29 -0400
172698,08/08/2020 11:12:01 -0700
172689,08/08/2020 12:31:55 -0400
172685,08/08/2020 12:13:18 +0530
172695,08/08/2020 07:31:52 +0200
172685,08/08/2020 07:34:39 +0530
172698,07/08/2020 15:27:56 -0700
172689,07/08/2020 17:24:40 -0400
172697,07/08/2020 14:30:41 -0400
172698,07/08/2020 09:53:27 -0700
172445,07/08/2020 14:45:00 +0900
172698,06/08/2020 16:23:52 -0700
172698,06/08/2020 15:25:49 -0700
172197,07/08/2020 10:22:18 +1200
172666,06/08/2020 14:13:03 -0400
172699,05/08/2020 17:12:10 -0400
172697,05/08/2020 15:38:55 -0400
172603,05/08/2020 02:15:34 +0300
172697,04/08/2020 15:20:31 -0400
172671,04/08/2020 14:36:01 +0900
172698,03/08/2020 15:54:38 -0700
172698,03/08/2020 13:04:42 -0700
172697,03/08/2020 14:02:35 -0400
172697,03/08/2020 13:11:16 -0400
172697,03/08/2020 09:46:12 -0400
172671,03/08/2020 13:38:48 +0900
172568,03/08/2020 12:39:15 +1200
172568,03/08/2020 12:17:41 +1200
172697,02/08/2020 17:00:26 -0400
172197,02/08/2020 14:24:46 +1200
172678,01/08/2020 15:31:01 -0700
172697,01/08/2020 17:12:47 -0400
172568,01/08/2020 23:39:36 +1200
172671,01/08/2020 11:49:13 +0900
172568,01/08/2020 12:16:15 +1200
172698,31/07/2020 15:34:28 -0700
172697,31/07/2020 17:11:28 -0400
172697,31/07/2020 11:43:12 -0400
172568,31/07/2020 19:08:09 +1200
172568,31/07/2020 17:27:09 +1200
172671,31/07/2020 14:17:29 +0900
172568,31/07/2020 14:15:18 +1200
172671,31/07/2020 10:54:26 +0900
172674,31/07/2020 07:18:41 +0900
172514,30/07/2020 08:44:58 -0700
172671,30/07/2020 16:57:37 +0900
172671,30/07/2020 15:48:44 +0900
172568,30/07/2020 17:25:48 +1200
172568,30/07/2020 17:23:32 +1200
172568,30/07/2020 17:08:11 +1200
172698,29/07/2020 14:14:58 -0700
172587,29/07/2020 23:21:55 +0900
172587,29/07/2020 21:24:26 +0900
172514,28/07/2020 23:15:47 -0700
172671,29/07/2020 14:44:32 +0900
172568,29/07/2020 16:46:58 +1200
172698,28/07/2020 17:59:16 -0700
172698,28/07/2020 17:14:07 -0700
172698,28/07/2020 16:59:01 -0700
172197,29/07/2020 11:42:21 +1200
172197,28/07/2020 22:52:03 +1200
172685,28/07/2020 08:06:44 +0530
172445,28/07/2020 11:00:00 +0900
172698,27/07/2020 17:53:19 -0700
172671,27/07/2020 15:58:32 +0900
172671,27/07/2020 10:28:06 +0900
172514,26/07/2020 14:55:52 -0700
172197,26/07/2020 21:02:45 +1200
172671,26/07/2020 16:32:11 +0900
172678,25/07/2020 14:50:59 -0700
172678,25/07/2020 14:50:59 -0700
172697,25/07/2020 16:34:35 -0400
172697,25/07/2020 12:54:58 -0400
172685,25/07/2020 10:20:39 +0530
172697,24/07/2020 15:43:56 -0400
172697,24/07/2020 15:26:51 -0400
172695,24/07/2020 10:34:16 +0200
172697,23/07/2020 17:19:37 -0400
172695,23/07/2020 17:13:00 +0200
172568,23/07/2020 21:10:49 +1200
172685,23/07/2020 08:19:07 +0530
172671,23/07/2020 08:29:08 +0900
172697,22/07/2020 19:19:44 -0400
172671,22/07/2020 14:52:23 +0900
172568,22/07/2020 16:38:20 +1200
172671,22/07/2020 10:16:21 +0900
172697,21/07/2020 19:40:44 -0400
172698,21/07/2020 15:50:58 -0700
172697,21/07/2020 15:19:46 -0400
172689,21/07/2020 13:11:23 -0400
172689,21/07/2020 13:09:42 -0400
172697,21/07/2020 13:03:48 -0400
172697,21/07/2020 12:38:08 -0400
172671,21/07/2020 12:05:07 +0900
172697,20/07/2020 22:03:18 -0400
172697,20/07/2020 19:44:41 -0400
172698,20/07/2020 16:03:38 -0700
172697,20/07/2020 14:55:56 -0400
172697,20/07/2020 13:40:16 -0400
172603,20/07/2020 13:59:50 +0300
172587,20/07/2020 13:30:18 +0900
172685,20/07/2020 08:48:26 +0530
172587,20/07/2020 11:55:50 +0900
172685,20/07/2020 07:45:26 +0530
172698,19/07/2020 16:12:51 -0700
172698,19/07/2020 09:46:44 -0700
172697,19/07/2020 12:37:23 -0400
172695,19/07/2020 12:14:42 +0200
172697,18/07/2020 14:58:18 -0400
172697,18/07/2020 12:44:51 -0400
172671,18/07/2020 22:43:35 +0900
172685,18/07/2020 09:57:23 +0530
172685,18/07/2020 09:47:38 +0530
172671,18/07/2020 10:42:41 +0900
172698,17/07/2020 18:24:23 -0700
172698,17/07/2020 17:49:45 -0700
172697,17/07/2020 13:03:50 -0400
172698,17/07/2020 09:50:48 -0700
172697,17/07/2020 12:14:28 -0400
172697,17/07/2020 11:03:55 -0400
172695,17/07/2020 15:16:13 +0200
172695,17/07/2020 15:07:54 +0200
172685,17/07/2020 09:02:44 +0530
172568,17/07/2020 14:57:50 +1200
172568,17/07/2020 14:33:00 +1200
172653,16/07/2020 14:48:37 -0400
172671,16/07/2020 15:52:37 +0900
272290,15/07/2020 15:35:07 -0700
172695,15/07/2020 14:23:22 +0200
172671,15/07/2020 15:17:23 +0900
172671,15/07/2020 09:42:21 +0900
172671,15/07/2020 09:03:10 +0900
172697,14/07/2020 18:56:49 -0400
172695,14/07/2020 19:36:30 +0200
172197,14/07/2020 17:29:52 +1200
172197,14/07/2020 16:54:47 +1200
172671,14/07/2020 13:39:45 +0900
172671,14/07/2020 13:17:11 +0900
172697,13/07/2020 20:38:20 -0400
172689,13/07/2020 13:49:51 -0400
172697,13/07/2020 11:57:55 -0400
172685,13/07/2020 08:06:05 +0530
172671,13/07/2020 10:54:26 +0900
172514,12/07/2020 17:48:49 -0700
172514,12/07/2020 16:46:19 -0700
172671,12/07/2020 21:25:36 +0900
172671,12/07/2020 20:47:15 +0900
172697,11/07/2020 14:21:28 -0400
172697,11/07/2020 13:36:50 -0400
172695,11/07/2020 13:47:29 +0200
172603,11/07/2020 14:14:49 +0300
172671,11/07/2020 13:32:28 +0900
172603,11/07/2020 03:21:00 +0300
172603,11/07/2020 03:20:46 +0300
172697,10/07/2020 13:16:00 -0400
172695,10/07/2020 16:51:29 +0200
172671,10/07/2020 17:08:13 +0900
172695,10/07/2020 08:27:00 +0200
172689,09/07/2020 20:13:25 -0400
172697,09/07/2020 16:02:23 -0400
172697,09/07/2020 11:37:21 -0400
172695,09/07/2020 09:47:43 +0200
172587,09/07/2020 13:31:33 +0900
172697,08/07/2020 20:25:52 -0400
172197,09/07/2020 10:06:24 +1200
172689,08/07/2020 14:52:39 -0400
172697,08/07/2020 13:41:52 -0400
172587,08/07/2020 21:24:34 +0900
172695,08/07/2020 11:17:52 +0200
172651,08/07/2020 10:11:43 +0200
172587,08/07/2020 11:00:23 +0900
172671,08/07/2020 10:41:53 +0900
172697,07/07/2020 18:10:42 -0400
172697,07/07/2020 15:43:22 -0400
172689,07/07/2020 13:08:00 -0400
172651,07/07/2020 16:57:27 +0200
172695,07/07/2020 10:21:54 +0200
172698,06/07/2020 13:47:29 -0700
172697,06/07/2020 14:21:16 -0400
172695,06/07/2020 09:53:37 +0200
172587,06/07/2020 14:27:09 +0900
172671,06/07/2020 13:06:08 +0900
172685,06/07/2020 08:44:33 +0530
172671,06/07/2020 12:12:11 +0900
172685,06/07/2020 08:21:52 +0530
172671,06/07/2020 09:16:17 +0900
172697,05/07/2020 13:12:31 -0400
172695,05/07/2020 15:37:57 +0200
172671,05/07/2020 19:35:56 +0900
172695,05/07/2020 11:41:52 +0200
171717,04/07/2020 13:46:31 -0400
171717,04/07/2020 06:26:53 -0400
172697,03/07/2020 19:01:21 -0400
172697,03/07/2020 17:01:34 -0400
172697,03/07/2020 15:42:10 -0400
172651,03/07/2020 15:09:06 +0200
172587,03/07/2020 12:08:35 +0900
172587,03/07/2020 11:35:22 +0900
172698,02/07/2020 16:34:54 -0700
172698,02/07/2020 14:54:55 -0700
172671,02/07/2020 13:57:03 +0900
172671,01/07/2020 17:03:50 +0900
172685,01/07/2020 07:58:36 +0530
172671,01/07/2020 11:12:33 +0900
172671,01/07/2020 10:47:24 +0900
172197,01/07/2020 12:15:59 +1200
172699,30/06/2020 12:26:51 -0400
172699,30/06/2020 11:55:53 -0400
171548,30/06/2020 17:31:08 +0200
172587,30/06/2020 23:55:07 +0900
172671,30/06/2020 13:26:11 +0900
172697,29/06/2020 18:55:01 -0400
172695,30/06/2020 00:29:35 +0200
172697,29/06/2020 17:12:38 -0400
172698,29/06/2020 12:30:39 -0700
172697,29/06/2020 11:41:19 -0400
172695,29/06/2020 11:04:42 +0200
172695,29/06/2020 10:36:52 +0200
172671,29/06/2020 09:56:52 +0900
172678,27/06/2020 22:05:04 -0700
172697,27/06/2020 13:26:17 -0400
172697,27/06/2020 12:47:58 -0400
172697,27/06/2020 12:20:33 -0400
172685,27/06/2020 09:54:51 +0530
172689,26/06/2020 20:41:29 -0400
172697,26/06/2020 13:54:01 -0400
172699,25/06/2020 18:33:28 -0400
172699,25/06/2020 18:22:44 -0400
172698,25/06/2020 10:55:28 -0700
172697,25/06/2020 13:28:30 -0400
172587,25/06/2020 11:13:13 +0900
172697,24/06/2020 15:47:30 -0400
172689,24/06/2020 14:23:39 -0400
172689,24/06/2020 14:15:17 -0400
172689,24/06/2020 14:00:37 -0400
172671,24/06/2020 15:14:04 +0900
172514,22/06/2020 12:14:55 -0700
172697,22/06/2020 11:46:41 -0400
172671,22/06/2020 13:40:04 +0900
172671,22/06/2020 13:23:38 +0900
172603,21/06/2020 04:48:03 +0300
172698,20/06/2020 17:34:07 -0700
172603,21/06/2020 00:35:42 +0300
172603,20/06/2020 17:34:51 +0300
172603,20/06/2020 13:34:54 +0300
172678,20/06/2020 01:25:40 -0700
172685,20/06/2020 09:18:57 +0530
172689,19/06/2020 16:46:07 -0400
172697,19/06/2020 13:55:21 -0400
172689,19/06/2020 12:55:43 -0400
172698,19/06/2020 08:57:24 -0700
172587,19/06/2020 17:15:52 +0900
172197,19/06/2020 17:24:27 +1200
272290,18/06/2020 19:40:09 -0700
172697,18/06/2020 16:27:18 -0400
172671,18/06/2020 16:34:59 +0900
172695,18/06/2020 08:41:31 +0200
172695,18/06/2020 08:41:31 +0200
172671,18/06/2020 10:40:10 +0900
172697,17/06/2020 18:29:29 -0400
172698,17/06/2020 15:23:55 -0700
172666,17/06/2020 11:39:17 -0400
172666,17/06/2020 11:05:42 -0400
172666,17/06/2020 10:57:34 -0400
172695,17/06/2020 09:14:37 +0200
172697,16/06/2020 16:41:11 -0400
172697,16/06/2020 15:28:37 -0400
172695,16/06/2020 17:25:20 +0200
172697,16/06/2020 11:09:42 -0400
172568,16/06/2020 17:40:06 +1200
172568,16/06/2020 17:23:36 +1200
172568,16/06/2020 13:50:56 +1200
272290,15/06/2020 18:23:10 -0700
172699,15/06/2020 20:59:40 -0400
172697,15/06/2020 19:10:30 -0400
272290,15/06/2020 10:19:32 -0700
272290,15/06/2020 10:18:41 -0700
272290,15/06/2020 10:14:40 -0700
272290,15/06/2020 10:12:58 -0700
172697,15/06/2020 12:15:56 -0400
172671,15/06/2020 21:18:14 +0900
172695,15/06/2020 10:47:59 +0200
172695,15/06/2020 08:51:46 +0200
172671,15/06/2020 15:26:51 +0900
172695,15/06/2020 08:22:52 +0200
172568,15/06/2020 11:33:13 +1200
272290,14/06/2020 14:22:47 -0700
272290,14/06/2020 14:05:18 -0700
272290,14/06/2020 11:47:37 -0700
172697,14/06/2020 11:00:07 -0400
172695,14/06/2020 07:48:15 +0200
172671,14/06/2020 12:40:37 +0900
172697,13/06/2020 14:01:46 -0400
172697,13/06/2020 13:43:24 -0400
172698,13/06/2020 09:33:33 -0700
172695,13/06/2020 09:03:28 +0200
172695,13/06/2020 09:03:28 +0200
172671,13/06/2020 14:04:56 +0900
172671,13/06/2020 09:34:38 +0900
172197,13/06/2020 12:32:00 +1200
172197,13/06/2020 11:27:25 +1200
172697,12/06/2020 12:14:32 -0400
172671,12/06/2020 21:05:10 +0900
172695,12/06/2020 08:51:16 +0200
172699,11/06/2020 18:44:49 -0400
172568,12/06/2020 10:44:32 +1200
172699,11/06/2020 18:19:25 -0400
172697,11/06/2020 17:38:42 -0400
172514,11/06/2020 11:58:16 -0700
172698,11/06/2020 10:09:47 -0700
172695,11/06/2020 14:14:12 +0200
172695,11/06/2020 11:18:15 +0200
172685,11/06/2020 14:10:43 +0530
172695,11/06/2020 10:26:12 +0200
172671,11/06/2020 15:48:46 +0900
172695,11/06/2020 08:21:24 +0200
172695,10/06/2020 22:58:46 +0200
172695,10/06/2020 16:16:37 +0200
172695,10/06/2020 11:57:41 +0200
172685,10/06/2020 10:20:10 +0530
172695,09/06/2020 10:41:41 +0200
172695,09/06/2020 09:10:14 +0200
172197,09/06/2020 18:43:15 +1200
172697,09/06/2020 01:17:59 -0400
172514,08/06/2020 20:59:45 -0700
272290,08/06/2020 19:52:19 -0700
272290,08/06/2020 16:50:37 -0700
272290,08/06/2020 16:36:51 -0700
272290,08/06/2020 15:25:49 -0700
172695,08/06/2020 22:44:15 +0200
172695,08/06/2020 07:58:51 +0200
172568,08/06/2020 13:57:24 +1200
172568,08/06/2020 13:20:46 +1200
172671,08/06/2020 10:12:24 +0900
172678,07/06/2020 16:27:13 -0700
172697,07/06/2020 17:16:30 -0400
172697,07/06/2020 16:57:08 -0400
172697,07/06/2020 13:44:13 -0400
172697,07/06/2020 13:07:31 -0400
172514,07/06/2020 09:14:24 -0700
172695,07/06/2020 16:12:05 +0200
172695,07/06/2020 15:11:51 +0200
172695,07/06/2020 15:06:51 +0200
172695,07/06/2020 14:54:28 +0200
172695,07/06/2020 14:35:12 +0200
172695,07/06/2020 14:07:33 +0200
172695,07/06/2020 13:34:37 +0200
172695,07/06/2020 13:27:57 +0200
172695,07/06/2020 13:24:40 +0200
172695,07/06/2020 13:18:36 +0200
172695,07/06/2020 13:10:18 +0200
172568,07/06/2020 21:36:43 +1200
172695,07/06/2020 11:16:51 +0200
172695,06/06/2020 19:56:21 +0200
172651,06/06/2020 15:35:42 +0200
172678,05/06/2020 20:10:53 -0700
172697,05/06/2020 18:04:37 -0400
172697,05/06/2020 16:55:16 -0400
171717,05/06/2020 16:49:25 -0400
172697,05/06/2020 16:18:50 -0400
172695,05/06/2020 11:18:11 +0200
172671,05/06/2020 10:26:02 +0900
172697,04/06/2020 16:42:08 -0400
172695,04/06/2020 22:09:41 +0200
172671,04/06/2020 13:02:59 +0900
172671,04/06/2020 10:17:49 +0900
172697,03/06/2020 12:36:00 -0400
172699,02/06/2020 22:11:47 -0400
172587,03/06/2020 09:59:43 +0900
172587,02/06/2020 19:18:13 +0900
172685,02/06/2020 11:11:25 +0530
172653,01/06/2020 17:32:32 -0400
172695,01/06/2020 21:18:36 +0200
172671,01/06/2020 14:41:18 +0900
172671,01/06/2020 10:32:06 +0900
172653,31/05/2020 18:33:00 -0400
172636,31/05/2020 14:43:13 +0200
172671,31/05/2020 10:48:21 +0900
172587,29/05/2020 17:14:33 +0900
272290,28/05/2020 15:08:12 -0700
171717,28/05/2020 13:44:54 -0400
171717,28/05/2020 13:16:47 -0400
172599,28/05/2020 12:37:00 +0300
172599,28/05/2020 12:35:18 +0300
172671,28/05/2020 16:40:07 +0900
172671,28/05/2020 15:39:05 +0900
172695,27/05/2020 16:07:55 +0200
172514,26/05/2020 16:06:30 -0700
172695,26/05/2020 15:58:39 +0200
172695,26/05/2020 14:09:36 +0200
172699,25/05/2020 21:53:53 -0400
172699,25/05/2020 20:19:28 -0400
172678,25/05/2020 16:23:48 -0700
172678,25/05/2020 16:21:04 -0700
172671,25/05/2020 15:18:11 +0900
172671,23/05/2020 14:03:04 +0900
172689,22/05/2020 17:39:16 -0400
172587,22/05/2020 23:33:58 +0900
172695,22/05/2020 10:36:49 +0200
172445,22/05/2020 15:45:00 +0900
172699,21/05/2020 22:07:17 -0400
172699,21/05/2020 20:34:37 -0400
172699,21/05/2020 20:28:38 -0400
172699,21/05/2020 19:49:30 -0400
172698,21/05/2020 13:36:45 -0700
172678,21/05/2020 08:31:16 -0700
172671,21/05/2020 15:49:20 +0900
172671,21/05/2020 14:41:15 +0900
172689,20/05/2020 14:35:39 -0400
172671,20/05/2020 14:20:50 +0900
172671,20/05/2020 09:12:52 +0900
172697,19/05/2020 20:09:59 -0400
172698,19/05/2020 15:04:34 -0700
172689,18/05/2020 19:28:46 -0400
172697,18/05/2020 16:09:19 -0400
172697,18/05/2020 13:21:36 -0400
172699,18/05/2020 10:20:09 -0400
172695,18/05/2020 12:49:30 +0200
172651,18/05/2020 11:55:11 +0200
172685,18/05/2020 07:53:26 +0530
172603,17/05/2020 13:02:16 +0300
172603,17/05/2020 12:53:34 +0300
172603,17/05/2020 12:41:19 +0300
172689,16/05/2020 22:19:02 -0400
172697,16/05/2020 21:00:05 -0400
172671,17/05/2020 09:22:07 +0900
172697,16/05/2020 19:44:49 -0400
172653,16/05/2020 16:20:43 -0400
172689,16/05/2020 15:10:36 -0400
172697,16/05/2020 11:54:51 -0400
172697,16/05/2020 11:49:14 -0400
172671,16/05/2020 18:15:18 +0900
172697,15/05/2020 21:47:21 -0400
172689,15/05/2020 19:59:29 -0400
172697,15/05/2020 19:55:56 -0400
172697,15/05/2020 19:05:39 -0400
172697,15/05/2020 18:11:03 -0400
172689,15/05/2020 18:05:34 -0400
172689,15/05/2020 16:50:34 -0400
172697,15/05/2020 14:28:19 -0400
172689,15/05/2020 13:24:22 -0400
172699,15/05/2020 12:47:07 -0400
172699,15/05/2020 12:38:40 -0400
172699,15/05/2020 12:05:43 -0400
172699,15/05/2020 11:21:43 -0400
172699,15/05/2020 10:57:14 -0400
172699,15/05/2020 10:40:09 -0400
172699,15/05/2020 09:55:43 -0400
172699,15/05/2020 08:52:24 -0400
172699,15/05/2020 08:29:57 -0400
172685,15/05/2020 08:10:00 +0530
172699,14/05/2020 22:36:21 -0400
172671,15/05/2020 08:19:30 +0900
172697,14/05/2020 18:44:18 -0400
172697,14/05/2020 18:13:08 -0400
172697,14/05/2020 13:06:38 -0400
172699,14/05/2020 11:51:09 -0400
172697,14/05/2020 11:10:31 -0400
172671,14/05/2020 20:14:58 +0900
172599,14/05/2020 13:53:16 +0300
172603,14/05/2020 12:44:44 +0300
172599,14/05/2020 08:39:26 +0300
172685,14/05/2020 09:23:56 +0530
172678,13/05/2020 20:42:09 -0700
172678,13/05/2020 20:42:09 -0700
172697,13/05/2020 23:36:58 -0400
172697,13/05/2020 23:03:39 -0400
172699,13/05/2020 22:48:11 -0400
172697,13/05/2020 22:48:09 -0400
172689,13/05/2020 15:31:14 -0400
172697,13/05/2020 13:08:12 -0400
172689,13/05/2020 12:17:08 -0400
172587,13/05/2020 22:20:37 +0900
172587,13/05/2020 22:19:25 +0900
172699,12/05/2020 17:17:12 -0400
172689,12/05/2020 16:15:55 -0400
172689,12/05/2020 16:01:52 -0400
172636,12/05/2020 20:04:39 +0200
172636,12/05/2020 19:37:13 +0200
172697,12/05/2020 13:03:43 -0400
172445,12/05/2020 19:55:55 +0900
172671,12/05/2020 14:43:57 +0900
172587,12/05/2020 13:56:19 +0900
172699,11/05/2020 22:58:47 -0400
172699,11/05/2020 21:24:08 -0400
172699,11/05/2020 21:19:57 -0400
172697,11/05/2020 20:41:06 -0400
172697,11/05/2020 20:03:55 -0400
172697,11/05/2020 14:15:49 -0400
172698,11/05/2020 11:01:07 -0700
172689,11/05/2020 12:46:41 -0400
172695,11/05/2020 13:14:32 +0200
172697,10/05/2020 16:20:28 -0400
172671,10/05/2020 10:58:54 +0900
172697,09/05/2020 19:09:44 -0400
172697,09/05/2020 16:28:09 -0400
172636,09/05/2020 19:41:42 +0200
172636,09/05/2020 19:41:36 +0200
172636,09/05/2020 19:41:18 +0200
172697,09/05/2020 13:05:08 -0400
172689,08/05/2020 19:38:46 -0400
172689,08/05/2020 15:30:34 -0400
172695,08/05/2020 20:35:03 +0200
172695,08/05/2020 13:33:00 +0200
172685,08/05/2020 08:33:05 +0530
172587,08/05/2020 10:36:40 +0900
172698,07/05/2020 16:08:54 -0700
172697,07/05/2020 15:59:51 -0400
172697,07/05/2020 14:25:18 -0400
172699,07/05/2020 13:06:31 -0400
172699,07/05/2020 10:01:22 -0400
172699,07/05/2020 09:00:24 -0400
172699,06/05/2020 19:34:22 -0400
172699,06/05/2020 19:07:29 -0400
172697,06/05/2020 15:58:23 -0400
172689,06/05/2020 12:29:41 -0400
172697,06/05/2020 12:23:43 -0400
172695,06/05/2020 16:25:54 +0200
172671,06/05/2020 21:08:15 +0900
172699,05/05/2020 17:45:34 -0400
172699,05/05/2020 17:43:27 -0400
172698,05/05/2020 14:42:10 -0700
172698,05/05/2020 14:36:54 -0700
172699,05/05/2020 17:21:57 -0400
172699,05/05/2020 16:31:44 -0400
172697,05/05/2020 16:06:49 -0400
172699,05/05/2020 14:40:27 -0400
172699,05/05/2020 13:18:05 -0400
172697,05/05/2020 13:10:09 -0400
172699,05/05/2020 12:42:55 -0400
172699,05/05/2020 11:42:28 -0400
172699,05/05/2020 10:33:50 -0400
172699,05/05/2020 10:32:50 -0400
172695,05/05/2020 08:49:52 +0200
172671,05/05/2020 14:16:01 +0900
172699,04/05/2020 23:09:45 -0400
172685,05/05/2020 08:00:53 +0530
172697,04/05/2020 16:16:42 -0400
172698,04/05/2020 11:23:44 -0700
172697,04/05/2020 13:48:30 -0400
172697,04/05/2020 12:18:06 -0400
172603,03/05/2020 12:19:31 +0300
172695,03/05/2020 10:45:52 +0200
172698,02/05/2020 14:04:33 -0700
172658,02/05/2020 11:39:26 -0400
172636,02/05/2020 15:30:10 +0200
172636,02/05/2020 15:26:47 +0200
172695,02/05/2020 10:33:10 +0200
172636,02/05/2020 01:25:00 +0200
172636,02/05/2020 00:36:25 +0200
172697,01/05/2020 17:28:00 -0400
172697,01/05/2020 16:16:28 -0400
172698,01/05/2020 12:19:44 -0700
172698,01/05/2020 10:03:38 -0700
172698,01/05/2020 09:51:09 -0700
172698,01/05/2020 08:39:52 -0700
172695,01/05/2020 11:49:52 +0200
172671,01/05/2020 17:40:41 +0900
172698,30/04/2020 14:33:13 -0700
172698,30/04/2020 12:31:56 -0700
172697,30/04/2020 12:53:44 -0400
172695,30/04/2020 09:34:54 +0200
172695,30/04/2020 09:06:49 +0200
172671,30/04/2020 13:39:10 +0900
172697,30/04/2020 00:34:05 -0400
172698,29/04/2020 18:17:49 -0700
172671,30/04/2020 08:14:02 +0900
172689,29/04/2020 18:46:42 -0400
172695,29/04/2020 10:13:25 +0200
172689,28/04/2020 20:39:04 -0400
172698,28/04/2020 16:12:56 -0700
172695,28/04/2020 13:35:40 +0200
172603,28/04/2020 11:07:56 +0300
172671,28/04/2020 07:55:51 +0900
172666,27/04/2020 13:04:35 -0400
172697,27/04/2020 12:21:04 -0400
172697,27/04/2020 11:00:28 -0400
172695,27/04/2020 14:24:20 +0200
172671,27/04/2020 14:59:36 +0900
172697,26/04/2020 11:45:54 -0400
172695,26/04/2020 13:48:33 +0200
172678,25/04/2020 18:45:27 -0700
172698,25/04/2020 16:45:20 -0700
172698,25/04/2020 14:17:02 -0700
172678,25/04/2020 10:18:12 -0700
172678,25/04/2020 10:17:26 -0700
172529,25/04/2020 05:09:30 +0100
172697,24/04/2020 17:53:23 -0400
172697,24/04/2020 17:21:44 -0400
172697,24/04/2020 15:51:35 -0400
172699,24/04/2020 15:16:04 -0400
172666,24/04/2020 14:08:29 -0400
172697,24/04/2020 12:02:36 -0400
172697,24/04/2020 10:54:47 -0400
172666,24/04/2020 10:38:10 -0400
172695,24/04/2020 09:33:22 +0200
172671,24/04/2020 11:33:41 +0900
172671,24/04/2020 08:48:28 +0900
172697,23/04/2020 15:38:04 -0400
172697,23/04/2020 15:27:37 -0400
172697,23/04/2020 15:12:42 -0400
172666,23/04/2020 09:47:50 -0400
172666,23/04/2020 08:44:06 -0400
272290,22/04/2020 19:52:07 -0700
172587,23/04/2020 11:32:17 +0900
172697,22/04/2020 21:32:38 -0400
172698,22/04/2020 16:09:55 -0700
172636,23/04/2020 00:15:24 +0200
172699,22/04/2020 16:23:19 -0400
172697,22/04/2020 15:27:43 -0400
172697,22/04/2020 14:43:26 -0400
172197,22/04/2020 22:12:19 +1200
172671,22/04/2020 08:08:28 +0900
172689,21/04/2020 18:37:26 -0400
172671,22/04/2020 07:27:03 +0900
172689,21/04/2020 17:14:18 -0400
172697,21/04/2020 15:58:42 -0400
172697,21/04/2020 14:23:42 -0400
172695,21/04/2020 19:57:33 +0200
172689,21/04/2020 13:57:00 -0400
172698,21/04/2020 09:59:24 -0700
172697,21/04/2020 12:56:55 -0400
172697,21/04/2020 11:21:15 -0400
172697,21/04/2020 11:13:05 -0400
172587,21/04/2020 14:05:43 +0900
172699,20/04/2020 21:41:13 -0400
172697,20/04/2020 18:44:12 -0400
172666,20/04/2020 14:37:38 -0400
172689,20/04/2020 13:42:41 -0400
172689,20/04/2020 13:42:12 -0400
172697,20/04/2020 12:29:28 -0400
172651,20/04/2020 12:53:40 +0200
172697,19/04/2020 17:44:28 -0400
172514,19/04/2020 10:32:26 -0700
172697,19/04/2020 12:17:02 -0400
172695,19/04/2020 14:59:29 +0200
172697,18/04/2020 15:36:43 -0400
172697,18/04/2020 14:02:44 -0400
172197,18/04/2020 14:10:37 +1200
172697,17/04/2020 20:50:26 -0400
172653,17/04/2020 16:53:01 -0400
172653,17/04/2020 15:57:19 -0400
172653,17/04/2020 14:44:33 -0400
172653,17/04/2020 14:11:18 -0400
172697,17/04/2020 13:41:59 -0400
172587,17/04/2020 18:37:38 +0900
172671,17/04/2020 10:45:08 +0900
172197,17/04/2020 10:29:49 +1200
172697,16/04/2020 14:45:54 -0400
172685,16/04/2020 10:44:03 +0530
172671,16/04/2020 13:57:07 +0900
172698,15/04/2020 15:47:26 -0700
172671,15/04/2020 15:56:01 +0900
172587,15/04/2020 11:15:12 +0900
172698,14/04/2020 14:38:28 -0700
172697,14/04/2020 17:30:13 -0400
172653,14/04/2020 16:55:34 -0400
172653,14/04/2020 16:47:07 -0400
172666,14/04/2020 13:41:32 -0400
172698,14/04/2020 09:33:18 -0700
172671,14/04/2020 14:45:43 +0900
172698,13/04/2020 21:11:03 -0700
172685,14/04/2020 08:10:27 +0530
172698,13/04/2020 19:26:41 -0700
172678,13/04/2020 18:47:28 -0700
172689,13/04/2020 19:54:09 -0400
172698,13/04/2020 16:39:55 -0700
172653,13/04/2020 12:06:11 -0400
172653,13/04/2020 11:55:45 -0400
172653,13/04/2020 11:46:18 -0400
172666,13/04/2020 10:48:23 -0400
172685,13/04/2020 15:31:16 +0530
172695,13/04/2020 10:21:15 +0200
172697,12/04/2020 18:03:20 -0400
172697,12/04/2020 14:03:24 -0400
172666,12/04/2020 11:26:05 -0400
172698,11/04/2020 21:07:20 -0700
172697,11/04/2020 15:02:38 -0400
172678,11/04/2020 10:30:12 -0700
172678,11/04/2020 10:30:00 -0700
172697,11/04/2020 12:39:19 -0400
172697,11/04/2020 12:29:06 -0400
172695,11/04/2020 15:07:25 +0200
172695,11/04/2020 09:44:14 +0200
172529,11/04/2020 08:04:57 +0100
172698,10/04/2020 17:44:08 -0700
172697,10/04/2020 13:12:58 -0400
172697,10/04/2020 12:00:28 -0400
172697,10/04/2020 10:44:09 -0400
172671,10/04/2020 11:18:39 +0900
172697,09/04/2020 17:28:58 -0400
172697,09/04/2020 15:38:43 -0400
172697,09/04/2020 15:11:08 -0400
172697,09/04/2020 13:19:23 -0400
172697,09/04/2020 12:36:59 -0400
172695,09/04/2020 16:17:55 +0200
172587,09/04/2020 22:38:24 +0900
172587,09/04/2020 22:37:11 +0900
172695,09/04/2020 14:10:01 +0200
172685,09/04/2020 09:49:30 +0530
172587,09/04/2020 12:56:36 +0900
172653,08/04/2020 17:50:55 -0400
172695,08/04/2020 19:19:45 +0200
172636,08/04/2020 18:30:11 +0200
172697,08/04/2020 11:23:39 -0400
172568,08/04/2020 23:45:09 +1200
172603,08/04/2020 11:37:27 +0300
172695,08/04/2020 09:59:27 +0200
172197,08/04/2020 18:29:51 +1200
172671,08/04/2020 15:04:51 +0900
172197,08/04/2020 16:55:03 +1200
172197,08/04/2020 16:22:52 +1200
172697,08/04/2020 00:10:16 -0400
172514,07/04/2020 20:42:04 -0700
172697,07/04/2020 22:12:14 -0400
172568,08/04/2020 13:36:45 +1200
172445,08/04/2020 10:25:00 +0900
172697,07/04/2020 20:50:02 -0400
272290,07/04/2020 17:36:23 -0700
172636,08/04/2020 02:06:00 +0200
172689,07/04/2020 19:16:37 -0400
172689,07/04/2020 18:58:19 -0400
172698,07/04/2020 15:56:52 -0700
172689,07/04/2020 18:35:00 -0400
172697,07/04/2020 17:46:29 -0400
172603,07/04/2020 23:51:10 +0300
172689,07/04/2020 16:22:13 -0400
172697,07/04/2020 15:57:58 -0400
172636,07/04/2020 19:20:20 +0200
172636,07/04/2020 18:03:24 +0200
172587,08/04/2020 00:49:29 +0900
172636,07/04/2020 16:43:18 +0200
272290,06/04/2020 21:28:55 -0700
172697,06/04/2020 22:22:13 -0400
172568,07/04/2020 11:33:56 +1200
172636,07/04/2020 01:16:57 +0200
172568,07/04/2020 11:08:14 +1200
172636,06/04/2020 23:58:10 +0200
172698,06/04/2020 14:46:33 -0700
172636,06/04/2020 23:19:13 +0200
172636,06/04/2020 21:33:28 +0200
172697,06/04/2020 12:00:37 -0400
172695,06/04/2020 15:15:52 +0200
172685,06/04/2020 16:24:51 +0530
172671,06/04/2020 11:44:23 +0900
172685,06/04/2020 08:02:15 +0530
172671,06/04/2020 11:03:49 +0900
272290,05/04/2020 18:23:30 -0700
272290,05/04/2020 17:47:30 -0700
272290,05/04/2020 12:03:09 -0700
172695,05/04/2020 10:02:00 +0200
172697,05/04/2020 00:53:25 -0400
172685,05/04/2020 07:34:04 +0530
172678,04/04/2020 15:45:45 -0700
172697,04/04/2020 18:03:30 -0400
172678,04/04/2020 12:25:34 -0700
172695,04/04/2020 09:08:12 +0200
172685,04/04/2020 10:02:08 +0530
172514,03/04/2020 19:52:16 -0700
172666,03/04/2020 22:28:37 -0400
172666,03/04/2020 20:15:27 -0400
172666,03/04/2020 19:51:18 -0400
172666,03/04/2020 19:01:59 -0400
172666,03/04/2020 17:16:31 -0400
172697,03/04/2020 17:00:25 -0400
172666,03/04/2020 15:40:35 -0400
172666,03/04/2020 15:28:59 -0400
172666,03/04/2020 14:59:47 -0400
172587,04/04/2020 03:13:17 +0900
172697,03/04/2020 13:15:30 -0400
172587,04/04/2020 01:25:44 +0900
172689,03/04/2020 13:23:20 -0300
172666,03/04/2020 11:58:58 -0400
172666,03/04/2020 11:50:38 -0400
172697,03/04/2020 11:24:56 -0400
172587,03/04/2020 12:20:42 +0900
172587,03/04/2020 12:15:56 +0900
172671,03/04/2020 11:45:15 +0900
172587,03/04/2020 11:27:09 +0900
172666,02/04/2020 20:25:04 -0400
172697,02/04/2020 19:43:48 -0400
172699,02/04/2020 17:42:09 -0400
172699,02/04/2020 17:27:43 -0400
172697,02/04/2020 15:04:51 -0400
172636,02/04/2020 14:26:27 +0200
172197,02/04/2020 21:26:54 +1300
172695,02/04/2020 08:56:12 +0200
172695,02/04/2020 08:01:30 +0200
172695,02/04/2020 07:52:20 +0200
172568,02/04/2020 16:44:11 +1300
172685,02/04/2020 08:04:58 +0530
172587,02/04/2020 11:20:19 +0900
172636,02/04/2020 02:11:38 +0200
172697,01/04/2020 19:44:17 -0400
172697,01/04/2020 17:31:29 -0400
172697,01/04/2020 14:49:49 -0400
172697,01/04/2020 10:32:33 -0400
172695,01/04/2020 15:31:47 +0200
172695,01/04/2020 14:43:45 +0200
172603,01/04/2020 15:07:53 +0300
172603,01/04/2020 15:01:26 +0300
172603,01/04/2020 14:42:17 +0300
172671,01/04/2020 14:45:45 +0900
172685,01/04/2020 09:28:13 +0530
172699,31/03/2020 23:01:34 -0400
172671,01/04/2020 10:57:03 +0900
172699,31/03/2020 18:44:29 -0400
172699,31/03/2020 18:10:39 -0400
172699,31/03/2020 17:57:44 -0400
172698,31/03/2020 14:38:39 -0700
172699,31/03/2020 17:32:00 -0400
172699,31/03/2020 17:16:33 -0400
172699,31/03/2020 17:07:43 -0400
172697,31/03/2020 17:06:22 -0400
172699,31/03/2020 16:31:44 -0400
172697,31/03/2020 16:09:17 -0400
172689,31/03/2020 16:37:24 -0300
172587,01/04/2020 03:35:13 +0900
172699,31/03/2020 14:17:32 -0400
172697,31/03/2020 12:57:55 -0400
172697,31/03/2020 11:14:30 -0400
172603,31/03/2020 17:51:57 +0300
172697,31/03/2020 10:30:59 -0400
172651,31/03/2020 16:00:06 +0200
172695,31/03/2020 08:40:32 +0200
172671,31/03/2020 15:33:04 +0900
172695,31/03/2020 08:25:03 +0200
172685,31/03/2020 09:34:49 +0530
172698,30/03/2020 17:34:12 -0700
172671,31/03/2020 08:27:47 +0900
172698,30/03/2020 15:52:39 -0700
272290,30/03/2020 13:51:12 -0700
172603,30/03/2020 23:45:03 +0300
172603,30/03/2020 23:40:22 +0300
172698,30/03/2020 12:03:59 -0700
172603,30/03/2020 19:17:11 +0300
172695,30/03/2020 17:30:44 +0200
172697,30/03/2020 11:14:58 -0400
172197,30/03/2020 23:41:11 +1300
172587,30/03/2020 17:35:03 +0900
172695,30/03/2020 09:19:40 +0200
172695,30/03/2020 08:55:55 +0200
172587,30/03/2020 13:51:05 +0900
172587,30/03/2020 12:15:26 +0900
172685,30/03/2020 07:33:38 +0530
172697,29/03/2020 19:14:15 -0400
172697,29/03/2020 18:54:19 -0400
172695,29/03/2020 11:13:27 +0200
172695,29/03/2020 09:25:40 +0200
172695,29/03/2020 08:56:41 +0200
172197,29/03/2020 19:36:20 +1300
172698,28/03/2020 20:25:03 -0700
172697,28/03/2020 18:31:05 -0400
172697,28/03/2020 17:09:51 -0400
272290,28/03/2020 11:52:11 -0700
172514,28/03/2020 10:53:01 -0700
172627,28/03/2020 14:37:53 +0000
172627,28/03/2020 12:48:34 +0000
172695,28/03/2020 13:01:42 +0100
172695,28/03/2020 08:46:18 +0100
172197,28/03/2020 19:20:12 +1300
172698,27/03/2020 16:44:52 -0700
172689,27/03/2020 19:43:41 -0300
172689,27/03/2020 16:04:52 -0300
172697,27/03/2020 14:47:34 -0400
172695,27/03/2020 08:36:08 +0100
172697,26/03/2020 18:58:57 -0400
172697,26/03/2020 18:06:55 -0400
172651,26/03/2020 15:05:54 +0100
172695,26/03/2020 11:51:39 +0100
172695,26/03/2020 08:14:00 +0100
172697,25/03/2020 22:05:19 -0400
172653,25/03/2020 21:14:14 -0400
172697,25/03/2020 19:37:30 -0400
172653,25/03/2020 17:13:17 -0400
172689,25/03/2020 15:14:14 -0300
172689,25/03/2020 13:19:31 -0300
172697,25/03/2020 11:57:36 -0400
172695,25/03/2020 14:23:25 +0100
172695,25/03/2020 08:46:41 +0100
172568,25/03/2020 15:56:00 +1300
172568,25/03/2020 15:53:24 +1300
172514,24/03/2020 18:19:51 -0700
172514,24/03/2020 18:19:34 -0700
172698,24/03/2020 14:58:27 -0700
272290,24/03/2020 12:14:18 -0700
172695,24/03/2020 19:29:34 +0100
172697,24/03/2020 12:08:48 -0400
172697,24/03/2020 11:48:33 -0400
172695,24/03/2020 16:01:06 +0100
172697,24/03/2020 10:27:02 -0400
172695,24/03/2020 14:00:58 +0100
172695,24/03/2020 08:49:52 +0100
272290,23/03/2020 22:19:56 -0700
172587,24/03/2020 12:46:48 +0900
172671,24/03/2020 12:13:36 +0900
172587,24/03/2020 11:12:21 +0900
172514,23/03/2020 18:55:12 -0700
172587,24/03/2020 10:43:41 +0900
172699,23/03/2020 18:38:42 -0400
172603,24/03/2020 00:54:33 +0300
272290,23/03/2020 14:48:19 -0700
172514,23/03/2020 13:56:28 -0700
172697,23/03/2020 12:42:15 -0400
172697,23/03/2020 11:58:00 -0400
172671,23/03/2020 13:38:03 +0900
172671,23/03/2020 12:52:37 +0900
172685,23/03/2020 08:09:15 +0530
172671,23/03/2020 11:01:41 +0900
172678,22/03/2020 09:24:09 -0700
172697,21/03/2020 18:28:44 -0400
172678,21/03/2020 09:38:26 -0700
172678,21/03/2020 09:38:26 -0700
172678,21/03/2020 09:38:26 -0700
172678,21/03/2020 09:38:26 -0700
172685,21/03/2020 08:48:06 +0530
172699,20/03/2020 20:19:32 -0400
172689,20/03/2020 18:11:28 -0300
172689,20/03/2020 17:21:00 -0300
172653,20/03/2020 13:55:15 -0400
172695,20/03/2020 16:04:15 +0100
172685,20/03/2020 08:20:56 +0530
172698,19/03/2020 14:56:56 -0700
172699,19/03/2020 15:20:55 -0400
172603,19/03/2020 21:40:45 +0300
172514,19/03/2020 11:20:39 -0700
172697,19/03/2020 11:43:11 -0400
172587,19/03/2020 17:09:00 +0900
172695,19/03/2020 08:17:50 +0100
172587,19/03/2020 15:32:55 +0900
172685,19/03/2020 08:11:45 +0530
172698,18/03/2020 18:17:37 -0700
172671,19/03/2020 09:51:33 +0900
172514,18/03/2020 15:42:02 -0700
172514,18/03/2020 15:39:14 -0700
172689,18/03/2020 18:58:05 -0300
172698,18/03/2020 14:42:49 -0700
172695,18/03/2020 21:20:01 +0100
172636,18/03/2020 16:48:12 +0100
172636,18/03/2020 16:41:45 +0100
172587,18/03/2020 23:07:17 +0900
172695,18/03/2020 14:51:37 +0100
172636,18/03/2020 13:38:49 +0100
172587,18/03/2020 18:28:22 +0900
172685,18/03/2020 09:27:14 +0530
172671,18/03/2020 11:13:12 +0900
172685,18/03/2020 07:20:17 +0530
172698,17/03/2020 18:39:26 -0700
172568,18/03/2020 12:48:13 +1300
172568,18/03/2020 12:43:05 +1300
172697,17/03/2020 19:36:41 -0400
172698,17/03/2020 15:53:05 -0700
172697,17/03/2020 18:29:07 -0400
172689,17/03/2020 18:18:01 -0300
172689,17/03/2020 16:13:18 -0300
172697,17/03/2020 15:05:16 -0400
172697,17/03/2020 14:54:46 -0400
172697,17/03/2020 12:09:26 -0400
172587,17/03/2020 16:06:59 +0900
172587,17/03/2020 12:06:22 +0900
172697,16/03/2020 21:36:53 -0400
172697,16/03/2020 21:05:28 -0400
172698,16/03/2020 15:51:06 -0700
172689,16/03/2020 19:12:14 -0300
172689,16/03/2020 18:38:28 -0300
172689,16/03/2020 16:27:13 -0300
172698,16/03/2020 12:00:10 -0700
172698,15/03/2020 20:53:12 -0700
172568,16/03/2020 12:31:34 +1300
172568,16/03/2020 11:43:18 +1300
172695,15/03/2020 11:20:21 +0100
172636,14/03/2020 23:04:56 +0100
172636,14/03/2020 23:02:55 +0100
172697,14/03/2020 15:31:44 -0400
172697,14/03/2020 14:42:22 -0400
172636,14/03/2020 14:56:37 +0100
172636,14/03/2020 14:55:59 +0100
172697,13/03/2020 12:49:10 -0400
172695,13/03/2020 15:45:37 +0100
172695,13/03/2020 11:28:11 +0100
172671,13/03/2020 15:04:11 +0900
172699,12/03/2020 15:42:35 -0400
172697,11/03/2020 18:23:57 -0400
172689,11/03/2020 16:54:54 -0300
172697,11/03/2020 15:27:59 -0400
172695,11/03/2020 16:36:40 +0100
172695,11/03/2020 16:36:40 +0100
172695,11/03/2020 16:36:40 +0100
172689,11/03/2020 11:04:59 -0300
172695,11/03/2020 13:51:55 +0100
172695,11/03/2020 10:58:02 +0100
172603,11/03/2020 12:00:31 +0300
172698,10/03/2020 18:03:56 -0700
172698,10/03/2020 17:25:47 -0700
172697,10/03/2020 17:34:01 -0400
172698,10/03/2020 14:15:41 -0700
172697,10/03/2020 14:54:00 -0400
172697,10/03/2020 12:46:07 -0400
172697,10/03/2020 12:29:59 -0400
172689,10/03/2020 11:28:23 -0300
172695,10/03/2020 11:20:38 +0100
172695,10/03/2020 10:22:52 +0100
172695,10/03/2020 08:42:59 +0100
172671,10/03/2020 15:38:17 +0900
172587,10/03/2020 09:41:44 +0900
172697,09/03/2020 14:58:11 -0400
172587,10/03/2020 00:14:43 +0900
172695,09/03/2020 09:22:22 +0100
172587,09/03/2020 15:31:31 +0900
172587,09/03/2020 11:41:31 +0900
172671,09/03/2020 10:53:22 +0900
172697,08/03/2020 18:35:06 -0400
172697,08/03/2020 15:09:14 -0400
172603,08/03/2020 13:32:25 +0300
172698,07/03/2020 16:44:53 -0800
172697,07/03/2020 16:58:07 -0500
172697,07/03/2020 13:31:17 -0500
172695,07/03/2020 14:04:09 +0100
172695,07/03/2020 10:57:03 +0100
172695,07/03/2020 08:51:59 +0100
172514,06/03/2020 17:28:53 -0800
172697,06/03/2020 17:11:23 -0500
172697,06/03/2020 14:17:43 -0500
172697,06/03/2020 12:19:29 -0500
172671,06/03/2020 08:15:29 +0900
172697,05/03/2020 15:48:56 -0500
172697,05/03/2020 15:36:06 -0500
172697,05/03/2020 15:25:45 -0500
172689,05/03/2020 11:35:02 -0300
172671,05/03/2020 14:12:37 +0900
172587,05/03/2020 13:00:38 +0900
172671,05/03/2020 12:50:15 +0900
172514,04/03/2020 17:20:20 -0800
172697,04/03/2020 10:34:25 -0500
172695,04/03/2020 08:05:33 +0100
172697,03/03/2020 11:06:47 -0500
172587,03/03/2020 15:01:47 +0900
172698,02/03/2020 21:40:11 -0800
172671,03/03/2020 13:55:41 +0900
172587,03/03/2020 12:22:04 +0900
172587,03/03/2020 12:03:43 +0900
172671,03/03/2020 10:12:28 +0900
172697,02/03/2020 18:41:50 -0500
172689,02/03/2020 18:19:51 -0300
172697,02/03/2020 14:35:22 -0500
172698,02/03/2020 10:29:30 -0800
172698,02/03/2020 08:07:16 -0800
172695,02/03/2020 15:21:42 +0100
172695,02/03/2020 08:55:31 +0100
172671,02/03/2020 15:45:34 +0900
172671,02/03/2020 10:00:37 +0900
172698,01/03/2020 12:11:26 -0800
172627,01/03/2020 14:49:25 +0000
172698,29/02/2020 15:10:13 -0800
172698,29/02/2020 12:10:17 -0800
172697,29/02/2020 13:48:09 -0500
172697,29/02/2020 13:23:12 -0500
172697,28/02/2020 20:28:34 -0500
172514,28/02/2020 09:32:35 -0800
172697,28/02/2020 11:29:58 -0500
172689,28/02/2020 13:13:54 -0300
172695,28/02/2020 08:54:49 +0100
172695,28/02/2020 08:54:49 +0100
172689,27/02/2020 17:25:47 -0300
172514,27/02/2020 10:46:58 -0800
172698,27/02/2020 09:32:34 -0800
172689,27/02/2020 13:23:33 -0300
172695,27/02/2020 16:33:05 +0100
172671,27/02/2020 21:58:37 +0900
172671,27/02/2020 15:31:27 +0900
172666,27/02/2020 09:25:41 +0530
172671,27/02/2020 11:20:46 +0900
172698,26/02/2020 15:15:45 -0800
172697,26/02/2020 18:13:58 -0500
172689,26/02/2020 19:57:14 -0300
172698,26/02/2020 13:17:36 -0800
172698,26/02/2020 13:05:30 -0800
172698,26/02/2020 11:28:25 -0800
172651,26/02/2020 10:03:11 +0100
172671,25/02/2020 13:57:40 +0900
172697,24/02/2020 18:43:23 -0500
172671,25/02/2020 07:55:22 +0900
272290,24/02/2020 14:39:22 -0800
172697,24/02/2020 17:28:33 -0500
172695,24/02/2020 16:32:34 +0100
172666,24/02/2020 17:27:15 +0530
172666,24/02/2020 17:22:45 +0530
172666,24/02/2020 17:17:08 +0530
172671,24/02/2020 18:13:25 +0900
172695,24/02/2020 10:12:10 +0100
172697,21/02/2020 16:14:09 -0500
172695,21/02/2020 22:03:05 +0100
172695,21/02/2020 20:50:56 +0100
172697,21/02/2020 14:30:21 -0500
172697,21/02/2020 14:11:39 -0500
172697,21/02/2020 14:04:19 -0500
172695,21/02/2020 19:49:44 +0100
172697,21/02/2020 13:47:40 -0500
172697,21/02/2020 13:42:28 -0500
172697,21/02/2020 13:24:21 -0500
172697,21/02/2020 13:18:27 -0500
172697,21/02/2020 12:49:42 -0500
172445,21/02/2020 20:00:45 +0900
172695,21/02/2020 09:14:03 +0100
172671,21/02/2020 12:05:29 +0900
172514,20/02/2020 17:04:19 -0800
172689,20/02/2020 14:14:20 -0300
172445,20/02/2020 19:15:00 +0900
172671,20/02/2020 11:57:41 +0900
172697,19/02/2020 18:52:18 -0500
172697,19/02/2020 16:59:14 -0500
172695,19/02/2020 20:52:42 +0100
172697,19/02/2020 14:44:58 -0500
172695,19/02/2020 20:09:32 +0100
172514,19/02/2020 10:15:16 -0800
172587,19/02/2020 20:37:26 +0900
172671,19/02/2020 13:20:33 +0900
172698,18/02/2020 16:07:16 -0800
172514,18/02/2020 12:31:24 -0800
172587,18/02/2020 13:13:15 +0900
172671,18/02/2020 12:20:55 +0900
172671,18/02/2020 10:49:44 +0900
172697,17/02/2020 18:40:02 -0500
172695,17/02/2020 17:58:02 +0100
172695,17/02/2020 17:46:37 +0100
172695,17/02/2020 17:35:48 +0100
172695,17/02/2020 15:19:58 +0100
172695,17/02/2020 15:19:58 +0100
172587,17/02/2020 16:16:08 +0900
172587,17/02/2020 15:33:32 +0900
172697,16/02/2020 12:20:18 -0500
172697,15/02/2020 15:22:40 -0500
172697,15/02/2020 15:13:44 -0500
172697,15/02/2020 14:58:30 -0500
172697,15/02/2020 14:57:27 -0500
172698,14/02/2020 18:38:35 -0800
172697,14/02/2020 11:20:07 -0500
172671,14/02/2020 12:38:44 +0900
172697,13/02/2020 15:02:35 -0500
172697,13/02/2020 13:37:43 -0500
172514,13/02/2020 09:43:51 -0800
172698,12/02/2020 14:08:34 -0800
172697,12/02/2020 14:33:49 -0500
172697,12/02/2020 14:13:13 -0500
172685,12/02/2020 11:23:24 +0530
272290,11/02/2020 21:14:08 -0800
172671,12/02/2020 13:31:14 +0900
272290,11/02/2020 16:32:11 -0800
172587,12/02/2020 09:08:22 +0900
172695,11/02/2020 23:47:36 +0100
172568,11/02/2020 17:22:37 +1300
172695,10/02/2020 20:47:50 +0100
172695,10/02/2020 19:27:05 +0100
172514,10/02/2020 10:20:10 -0800
172695,10/02/2020 17:12:46 +0100
172689,10/02/2020 12:14:58 -0300
172689,10/02/2020 11:47:09 -0300
172671,10/02/2020 15:48:21 +0900
172685,10/02/2020 09:31:18 +0530
172685,10/02/2020 08:34:43 +0530
172671,10/02/2020 10:48:43 +0900
172568,10/02/2020 13:20:00 +1300
172697,09/02/2020 14:19:46 -0500
172697,09/02/2020 12:02:57 -0500
172689,07/02/2020 18:27:18 -0300
172689,07/02/2020 17:09:36 -0300
172587,07/02/2020 22:00:21 +0900
272290,06/02/2020 22:13:52 -0800
172671,07/02/2020 15:08:17 +0900
272290,06/02/2020 19:45:45 -0800
172671,07/02/2020 12:41:10 +0900
172514,06/02/2020 19:39:47 -0800
272290,06/02/2020 19:09:06 -0800
272290,06/02/2020 19:06:16 -0800
272290,06/02/2020 19:04:50 -0800
172671,07/02/2020 10:51:17 +0900
172671,07/02/2020 08:10:40 +0900
172695,06/02/2020 21:21:04 +0100
172514,06/02/2020 11:49:56 -0800
172514,06/02/2020 10:06:25 -0800
172685,06/02/2020 15:57:02 +0530
172587,06/02/2020 14:43:21 +0900
172671,06/02/2020 09:18:06 +0900
172689,05/02/2020 16:59:29 -0300
172529,05/02/2020 19:49:47 +0000
172678,05/02/2020 08:26:41 -0800
172689,05/02/2020 13:21:43 -0300
172568,05/02/2020 17:35:57 +1300
172568,05/02/2020 12:21:03 +1300
172697,04/02/2020 13:07:13 -0500
172671,04/02/2020 13:56:04 +0900
172689,03/02/2020 18:59:12 -0300
172671,03/02/2020 14:48:42 +0900
172697,02/02/2020 13:09:33 -0500
172529,01/02/2020 21:57:14 +0000
172671,01/02/2020 18:30:25 +0900
172568,01/02/2020 14:29:13 +1300
172697,31/01/2020 17:26:40 -0500
172697,31/01/2020 17:03:55 -0500
172697,31/01/2020 14:41:49 -0500
172695,31/01/2020 16:26:12 +0100
172695,31/01/2020 11:50:32 +0100
172671,31/01/2020 13:57:56 +0900
172568,31/01/2020 17:21:47 +1300
172568,31/01/2020 16:58:38 +1300
172697,30/01/2020 18:25:55 -0500
172568,31/01/2020 10:25:34 +1300
172689,30/01/2020 13:42:14 -0300
172689,30/01/2020 13:32:04 -0300
172697,30/01/2020 10:51:31 -0500
172587,31/01/2020 00:42:06 +0900
172671,30/01/2020 11:14:02 +0900
172697,29/01/2020 19:13:34 -0500
172697,29/01/2020 18:42:43 -0500
172697,29/01/2020 11:06:59 -0500
172666,29/01/2020 10:50:17 -0500
172666,29/01/2020 10:19:24 -0500
172695,29/01/2020 15:43:32 +0100
172671,29/01/2020 15:08:19 +0900
172685,29/01/2020 11:08:50 +0530
172697,28/01/2020 17:26:37 -0500
172599,28/01/2020 12:55:30 +0200
172568,28/01/2020 20:30:40 +1300
172568,28/01/2020 15:28:36 +1300
172685,28/01/2020 07:48:10 +0530
172671,28/01/2020 10:40:48 +0900
172568,28/01/2020 13:13:04 +1300
172697,27/01/2020 18:46:30 -0500
172666,27/01/2020 11:22:13 -0500
172666,27/01/2020 11:03:21 -0500
172671,27/01/2020 11:02:05 +0900
172568,27/01/2020 12:52:08 +1300
172697,26/01/2020 16:31:48 -0500
172568,27/01/2020 09:05:27 +1300
172697,26/01/2020 14:31:08 -0500
172599,26/01/2020 11:39:00 +0200
172697,25/01/2020 18:16:42 -0500
172627,25/01/2020 14:00:59 +0000
172666,24/01/2020 10:17:43 -0800
172666,24/01/2020 09:58:37 -0800
172587,24/01/2020 20:42:52 +0900
172695,24/01/2020 12:23:06 +0100
172671,24/01/2020 09:55:21 +0900
172697,23/01/2020 18:20:57 -0500
172697,23/01/2020 16:15:32 -0500
172697,23/01/2020 13:42:09 -0500
172697,23/01/2020 11:07:12 -0500
172695,23/01/2020 10:27:49 +0100
172671,23/01/2020 17:01:46 +0900
172671,23/01/2020 15:56:56 +0900
172689,22/01/2020 18:35:05 -0300
172587,22/01/2020 11:56:34 +0900
172685,22/01/2020 07:43:51 +0530
172671,22/01/2020 09:49:18 +0900
172697,21/01/2020 16:17:21 -0500
272290,20/01/2020 23:26:51 -0800
172671,21/01/2020 13:46:39 +0900
172697,20/01/2020 14:26:56 -0500
172697,20/01/2020 12:57:17 -0500
172599,20/01/2020 10:36:35 +0200
172685,20/01/2020 07:57:49 +0530
172697,19/01/2020 19:15:15 -0500
172697,19/01/2020 16:04:36 -0500
172599,19/01/2020 13:54:58 +0200
172671,19/01/2020 18:55:51 +0900
172697,18/01/2020 17:51:03 -0500
172671,18/01/2020 12:32:43 +0900
172603,18/01/2020 01:11:39 +0300
172697,17/01/2020 16:17:17 -0500
172689,17/01/2020 18:00:39 -0300
172666,17/01/2020 14:06:41 -0500
172636,17/01/2020 14:06:28 +0100
172653,17/01/2020 16:24:13 +1030
172653,17/01/2020 11:41:35 +1030
172671,17/01/2020 10:06:17 +0900
172697,16/01/2020 18:08:21 -0500
172697,16/01/2020 15:58:24 -0500
172697,16/01/2020 15:56:32 -0500
172666,16/01/2020 12:11:31 -0500
172697,16/01/2020 11:31:30 -0500
172697,15/01/2020 18:49:24 -0500
172689,15/01/2020 11:02:09 -0300
172695,15/01/2020 10:15:06 +0100
172671,15/01/2020 13:58:33 +0900
172685,15/01/2020 07:24:14 +0530
172695,14/01/2020 23:59:18 +0100
172699,14/01/2020 13:13:04 -0500
172699,14/01/2020 11:28:07 -0500
172699,14/01/2020 10:51:58 -0500
172695,14/01/2020 14:07:11 +0100
172695,14/01/2020 14:05:25 +0100
172695,14/01/2020 13:09:31 +0100
172627,14/01/2020 09:52:21 +0000
172697,13/01/2020 15:04:31 -0500
172695,13/01/2020 13:27:39 +0100
172685,13/01/2020 14:44:55 +0530
172671,13/01/2020 17:57:38 +0900
172653,13/01/2020 18:08:09 +1030
172685,13/01/2020 07:59:44 +0530
172636,13/01/2020 01:20:57 +0100
172636,13/01/2020 01:20:57 +0100
172697,12/01/2020 14:36:59 -0500
172671,12/01/2020 22:43:45 +0900
172697,11/01/2020 17:14:08 -0500
172695,11/01/2020 09:00:19 +0100
172685,11/01/2020 10:24:48 +0530
172678,10/01/2020 18:31:22 -0800
172698,10/01/2020 13:15:28 -0800
172698,10/01/2020 13:12:50 -0800
172689,10/01/2020 17:46:57 -0300
172671,10/01/2020 09:36:55 +0900
172671,10/01/2020 09:02:25 +0900
172697,09/01/2020 16:46:05 -0500
172697,09/01/2020 11:56:59 -0500
172666,09/01/2020 10:59:07 -0500
172666,09/01/2020 09:01:37 -0500
172651,09/01/2020 10:48:22 +0100
172695,09/01/2020 09:54:47 +0100
172653,09/01/2020 18:39:54 +1030
172695,08/01/2020 21:48:44 +0100
172695,08/01/2020 21:48:44 +0100
172689,08/01/2020 14:33:49 -0300
172697,08/01/2020 11:07:53 -0500
172658,08/01/2020 10:57:09 -0500
172697,08/01/2020 09:42:53 -0500
172695,08/01/2020 14:23:55 +0100
172671,08/01/2020 10:36:12 +0900
172671,08/01/2020 10:02:55 +0900
172689,07/01/2020 17:38:48 -0300
172666,07/01/2020 14:35:48 -0500
172666,07/01/2020 14:23:25 -0500
172666,07/01/2020 12:14:19 -0500
172697,06/01/2020 20:56:32 -0500
172697,06/01/2020 16:42:20 -0500
172697,06/01/2020 12:13:53 -0500
172695,06/01/2020 08:21:14 +0100
172671,06/01/2020 12:51:44 +0900
172698,05/01/2020 17:42:13 -0800
172697,05/01/2020 11:35:45 -0500
172674,05/01/2020 19:45:37 +0900
172697,04/01/2020 21:33:34 -0500
172697,04/01/2020 16:40:56 -0500
172697,04/01/2020 15:05:24 -0500
172678,04/01/2020 11:31:42 -0800
172697,04/01/2020 14:29:28 -0500
172695,04/01/2020 11:56:58 +0100
172698,03/01/2020 12:18:13 -0800
172697,03/01/2020 12:54:13 -0500
172697,03/01/2020 11:15:26 -0500
172695,03/01/2020 10:44:13 +0100
172685,03/01/2020 10:52:46 +0530
172698,02/01/2020 18:30:25 -0800
172697,02/01/2020 19:44:43 -0500
172698,02/01/2020 13:30:40 -0800
172689,02/01/2020 17:04:24 -0300
172697,02/01/2020 15:02:21 -0500
172697,02/01/2020 14:02:46 -0500
172698,02/01/2020 10:57:15 -0800
172697,02/01/2020 13:48:54 -0500
172697,02/01/2020 11:29:01 -0500
172695,02/01/2020 14:40:18 +0100
172698,01/01/2020 17:29:41 -0800
172697,01/01/2020 19:31:41 -0500
172698,01/01/2020 11:32:07 -0800
172699,01/01/2020 12:21:45 -0500
