75055,31/12/2020 17:05:58 -0800
75038,31/12/2020 15:19:30 -0500
75038,31/12/2020 14:08:03 -0500
75038,31/12/2020 12:56:43 -0500
74633,31/12/2020 14:16:50 +0100
72231,31/12/2020 01:44:46 -0800
75055,30/12/2020 12:51:19 -0800
72233,30/12/2020 14:53:58 +0000
74293,30/12/2020 20:50:39 +0800
72602,30/12/2020 11:51:24 +0200
172952,30/12/2020 02:24:43 +0100
75012,30/12/2020 00:32:07 +0100
73967,29/12/2020 10:32:10 -0300
74633,29/12/2020 14:22:55 +0100
73113,29/12/2020 13:58:27 +0100
74962,29/12/2020 20:45:07 +0800
72242,29/12/2020 20:33:15 +0800
72243,29/12/2020 20:26:57 +0800
72447,29/12/2020 04:18:42 -0800
74494,29/12/2020 11:55:28 +0000
131642,29/12/2020 04:50:22 -0700
75049,29/12/2020 12:56:55 +0200
75049,29/12/2020 12:55:55 +0200
131642,28/12/2020 21:12:37 -0700
72271,29/12/2020 10:26:19 +0800
75060,29/12/2020 00:28:09 +0000
75060,28/12/2020 23:59:16 +0000
72271,29/12/2020 04:06:19 +0800
75055,28/12/2020 11:10:34 -0800
74960,28/12/2020 13:28:40 -0500
74633,28/12/2020 18:47:16 +0100
74633,28/12/2020 03:09:26 +0100
74633,27/12/2020 23:35:17 +0100
74633,27/12/2020 12:05:33 +0100
74633,27/12/2020 09:32:18 +0100
75049,27/12/2020 10:13:30 +0200
172952,26/12/2020 20:26:08 +0100
75060,26/12/2020 19:11:29 +0000
396816,26/12/2020 09:36:56 -0600
72723,26/12/2020 22:25:21 +0900
172952,26/12/2020 02:58:33 +0100
172952,26/12/2020 02:17:46 +0100
172952,26/12/2020 01:45:43 +0100
75055,25/12/2020 16:43:20 -0800
172952,26/12/2020 00:41:46 +0100
72271,26/12/2020 07:08:17 +0800
74112,25/12/2020 15:57:30 -0700
75049,26/12/2020 00:10:29 +0200
72274,26/12/2020 05:18:06 +0800
75049,25/12/2020 20:19:20 +0200
73848,25/12/2020 17:04:31 +0000
75049,25/12/2020 17:04:26 +0200
75049,25/12/2020 17:03:37 +0200
74633,25/12/2020 12:01:30 +0100
74654,24/12/2020 20:57:21 -0800
74654,24/12/2020 20:31:18 -0800
73062,24/12/2020 19:31:10 -0800
75049,24/12/2020 20:26:28 +0200
73062,24/12/2020 10:05:02 -0800
74112,24/12/2020 11:04:19 -0700
72286,24/12/2020 18:16:04 +0100
73893,24/12/2020 14:30:46 +0300
72834,24/12/2020 12:33:48 +0800
75055,23/12/2020 19:52:09 -0800
72834,24/12/2020 10:47:40 +0800
73893,24/12/2020 01:45:13 +0300
75055,23/12/2020 11:45:06 -0800
172952,23/12/2020 19:16:56 +0100
75055,23/12/2020 09:40:56 -0800
172952,23/12/2020 17:35:53 +0100
74984,23/12/2020 11:43:10 +0000
72297,23/12/2020 05:44:52 -0500
73906,23/12/2020 08:55:11 +0100
73906,23/12/2020 08:25:57 +0100
172952,23/12/2020 03:41:08 +0100
74859,22/12/2020 18:31:46 -0400
73848,22/12/2020 19:53:09 +0000
75055,22/12/2020 09:24:26 -0800
73967,22/12/2020 13:02:52 -0300
72305,22/12/2020 03:12:07 -0800
73893,22/12/2020 03:15:40 +0300
73316,22/12/2020 03:15:50 +0330
72308,21/12/2020 11:06:31 -0300
74984,21/12/2020 13:53:50 +0000
74974,21/12/2020 14:13:08 +0100
281276,21/12/2020 07:38:02 +0100
74293,21/12/2020 06:27:42 +0800
72313,20/12/2020 18:24:10 +0000
75055,20/12/2020 10:14:54 -0800
174904,20/12/2020 04:56:57 +0200
73004,19/12/2020 23:52:39 +0100
73967,19/12/2020 12:48:06 -0300
75049,19/12/2020 12:17:08 +0200
72319,19/12/2020 05:33:36 +0100
72320,19/12/2020 05:28:21 +0100
75055,18/12/2020 17:03:10 -0800
75055,18/12/2020 16:53:50 -0800
73848,19/12/2020 00:09:54 +0000
73967,18/12/2020 16:10:20 -0300
74960,18/12/2020 14:00:51 -0500
72834,19/12/2020 01:39:26 +0800
72327,18/12/2020 18:26:04 +0100
72723,19/12/2020 00:41:33 +0900
74633,18/12/2020 15:25:35 +0100
72330,18/12/2020 08:05:46 -0500
74858,18/12/2020 10:48:08 +0100
74908,18/12/2020 09:24:06 +0000
172952,18/12/2020 01:39:00 +0100
72877,17/12/2020 16:30:29 -0800
131642,17/12/2020 13:24:43 -0700
74293,18/12/2020 03:22:29 +0800
73967,17/12/2020 14:25:55 -0300
74984,17/12/2020 13:55:28 +0000
73848,17/12/2020 12:33:07 +0000
74293,17/12/2020 18:04:47 +0800
73967,16/12/2020 22:37:28 -0300
72342,17/12/2020 01:34:19 +0000
72343,16/12/2020 18:17:22 -0500
281276,16/12/2020 22:38:32 +0100
74074,16/12/2020 09:50:25 -0800
73848,16/12/2020 16:03:32 +0000
74959,16/12/2020 16:45:19 +0100
172952,16/12/2020 16:26:15 +0100
74858,16/12/2020 16:22:19 +0100
172952,16/12/2020 15:08:23 +0100
74984,16/12/2020 13:07:01 +0000
72352,16/12/2020 17:48:05 +0530
172952,16/12/2020 12:20:33 +0100
172952,16/12/2020 12:12:36 +0100
172952,16/12/2020 12:11:24 +0100
75049,16/12/2020 12:31:49 +0200
172952,16/12/2020 11:16:25 +0100
281349,16/12/2020 01:43:39 -0800
72359,15/12/2020 18:47:26 -0800
72801,15/12/2020 18:36:33 -0800
75038,15/12/2020 21:12:54 -0500
74293,16/12/2020 05:24:00 +0800
74293,16/12/2020 05:21:53 +0800
74293,16/12/2020 05:20:07 +0800
72801,15/12/2020 11:58:43 -0800
73434,15/12/2020 19:42:55 +0000
72801,15/12/2020 11:04:55 -0800
75060,15/12/2020 18:16:13 +0000
172952,15/12/2020 18:06:36 +0100
74858,15/12/2020 17:23:03 +0100
172952,15/12/2020 17:12:02 +0100
172952,15/12/2020 16:25:27 +0100
172952,15/12/2020 16:08:16 +0100
75012,15/12/2020 15:14:35 +0100
172952,15/12/2020 14:34:19 +0100
74984,15/12/2020 11:07:50 +0000
75046,15/12/2020 00:24:01 -0500
74293,15/12/2020 06:14:43 +0800
172952,14/12/2020 23:07:54 +0100
172952,14/12/2020 22:40:40 +0100
72678,14/12/2020 19:30:09 +0100
74654,14/12/2020 09:10:10 -0800
74984,14/12/2020 11:28:39 +0000
74984,14/12/2020 10:19:10 +0000
74181,14/12/2020 07:56:34 +1100
72834,14/12/2020 02:38:24 +0800
75060,13/12/2020 16:46:48 +0000
73004,13/12/2020 06:27:22 +0100
73062,12/12/2020 13:26:44 -0800
72390,11/12/2020 00:27:35 -0800
73293,10/12/2020 23:49:05 +0200
73062,10/12/2020 13:07:00 -0800
73062,10/12/2020 12:20:06 -0800
72678,10/12/2020 19:35:28 +0100
172952,10/12/2020 18:39:17 +0100
73062,09/12/2020 17:12:11 -0800
73062,09/12/2020 16:41:22 -0800
73967,09/12/2020 20:37:39 -0300
73967,09/12/2020 18:56:17 -0300
74293,10/12/2020 05:47:28 +0800
172952,09/12/2020 22:37:27 +0100
172952,09/12/2020 20:54:31 +0100
172952,09/12/2020 00:32:54 +0100
74293,09/12/2020 07:20:19 +0800
74293,09/12/2020 07:18:37 +0800
172952,08/12/2020 23:51:54 +0100
172952,08/12/2020 23:51:26 +0100
73062,08/12/2020 12:26:56 -0800
73062,08/12/2020 11:14:10 -0800
75012,08/12/2020 17:36:53 +0100
75046,08/12/2020 10:29:49 -0500
74962,08/12/2020 22:42:42 +0800
172952,08/12/2020 14:38:08 +0100
72943,08/12/2020 02:31:04 +0000
72943,08/12/2020 02:30:25 +0000
74293,08/12/2020 04:41:12 +0800
72417,07/12/2020 21:05:13 +0100
72943,07/12/2020 19:33:00 +0000
174904,07/12/2020 19:33:20 +0200
172952,07/12/2020 11:56:20 +0100
73062,07/12/2020 00:17:31 -0800
75056,06/12/2020 22:55:12 -0500
75046,06/12/2020 22:22:33 -0500
75055,06/12/2020 18:29:08 -0800
75049,06/12/2020 18:54:33 +0200
72834,06/12/2020 23:37:59 +0700
72427,06/12/2020 11:59:36 +0200
72834,05/12/2020 23:02:14 +0700
72447,05/12/2020 05:26:24 -0800
131642,05/12/2020 03:34:51 -0700
75056,04/12/2020 23:02:09 -0500
74833,04/12/2020 19:45:57 -0800
73621,04/12/2020 15:39:21 -0800
75060,04/12/2020 23:19:21 +0000
75060,04/12/2020 22:05:58 +0000
73848,04/12/2020 21:22:03 +0000
74293,05/12/2020 04:19:32 +0800
73848,04/12/2020 16:45:38 +0000
172952,04/12/2020 16:23:56 +0100
74984,04/12/2020 15:22:12 +0000
72602,04/12/2020 17:20:53 +0200
131642,03/12/2020 10:22:04 -0700
172952,03/12/2020 14:01:10 +0100
172952,03/12/2020 13:56:41 +0100
75049,03/12/2020 12:46:16 +0200
75049,03/12/2020 10:48:26 +0200
72447,02/12/2020 19:48:14 -0800
72448,03/12/2020 04:20:18 +0100
75060,02/12/2020 17:57:18 +0000
75060,02/12/2020 17:56:17 +0000
74984,02/12/2020 13:31:40 +0000
74984,02/12/2020 13:30:55 +0000
75060,02/12/2020 06:07:56 +0000
75060,02/12/2020 05:16:31 +0000
74293,02/12/2020 04:34:42 +0800
172952,01/12/2020 16:22:25 +0100
416830,01/12/2020 09:00:11 -0600
416830,01/12/2020 08:59:12 -0600
73967,01/12/2020 06:45:11 -0300
73967,01/12/2020 06:41:12 -0300
172952,01/12/2020 10:37:39 +0100
172952,01/12/2020 09:56:42 +0100
74293,01/12/2020 16:20:50 +0800
75055,30/11/2020 20:42:54 -0800
73848,01/12/2020 01:35:25 +0000
74293,01/12/2020 05:48:33 +0800
73906,30/11/2020 22:34:45 +0100
75060,30/11/2020 19:42:38 +0000
72469,30/11/2020 14:08:26 -0500
75055,30/11/2020 09:55:13 -0800
75046,30/11/2020 12:09:43 -0500
72472,30/11/2020 17:34:15 +0100
72473,30/11/2020 01:53:11 -0800
131642,30/11/2020 01:39:12 -0700
75049,30/11/2020 10:24:07 +0200
75055,29/11/2020 10:47:22 -0800
72477,29/11/2020 15:23:15 -0300
72602,29/11/2020 14:50:57 +0200
74908,29/11/2020 09:34:36 +0000
74293,29/11/2020 06:14:16 +0800
74293,29/11/2020 06:06:36 +0800
74293,29/11/2020 06:04:50 +0800
74293,29/11/2020 05:49:47 +0800
74293,29/11/2020 05:48:38 +0800
131642,28/11/2020 14:46:30 -0700
73967,28/11/2020 18:43:22 -0300
73967,28/11/2020 18:42:23 -0300
73185,28/11/2020 15:04:20 -0600
74293,29/11/2020 04:21:30 +0800
131642,28/11/2020 07:53:39 -0700
131642,28/11/2020 07:27:28 -0700
72492,28/11/2020 20:37:08 +0900
72602,28/11/2020 10:21:17 +0200
174110,28/11/2020 07:11:19 +0000
73848,27/11/2020 16:38:54 +0000
73185,27/11/2020 04:16:41 -0600
73307,27/11/2020 01:41:32 +0100
72498,26/11/2020 05:24:48 -0800
73293,26/11/2020 12:09:12 +0200
72602,26/11/2020 09:36:37 +0200
75052,25/11/2020 19:06:12 +0200
72502,25/11/2020 14:12:17 +0000
73185,25/11/2020 07:41:25 -0600
72723,25/11/2020 22:17:30 +0900
72602,25/11/2020 13:50:44 +0200
72602,25/11/2020 12:43:18 +0200
75055,25/11/2020 01:54:24 -0800
74858,25/11/2020 10:23:17 +0100
74858,25/11/2020 10:18:00 +0100
72834,25/11/2020 11:59:59 +0700
75055,24/11/2020 20:57:02 -0800
74962,25/11/2020 06:03:31 +0800
72602,24/11/2020 20:08:54 +0200
75049,24/11/2020 19:35:39 +0200
172952,24/11/2020 13:38:08 +0100
75049,24/11/2020 14:07:32 +0200
75056,24/11/2020 01:20:35 -0500
75056,23/11/2020 19:04:40 -0500
72519,24/11/2020 00:56:30 +0100
72520,23/11/2020 22:06:22 +0200
75055,23/11/2020 10:56:59 -0800
72522,23/11/2020 09:29:37 -0700
73848,23/11/2020 13:31:31 +0000
75049,22/11/2020 22:48:52 +0200
75049,22/11/2020 22:00:53 +0200
72526,22/11/2020 23:54:19 +0900
75049,22/11/2020 13:25:02 +0200
75049,22/11/2020 10:28:34 +0200
281053,22/11/2020 07:59:48 +0200
74436,22/11/2020 06:14:25 +0100
75049,22/11/2020 07:06:51 +0200
74436,22/11/2020 03:17:18 +0100
74436,22/11/2020 03:05:34 +0100
74436,22/11/2020 02:13:11 +0100
72535,21/11/2020 11:56:24 -0800
73906,21/11/2020 20:29:26 +0100
73906,21/11/2020 20:28:14 +0100
75049,21/11/2020 19:17:46 +0200
74500,21/11/2020 11:39:56 +0000
75049,21/11/2020 12:02:53 +0200
269457,21/11/2020 09:22:08 +0000
72542,21/11/2020 01:55:23 -0700
72543,21/11/2020 05:07:22 +0100
72544,21/11/2020 02:37:54 +0000
74112,20/11/2020 15:39:28 -0700
396816,20/11/2020 13:16:42 -0800
75055,20/11/2020 12:49:32 -0800
72548,21/11/2020 02:16:46 +0800
72549,20/11/2020 09:40:39 -0600
269457,20/11/2020 14:14:16 +0000
172952,20/11/2020 14:44:02 +0100
74633,20/11/2020 13:36:23 +0100
73399,20/11/2020 04:39:40 -0600
73906,20/11/2020 09:40:12 +0100
73906,20/11/2020 09:26:07 +0100
75046,20/11/2020 01:59:11 -0500
72834,20/11/2020 00:37:26 +0700
72602,19/11/2020 18:17:38 +0200
73906,19/11/2020 16:20:42 +0100
72723,19/11/2020 23:14:34 +0900
73906,19/11/2020 15:08:34 +0100
73906,19/11/2020 14:36:23 +0100
172952,19/11/2020 13:43:43 +0100
172952,19/11/2020 11:20:57 +0100
73906,19/11/2020 10:54:03 +0100
73906,19/11/2020 09:24:37 +0100
73906,19/11/2020 08:47:32 +0100
73906,19/11/2020 08:46:29 +0100
74500,19/11/2020 07:24:15 +0000
72834,19/11/2020 11:44:24 +0700
74773,19/11/2020 01:49:28 +0200
172952,19/11/2020 00:19:06 +0100
73967,18/11/2020 19:45:17 -0300
172952,18/11/2020 23:18:29 +0100
74545,18/11/2020 22:39:03 +0100
73034,18/11/2020 10:58:38 -0800
172952,18/11/2020 18:48:06 +0100
75031,18/11/2020 17:24:36 +0000
73906,18/11/2020 16:38:53 +0100
73906,18/11/2020 16:12:13 +0100
73906,18/11/2020 16:03:51 +0100
172952,18/11/2020 15:57:10 +0100
172952,18/11/2020 15:36:27 +0100
73906,18/11/2020 13:10:53 +0100
74633,18/11/2020 01:08:58 +0100
72661,18/11/2020 01:18:05 +0200
72661,18/11/2020 00:58:35 +0200
172952,17/11/2020 23:28:25 +0100
172952,17/11/2020 23:08:10 +0100
172952,17/11/2020 22:55:30 +0100
74858,17/11/2020 22:50:23 +0100
75060,17/11/2020 19:57:49 +0000
75060,17/11/2020 19:57:03 +0000
74984,17/11/2020 19:30:14 +0000
75060,17/11/2020 18:13:50 +0000
172952,17/11/2020 18:57:32 +0100
172952,17/11/2020 18:15:20 +0100
74633,17/11/2020 16:55:12 +0100
172952,17/11/2020 16:22:23 +0100
73906,17/11/2020 15:40:35 +0100
74633,17/11/2020 13:52:54 +0100
72602,17/11/2020 04:23:19 +0200
75060,17/11/2020 01:17:12 +0000
75060,17/11/2020 00:00:38 +0000
75060,16/11/2020 23:59:55 +0000
75031,16/11/2020 23:22:42 +0000
74773,17/11/2020 01:09:35 +0200
74773,17/11/2020 01:08:35 +0200
131642,16/11/2020 14:32:35 -0700
74773,16/11/2020 20:46:37 +0200
72892,16/11/2020 09:16:10 -0600
172952,16/11/2020 16:08:05 +0100
172952,16/11/2020 15:20:34 +0100
172952,16/11/2020 13:21:45 +0100
72659,16/11/2020 10:32:35 +0530
72834,16/11/2020 11:27:23 +0800
75055,15/11/2020 17:44:28 -0800
72618,16/11/2020 02:30:55 +0100
75049,15/11/2020 18:16:59 +0200
74436,14/11/2020 16:07:47 +0100
74962,14/11/2020 20:03:42 +0800
173066,14/11/2020 12:02:15 +0000
73621,13/11/2020 15:14:58 -0800
75031,13/11/2020 22:24:36 +0000
73906,13/11/2020 19:48:52 +0100
73525,13/11/2020 19:15:37 +0100
73906,13/11/2020 16:37:52 +0100
72723,14/11/2020 00:15:17 +0900
172952,13/11/2020 15:38:17 +0100
172952,13/11/2020 14:44:42 +0100
172952,13/11/2020 14:44:11 +0100
74984,13/11/2020 12:53:53 +0000
74984,12/11/2020 19:49:33 +0000
72694,12/11/2020 18:27:44 +0100
172952,12/11/2020 15:38:13 +0100
172952,12/11/2020 15:14:13 +0100
172952,12/11/2020 14:09:57 +0100
74984,12/11/2020 10:42:44 +0000
74810,12/11/2020 10:49:30 +0100
74984,12/11/2020 09:43:29 +0000
75052,11/11/2020 17:48:53 +0200
172952,11/11/2020 14:27:32 +0100
74960,11/11/2020 02:29:56 -0500
74062,11/11/2020 10:14:12 +0300
172952,11/11/2020 01:52:26 +0100
72834,11/11/2020 07:56:55 +0800
72647,10/11/2020 19:12:52 -0300
74962,11/11/2020 04:53:46 +0800
172952,10/11/2020 21:10:22 +0100
73034,10/11/2020 12:09:55 -0800
72651,10/11/2020 17:06:02 +0100
72714,11/11/2020 00:19:11 +0900
75052,10/11/2020 15:58:31 +0200
75012,10/11/2020 14:47:31 +0100
410658,10/11/2020 21:42:36 +0900
172952,10/11/2020 13:21:52 +0100
410658,10/11/2020 14:57:34 +0900
73933,09/11/2020 23:50:45 +0100
72659,09/11/2020 23:08:09 +0530
172952,09/11/2020 13:40:47 +0100
72661,09/11/2020 14:34:07 +0200
74960,09/11/2020 02:02:39 -0500
72834,09/11/2020 12:00:13 +0800
74436,08/11/2020 10:46:55 +0100
74436,08/11/2020 10:05:27 +0100
74768,08/11/2020 01:01:23 -0800
74633,07/11/2020 20:18:37 +0100
74943,07/11/2020 22:35:17 +1000
74858,07/11/2020 12:28:31 +0100
73621,06/11/2020 18:45:56 -0800
73967,06/11/2020 15:58:14 -0300
74962,07/11/2020 00:04:47 +0800
75055,06/11/2020 01:30:17 -0800
75029,06/11/2020 11:45:01 +0900
131642,05/11/2020 15:18:44 -0700
172952,05/11/2020 18:58:07 +0100
172952,05/11/2020 18:12:33 +0100
72678,05/11/2020 18:04:38 +0100
72834,06/11/2020 00:16:27 +0800
172952,05/11/2020 15:02:12 +0100
75060,05/11/2020 09:23:15 +0000
72682,05/11/2020 11:52:24 +0300
172952,05/11/2020 00:45:56 +0100
172708,04/11/2020 23:01:08 +0000
74633,04/11/2020 20:31:51 +0100
73399,04/11/2020 11:37:23 -0600
172952,04/11/2020 17:34:34 +0100
172952,04/11/2020 17:33:06 +0100
172952,04/11/2020 16:37:07 +0100
172952,04/11/2020 16:33:55 +0100
172952,04/11/2020 16:15:54 +0100
172952,04/11/2020 13:59:15 +0100
172952,04/11/2020 11:20:10 +0100
72694,04/11/2020 10:27:43 +0100
75031,03/11/2020 22:31:49 +0000
72696,03/11/2020 16:28:42 -0500
75012,03/11/2020 22:27:12 +0100
72943,03/11/2020 17:31:32 +0000
72943,03/11/2020 17:30:57 +0000
172952,03/11/2020 18:07:15 +0100
75049,03/11/2020 16:15:56 +0200
74633,03/11/2020 10:38:31 +0100
72943,03/11/2020 00:00:12 +0000
73113,03/11/2020 00:10:01 +0100
172952,02/11/2020 23:17:46 +0100
172952,02/11/2020 22:03:28 +0100
75049,02/11/2020 23:01:40 +0200
73848,02/11/2020 19:25:29 +0000
75038,02/11/2020 11:48:56 -0500
172952,02/11/2020 16:49:54 +0100
74773,02/11/2020 17:27:30 +0200
74981,02/11/2020 15:16:25 +0100
74810,02/11/2020 11:56:35 +0100
72714,02/11/2020 17:02:48 +0900
75055,01/11/2020 20:15:50 -0800
75039,02/11/2020 05:59:52 +0200
75055,01/11/2020 18:02:37 -0800
72718,02/11/2020 08:51:04 +0900
172952,01/11/2020 23:07:23 +0100
172952,01/11/2020 20:59:35 +0100
72834,02/11/2020 02:13:38 +0800
75055,01/11/2020 09:10:06 -0800
72723,01/11/2020 22:04:35 +0900
75029,01/11/2020 20:02:03 +0900
74436,01/11/2020 10:08:48 +0100
72795,01/11/2020 08:33:08 +0300
72834,01/11/2020 04:25:44 +0800
74773,31/10/2020 20:31:41 +0200
72834,31/10/2020 23:08:17 +0800
74633,31/10/2020 07:07:44 +0100
72834,31/10/2020 14:02:38 +0800
75029,31/10/2020 11:15:38 +0900
172952,31/10/2020 01:32:11 +0100
172952,31/10/2020 01:02:09 +0100
75060,30/10/2020 23:48:42 +0000
172952,30/10/2020 22:52:30 +0100
172952,30/10/2020 22:51:02 +0100
74112,30/10/2020 15:46:52 -0600
172952,30/10/2020 21:09:48 +0100
172952,30/10/2020 18:03:28 +0100
172952,30/10/2020 17:00:00 +0100
174904,30/10/2020 16:52:39 +0200
74062,30/10/2020 14:48:41 +0300
72744,30/10/2020 11:33:51 +0530
72745,30/10/2020 05:56:28 +0100
72834,30/10/2020 12:01:17 +0800
72747,30/10/2020 00:17:59 +0200
75061,29/10/2020 17:48:21 -0300
172952,29/10/2020 15:16:23 +0100
74688,29/10/2020 11:58:52 +0200
131642,29/10/2020 03:44:35 -0600
72834,28/10/2020 05:37:18 +0800
172952,27/10/2020 22:24:33 +0100
172952,27/10/2020 21:34:33 +0100
72755,27/10/2020 11:55:52 -0700
74773,27/10/2020 20:54:20 +0200
73967,27/10/2020 13:18:57 -0300
172952,27/10/2020 17:12:53 +0100
172952,27/10/2020 04:41:30 +0100
172952,27/10/2020 04:36:22 +0100
172952,27/10/2020 02:24:34 +0100
72762,27/10/2020 01:31:06 +0100
172952,27/10/2020 00:00:03 +0100
74773,27/10/2020 00:42:04 +0200
172952,26/10/2020 23:19:22 +0100
172952,26/10/2020 19:19:36 +0100
72767,26/10/2020 09:28:17 -0700
172952,26/10/2020 16:43:47 +0100
75049,26/10/2020 12:47:57 +0200
75049,26/10/2020 08:43:39 +0200
72771,26/10/2020 06:30:51 +0100
74959,26/10/2020 06:26:34 +0100
72795,26/10/2020 03:09:32 +0300
75060,25/10/2020 23:03:41 +0000
75038,25/10/2020 14:45:05 -0400
74962,26/10/2020 02:38:33 +0800
75038,25/10/2020 14:21:46 -0400
131642,25/10/2020 12:02:30 -0600
75055,25/10/2020 07:59:01 -0700
75055,25/10/2020 07:12:50 -0700
75060,25/10/2020 06:08:17 +0000
75055,24/10/2020 20:34:39 -0700
73077,24/10/2020 20:14:02 -0700
75055,24/10/2020 18:17:17 -0700
73077,24/10/2020 16:45:00 -0700
73077,24/10/2020 16:32:34 -0700
74654,24/10/2020 12:07:35 -0700
75049,24/10/2020 21:14:23 +0300
72795,24/10/2020 20:47:38 +0300
73967,24/10/2020 11:29:17 -0300
72801,24/10/2020 07:12:55 -0700
75046,23/10/2020 23:59:33 -0400
75055,23/10/2020 18:37:27 -0700
73621,23/10/2020 18:10:54 -0700
72795,24/10/2020 03:47:01 +0300
72796,24/10/2020 09:48:55 +1100
416830,23/10/2020 14:32:12 -0700
416830,23/10/2020 14:29:41 -0700
110636,23/10/2020 17:06:13 -0400
75055,23/10/2020 12:55:39 -0700
72801,23/10/2020 08:23:58 -0700
74984,23/10/2020 13:05:48 +0100
72803,23/10/2020 12:08:24 +0200
74112,22/10/2020 18:42:51 -0600
131642,22/10/2020 17:33:28 -0600
74938,22/10/2020 15:14:35 -0400
74773,22/10/2020 21:26:14 +0300
75012,22/10/2020 18:11:53 +0200
74062,22/10/2020 19:02:43 +0300
74984,22/10/2020 16:42:26 +0100
72811,22/10/2020 17:39:18 +0200
72812,22/10/2020 06:16:21 -0700
73906,22/10/2020 12:20:36 +0200
75037,22/10/2020 18:44:18 +0900
73034,21/10/2020 17:49:10 -0700
73621,21/10/2020 16:24:38 -0700
75060,21/10/2020 22:46:52 +0100
74974,21/10/2020 23:17:35 +0200
72822,21/10/2020 15:34:15 -0500
74773,21/10/2020 22:53:14 +0300
74521,21/10/2020 21:05:48 +0200
72822,21/10/2020 12:13:50 -0500
74062,21/10/2020 16:49:22 +0300
73894,21/10/2020 09:40:43 -0400
131642,21/10/2020 02:36:03 -0600
73967,21/10/2020 05:25:07 -0300
73967,21/10/2020 02:45:13 -0300
73967,21/10/2020 02:25:05 -0300
75037,21/10/2020 11:29:56 +0900
72830,21/10/2020 05:08:19 +0300
75037,21/10/2020 10:29:14 +0900
75046,20/10/2020 20:56:01 -0400
74654,20/10/2020 17:37:20 -0700
72834,21/10/2020 07:38:08 +0800
73799,20/10/2020 23:27:07 +0200
72836,20/10/2020 21:02:24 +0100
73967,20/10/2020 17:00:56 -0300
74812,20/10/2020 12:23:15 -0700
75049,20/10/2020 19:45:38 +0300
75031,20/10/2020 15:54:13 +0100
72841,20/10/2020 10:41:02 -0400
72842,20/10/2020 17:05:01 +0300
74545,20/10/2020 14:21:08 +0200
131642,20/10/2020 06:01:12 -0600
72845,20/10/2020 08:39:52 -0300
72846,20/10/2020 11:10:43 +0200
72847,20/10/2020 12:08:58 +0300
74436,20/10/2020 09:26:33 +0200
75060,20/10/2020 06:22:44 +0100
75055,19/10/2020 22:04:01 -0700
72851,19/10/2020 20:18:57 -0500
72852,20/10/2020 01:30:02 +0200
73362,19/10/2020 15:49:19 -0700
131642,19/10/2020 16:47:37 -0600
74810,20/10/2020 00:30:58 +0200
318550,19/10/2020 18:17:50 -0400
131642,19/10/2020 16:08:34 -0600
75038,19/10/2020 18:06:05 -0400
72859,20/10/2020 00:02:43 +0200
73065,20/10/2020 00:46:21 +0300
73848,19/10/2020 22:27:16 +0100
72862,19/10/2020 14:14:21 -0700
75055,19/10/2020 12:13:01 -0700
74436,19/10/2020 20:16:21 +0200
74436,19/10/2020 20:13:49 +0200
75031,19/10/2020 16:55:10 +0100
74812,19/10/2020 07:52:42 -0700
74984,19/10/2020 13:20:33 +0100
73789,19/10/2020 10:33:43 +0300
74062,19/10/2020 04:14:11 +0300
75064,18/10/2020 13:48:31 -0700
73848,18/10/2020 18:01:15 +0100
396816,18/10/2020 08:39:26 -0700
75049,18/10/2020 17:54:06 +0300
72875,19/10/2020 01:49:48 +1100
72876,18/10/2020 22:48:38 +0800
72877,17/10/2020 13:38:21 -0700
73967,16/10/2020 23:34:01 -0300
131642,16/10/2020 12:44:17 -0600
72892,16/10/2020 13:03:28 -0500
72881,16/10/2020 16:14:07 +0200
74962,16/10/2020 16:34:15 +0800
74812,15/10/2020 12:06:23 -0700
172952,15/10/2020 16:22:19 +0200
74633,15/10/2020 14:20:15 +0200
75055,14/10/2020 23:41:55 -0700
72892,14/10/2020 20:53:27 -0500
74833,14/10/2020 18:44:07 -0700
75055,14/10/2020 10:04:04 -0700
74962,14/10/2020 23:43:31 +0800
72891,14/10/2020 13:02:51 +0300
72892,13/10/2020 20:49:24 -0500
75056,13/10/2020 21:38:56 -0400
75055,13/10/2020 16:41:26 -0700
72908,13/10/2020 15:04:44 -0500
75055,13/10/2020 11:54:21 -0700
73034,13/10/2020 10:26:51 -0700
72898,13/10/2020 14:46:31 +0800
72908,12/10/2020 18:53:16 -0500
74812,12/10/2020 16:34:33 -0700
72901,12/10/2020 23:06:19 +0200
73034,12/10/2020 12:10:42 -0700
111744,12/10/2020 22:33:34 +0800
73967,12/10/2020 10:52:30 -0300
172952,12/10/2020 00:37:20 +0200
75060,11/10/2020 21:34:51 +0100
72908,11/10/2020 15:18:53 -0500
72908,11/10/2020 13:54:11 -0500
75064,11/10/2020 11:26:50 -0700
72910,11/10/2020 14:21:51 -0400
72911,11/10/2020 11:13:43 -0700
75049,11/10/2020 16:51:07 +0300
75049,11/10/2020 15:30:43 +0300
73065,11/10/2020 09:10:21 +0300
74062,11/10/2020 01:19:46 +0300
75049,10/10/2020 22:23:42 +0300
74062,10/10/2020 20:14:59 +0300
75049,10/10/2020 17:09:45 +0300
72919,10/10/2020 10:38:43 +0800
73034,09/10/2020 17:15:15 -0700
75049,09/10/2020 23:00:45 +0300
74812,09/10/2020 13:00:15 -0700
75049,09/10/2020 22:57:34 +0300
75049,09/10/2020 21:45:46 +0300
75049,09/10/2020 14:14:37 +0300
74062,09/10/2020 12:56:48 +0300
72927,09/10/2020 15:02:15 +0530
72936,09/10/2020 00:38:36 +0300
74962,09/10/2020 03:20:57 +0800
74633,08/10/2020 20:40:27 +0200
75060,08/10/2020 19:31:19 +0100
73434,08/10/2020 14:30:13 +0100
75060,08/10/2020 14:24:28 +0100
72934,08/10/2020 08:37:46 +0200
75055,07/10/2020 16:43:44 -0700
72936,08/10/2020 00:44:31 +0300
72937,07/10/2020 16:12:52 +0200
74062,06/10/2020 23:03:02 +0300
72939,06/10/2020 20:40:50 +0300
74164,06/10/2020 16:21:56 +0200
75049,06/10/2020 15:14:51 +0300
72943,05/10/2020 21:16:35 +0100
72943,05/10/2020 18:24:54 +0100
73621,05/10/2020 09:42:21 -0700
172952,05/10/2020 18:24:00 +0200
75046,05/10/2020 10:31:44 -0400
75049,05/10/2020 12:32:00 +0300
74633,05/10/2020 10:09:16 +0200
72949,05/10/2020 12:40:52 +0800
73959,05/10/2020 01:13:46 +0200
75049,05/10/2020 00:55:57 +0300
72952,05/10/2020 02:58:43 +0530
75060,04/10/2020 17:45:31 +0100
72968,04/10/2020 21:39:26 +0530
73848,04/10/2020 14:16:04 +0100
74062,04/10/2020 03:46:44 +0300
73967,03/10/2020 19:10:59 -0300
75060,03/10/2020 20:45:55 +0100
75037,04/10/2020 02:16:56 +0900
73967,03/10/2020 12:51:13 -0300
75038,03/10/2020 10:58:39 -0400
75060,03/10/2020 15:28:51 +0100
281053,03/10/2020 13:43:47 +0300
281053,03/10/2020 12:52:13 +0300
73959,03/10/2020 08:07:07 +0200
73967,02/10/2020 20:15:28 -0300
73967,02/10/2020 19:36:26 -0300
72968,03/10/2020 01:51:45 +0530
72969,03/10/2020 02:18:01 +1000
172952,02/10/2020 14:49:00 +0200
75055,01/10/2020 19:30:54 -0700
73967,01/10/2020 20:22:14 -0300
172952,01/10/2020 18:57:37 +0200
72974,01/10/2020 18:30:08 +0200
74633,01/10/2020 16:03:21 +0200
74633,01/10/2020 15:24:31 +0200
75037,01/10/2020 13:50:40 +0900
72978,30/09/2020 18:05:51 -0400
74984,29/09/2020 10:09:13 +0100
75046,29/09/2020 01:02:44 -0400
281053,29/09/2020 04:32:10 +0300
74019,28/09/2020 20:55:52 -0400
74633,29/09/2020 00:05:04 +0200
74962,29/09/2020 05:41:11 +0800
75037,29/09/2020 05:41:23 +0900
72986,28/09/2020 20:53:33 +0200
75037,29/09/2020 01:16:21 +0900
73967,27/09/2020 16:07:04 -0300
74633,27/09/2020 14:14:50 +0200
74986,27/09/2020 00:43:18 -0300
73967,26/09/2020 21:47:25 -0300
75037,26/09/2020 19:56:26 +0900
172952,26/09/2020 12:48:41 +0200
173842,25/09/2020 14:08:50 -0400
74984,25/09/2020 14:04:19 +0100
75046,24/09/2020 15:30:09 -0400
172952,23/09/2020 23:25:54 +0200
172952,23/09/2020 23:25:40 +0200
172952,23/09/2020 23:21:19 +0200
131642,23/09/2020 12:43:45 -0600
75046,23/09/2020 11:19:05 -0400
75046,23/09/2020 11:17:26 -0400
75046,23/09/2020 09:44:31 -0400
73004,23/09/2020 14:28:58 +0200
172952,23/09/2020 14:08:38 +0200
172952,23/09/2020 14:07:16 +0200
172952,23/09/2020 14:06:55 +0200
172952,23/09/2020 14:05:32 +0200
172952,23/09/2020 14:04:57 +0200
73399,23/09/2020 05:38:16 -0500
73399,23/09/2020 05:33:21 -0500
75055,22/09/2020 20:01:12 -0700
73062,22/09/2020 13:00:07 -0700
75046,22/09/2020 13:21:58 -0400
73015,22/09/2020 17:55:34 +0200
173066,22/09/2020 16:53:03 +0100
73062,22/09/2020 08:01:17 -0700
75049,22/09/2020 16:16:46 +0300
172952,22/09/2020 12:42:28 +0200
73062,22/09/2020 00:05:27 -0700
75046,22/09/2020 01:43:55 -0400
75049,22/09/2020 08:08:54 +0300
73062,21/09/2020 17:23:13 -0700
73024,21/09/2020 15:11:06 +0200
73399,21/09/2020 07:40:42 -0500
161405,21/09/2020 18:35:17 +1000
75055,20/09/2020 21:47:56 -0700
73967,20/09/2020 14:09:50 -0300
74690,20/09/2020 09:38:07 +0300
73030,19/09/2020 23:40:46 -0400
74908,19/09/2020 21:38:11 +0100
74767,19/09/2020 15:13:29 -0400
73062,19/09/2020 11:12:57 -0700
73034,18/09/2020 18:38:38 -0700
75055,18/09/2020 17:57:28 -0700
172952,18/09/2020 16:23:18 +0200
75037,18/09/2020 18:22:36 +0900
172952,18/09/2020 09:10:15 +0200
75049,18/09/2020 09:54:42 +0300
75046,17/09/2020 21:56:58 -0400
75049,17/09/2020 11:49:01 +0300
75049,17/09/2020 10:35:44 +0300
75049,17/09/2020 10:34:20 +0300
73062,16/09/2020 13:01:00 -0700
73062,16/09/2020 12:37:54 -0700
75060,16/09/2020 19:42:00 +0100
73062,16/09/2020 11:37:24 -0700
73062,16/09/2020 10:26:50 -0700
73967,16/09/2020 12:06:23 -0300
73062,16/09/2020 07:11:57 -0700
73051,16/09/2020 05:58:32 +0100
73062,15/09/2020 16:28:25 -0700
73053,15/09/2020 16:26:06 -0700
73062,15/09/2020 15:56:26 -0700
73893,16/09/2020 00:58:32 +0300
73967,15/09/2020 17:13:26 -0300
73062,15/09/2020 12:27:06 -0700
73058,15/09/2020 15:20:49 -0400
172952,15/09/2020 18:03:34 +0200
73060,15/09/2020 17:39:29 +0400
75055,14/09/2020 17:13:49 -0700
73062,14/09/2020 13:32:44 -0700
73063,14/09/2020 21:30:15 +0200
131642,14/09/2020 13:28:46 -0600
73065,14/09/2020 20:36:34 +0300
75055,13/09/2020 23:33:41 -0700
75056,14/09/2020 01:18:01 -0400
74986,13/09/2020 18:05:44 -0300
131642,13/09/2020 14:27:51 -0600
73964,13/09/2020 22:59:01 +0500
73071,12/09/2020 09:58:56 +0200
172952,12/09/2020 08:50:18 +0200
75046,12/09/2020 02:25:36 -0400
75046,12/09/2020 01:51:52 -0400
73075,11/09/2020 08:20:12 -0700
144876,10/09/2020 18:59:02 -0500
73077,10/09/2020 13:04:20 -0700
73399,10/09/2020 09:09:04 -0500
73789,10/09/2020 13:50:23 +0300
73967,10/09/2020 03:33:13 -0300
75046,09/09/2020 18:53:18 -0400
73967,09/09/2020 19:17:14 -0300
73083,09/09/2020 13:23:24 -0700
73113,09/09/2020 21:29:42 +0200
75063,09/09/2020 11:21:22 +0100
172952,09/09/2020 12:07:17 +0200
74962,09/09/2020 17:48:44 +0800
73399,08/09/2020 22:28:48 -0500
75049,09/09/2020 03:28:02 +0300
73967,08/09/2020 20:39:19 -0300
73091,08/09/2020 18:41:10 -0400
73848,08/09/2020 20:40:04 +0100
74984,08/09/2020 17:47:14 +0100
172952,08/09/2020 15:33:52 +0200
172952,08/09/2020 15:33:08 +0200
73399,08/09/2020 04:16:14 -0500
73399,08/09/2020 03:59:15 -0500
73098,08/09/2020 08:28:45 +0100
74633,07/09/2020 23:26:54 +0200
73100,07/09/2020 19:46:33 +0300
75049,07/09/2020 18:55:22 +0300
73399,07/09/2020 10:14:25 -0500
73399,07/09/2020 08:12:40 -0500
73399,07/09/2020 03:48:44 -0500
73399,07/09/2020 03:27:55 -0500
73967,07/09/2020 02:29:38 -0300
75055,06/09/2020 15:10:07 -0700
73399,06/09/2020 05:09:51 -0500
131642,05/09/2020 21:39:23 -0600
73967,05/09/2020 20:40:25 -0300
111296,05/09/2020 16:53:47 -0400
74633,05/09/2020 22:43:31 +0200
73113,05/09/2020 21:10:01 +0200
75031,05/09/2020 00:45:54 +0100
131642,04/09/2020 14:57:48 -0600
74701,04/09/2020 22:33:17 +0200
75049,04/09/2020 21:19:30 +0300
75049,04/09/2020 20:55:41 +0300
172952,04/09/2020 14:51:05 +0200
75037,04/09/2020 08:47:40 +0000
75063,03/09/2020 19:44:12 +0100
75060,03/09/2020 15:29:55 +0100
75060,03/09/2020 15:29:32 +0100
73124,03/09/2020 12:00:10 +0200
73399,03/09/2020 03:21:06 -0500
73126,03/09/2020 01:22:36 -0400
73150,03/09/2020 00:58:50 -0400
396816,02/09/2020 21:54:46 -0700
75060,02/09/2020 17:44:19 +0100
144876,02/09/2020 11:29:06 -0500
75060,02/09/2020 15:29:38 +0100
75060,02/09/2020 15:29:12 +0100
172952,02/09/2020 13:11:21 +0200
172952,02/09/2020 12:29:31 +0200
73399,02/09/2020 04:55:19 -0500
73399,02/09/2020 04:45:13 -0500
73146,02/09/2020 04:56:37 -0400
75055,01/09/2020 22:00:50 -0700
73967,02/09/2020 00:22:55 -0300
73967,02/09/2020 00:21:12 -0300
144876,01/09/2020 20:36:42 -0500
396816,01/09/2020 14:18:07 -0700
75060,01/09/2020 19:39:46 +0100
73144,01/09/2020 18:42:41 +0200
172952,01/09/2020 18:25:14 +0200
73146,01/09/2020 10:34:29 -0400
73967,01/09/2020 09:59:46 -0300
75056,01/09/2020 05:40:27 -0400
73967,01/09/2020 03:07:29 -0300
73150,31/08/2020 15:57:52 -0400
73967,30/08/2020 17:36:58 -0300
73312,31/08/2020 00:33:11 +0530
73848,30/08/2020 18:29:53 +0100
75055,30/08/2020 10:00:11 -0700
73364,30/08/2020 07:53:08 +0300
73494,29/08/2020 19:47:38 -0400
75055,29/08/2020 09:11:04 -0700
74701,29/08/2020 17:00:08 +0200
73159,28/08/2020 11:47:58 -0700
75012,27/08/2020 15:36:48 +0200
131642,27/08/2020 05:28:16 -0600
73162,27/08/2020 01:45:25 -0400
73848,27/08/2020 01:51:12 +0100
73164,26/08/2020 19:49:14 -0500
73165,27/08/2020 08:42:37 +0800
75055,26/08/2020 13:09:40 -0700
75037,26/08/2020 17:22:27 +0000
73169,26/08/2020 09:42:45 -0700
73169,26/08/2020 09:42:22 -0700
75055,24/08/2020 17:40:08 -0700
73171,24/08/2020 17:00:12 +0200
73967,21/08/2020 19:29:34 -0300
73173,22/08/2020 06:28:54 +0800
73174,21/08/2020 17:34:06 -0400
73175,20/08/2020 22:08:37 +0200
73176,20/08/2020 08:40:01 -0400
73177,20/08/2020 05:30:21 -0500
73178,19/08/2020 12:29:47 +0100
73894,17/08/2020 18:40:07 -0400
74962,18/08/2020 04:36:19 +0800
73181,17/08/2020 15:19:46 +0100
73182,17/08/2020 09:38:55 -0400
172952,17/08/2020 08:41:42 +0200
172952,17/08/2020 07:20:40 +0200
73185,16/08/2020 10:51:00 -0500
73848,16/08/2020 16:10:13 +0100
75055,15/08/2020 19:38:19 -0700
74701,15/08/2020 20:19:07 +0200
73189,16/08/2020 02:01:19 +0900
74701,15/08/2020 16:06:21 +0200
73848,15/08/2020 00:01:36 +0100
172952,14/08/2020 12:20:05 +0200
73894,13/08/2020 22:38:30 -0400
73194,14/08/2020 07:03:14 +0530
75031,14/08/2020 00:35:52 +0100
73196,13/08/2020 17:33:56 -0300
172952,13/08/2020 22:11:50 +0200
73684,14/08/2020 01:22:04 +0530
172952,13/08/2020 21:41:54 +0200
172952,13/08/2020 19:20:28 +0200
75046,13/08/2020 13:18:49 -0400
172952,13/08/2020 19:16:02 +0200
172952,13/08/2020 19:15:38 +0200
73399,13/08/2020 09:22:48 -0500
75060,13/08/2020 09:48:41 +0100
74962,13/08/2020 05:23:30 +0800
172952,12/08/2020 21:49:22 +0200
74701,12/08/2020 16:00:05 +0200
172952,12/08/2020 14:53:28 +0200
172952,12/08/2020 10:53:12 +0200
73327,11/08/2020 15:27:08 -0700
74701,11/08/2020 21:14:51 +0200
281053,11/08/2020 19:33:25 +0300
75012,11/08/2020 18:15:57 +0200
73215,11/08/2020 09:07:49 -0500
172952,11/08/2020 15:28:43 +0200
172952,11/08/2020 15:26:59 +0200
73399,11/08/2020 05:32:35 -0500
74962,11/08/2020 05:24:02 +0800
74701,10/08/2020 22:39:46 +0200
74701,10/08/2020 21:54:50 +0200
172952,10/08/2020 18:36:59 +0200
269457,10/08/2020 15:48:20 +0100
74701,10/08/2020 16:32:21 +0200
75046,10/08/2020 09:43:56 -0400
75046,09/08/2020 16:08:30 -0400
75046,09/08/2020 13:08:19 -0400
131642,09/08/2020 04:50:53 -0600
73229,09/08/2020 03:29:03 +0800
73230,08/08/2020 21:48:21 +0300
74962,08/08/2020 19:05:24 +0800
74962,08/08/2020 17:32:41 +0800
73392,08/08/2020 11:03:09 +0800
73234,07/08/2020 19:57:03 -0700
75031,07/08/2020 23:22:02 +0100
74962,08/08/2020 05:55:35 +0800
172952,07/08/2020 17:57:56 +0200
172952,07/08/2020 17:56:42 +0200
74962,07/08/2020 23:18:38 +0800
75029,07/08/2020 16:31:53 +0900
131642,06/08/2020 23:38:48 -0600
74293,07/08/2020 13:21:52 +0800
75029,07/08/2020 14:08:55 +0900
73264,06/08/2020 18:09:40 -0400
75031,06/08/2020 17:36:22 +0100
74962,06/08/2020 19:51:29 +0800
73247,05/08/2020 14:44:53 -0400
172952,05/08/2020 16:23:10 +0200
74062,05/08/2020 16:32:32 +0300
75029,05/08/2020 10:48:51 +0900
74984,04/08/2020 17:30:11 +0100
74962,04/08/2020 23:53:12 +0800
74962,04/08/2020 23:51:43 +0800
73254,03/08/2020 22:51:33 -0500
75029,04/08/2020 11:08:06 +0900
172952,04/08/2020 02:40:10 +0200
172952,04/08/2020 02:38:16 +0200
172952,03/08/2020 22:51:23 +0200
74962,04/08/2020 00:49:18 +0800
74962,04/08/2020 00:47:42 +0800
74962,04/08/2020 00:41:24 +0800
75008,03/08/2020 09:04:13 -0700
73263,03/08/2020 05:03:48 +0100
73264,02/08/2020 22:13:03 -0400
73265,02/08/2020 19:32:36 -0300
75055,02/08/2020 12:03:32 -0700
75055,01/08/2020 01:18:26 -0700
75011,31/07/2020 16:20:48 +0530
74984,30/07/2020 10:03:00 +0100
73270,29/07/2020 19:36:46 +0100
144876,28/07/2020 17:57:12 -0700
74688,29/07/2020 02:56:26 +0300
73273,29/07/2020 00:51:33 +0800
75031,28/07/2020 16:35:46 +0100
73275,28/07/2020 17:48:32 +0300
131642,28/07/2020 02:41:57 -0600
75060,27/07/2020 23:46:59 +0100
74447,28/07/2020 01:31:02 +0300
74773,27/07/2020 21:52:59 +0200
75060,27/07/2020 19:20:36 +0100
75049,27/07/2020 20:58:35 +0300
74293,27/07/2020 14:17:47 +0800
168054,27/07/2020 12:28:45 +0900
73284,27/07/2020 04:48:17 +0300
111744,27/07/2020 07:33:00 +0800
75008,26/07/2020 08:27:52 -0700
75049,26/07/2020 10:21:39 +0300
73288,26/07/2020 05:03:48 +0530
75032,25/07/2020 15:42:49 -0600
73290,25/07/2020 22:58:45 +0300
75046,25/07/2020 00:30:57 -0400
75049,25/07/2020 06:21:30 +0300
73293,23/07/2020 22:45:08 +0300
73294,23/07/2020 04:39:03 -0400
131642,23/07/2020 00:06:26 -0600
73296,23/07/2020 08:43:37 +0530
73967,22/07/2020 20:58:19 -0300
74701,22/07/2020 21:54:42 +0200
73299,22/07/2020 21:47:28 +0200
75031,22/07/2020 00:15:47 +0100
74960,20/07/2020 17:22:01 -0700
75031,21/07/2020 00:09:41 +0100
75049,20/07/2020 15:57:37 +0300
75049,20/07/2020 15:53:55 +0300
75037,20/07/2020 21:53:29 +0900
131642,20/07/2020 06:51:26 -0600
73307,20/07/2020 13:26:32 +0200
73312,20/07/2020 14:12:57 +0530
74858,20/07/2020 09:48:40 +0200
74633,20/07/2020 08:19:18 +0200
75029,20/07/2020 12:02:50 +0900
73312,19/07/2020 19:05:52 +0530
73684,19/07/2020 16:33:43 +0530
75049,19/07/2020 09:18:55 +0300
73959,18/07/2020 23:19:50 +0200
73316,19/07/2020 00:46:10 +0430
73317,18/07/2020 08:05:44 -0500
75049,18/07/2020 11:12:05 +0300
75049,18/07/2020 11:11:21 +0300
73621,17/07/2020 13:09:21 -0700
75031,17/07/2020 17:44:27 +0100
74984,17/07/2020 11:44:23 +0100
73323,17/07/2020 09:59:15 +0100
75046,16/07/2020 18:24:49 -0400
73325,16/07/2020 12:10:23 -0400
144876,16/07/2020 06:07:29 -0700
73327,16/07/2020 05:22:32 -0600
74690,16/07/2020 09:38:58 +0300
74690,16/07/2020 09:13:05 +0300
75031,15/07/2020 22:56:49 +0100
131642,15/07/2020 12:43:00 -0600
144876,15/07/2020 10:02:14 -0700
144876,15/07/2020 06:12:05 -0700
73334,15/07/2020 20:14:11 +0800
73335,15/07/2020 13:51:00 +0200
131642,15/07/2020 03:07:34 -0600
73364,14/07/2020 22:41:24 +0300
73338,14/07/2020 17:22:43 +0000
73339,13/07/2020 18:26:23 -0700
74859,13/07/2020 18:31:02 -0300
75049,13/07/2020 15:49:26 +0300
75049,12/07/2020 19:15:20 +0300
131642,12/07/2020 10:11:11 -0600
131642,12/07/2020 10:01:03 -0600
73345,11/07/2020 19:18:31 -0400
73346,10/07/2020 18:54:53 -0700
75049,10/07/2020 23:26:06 +0300
131642,10/07/2020 11:43:37 -0600
157091,11/07/2020 00:43:31 +0900
172952,10/07/2020 12:40:38 +0200
75049,10/07/2020 11:17:21 +0300
75049,10/07/2020 10:12:04 +0300
74859,09/07/2020 21:36:35 -0300
75046,09/07/2020 18:08:33 -0400
73434,09/07/2020 21:18:34 +0200
75031,09/07/2020 18:52:43 +0100
74074,09/07/2020 06:27:23 -0700
74962,09/07/2020 21:25:10 +0800
157091,09/07/2020 21:13:47 +0900
131642,09/07/2020 04:00:21 -0600
74858,09/07/2020 11:38:41 +0200
73362,08/07/2020 14:00:35 -0700
73537,08/07/2020 22:39:41 +0200
73364,08/07/2020 22:27:31 +0300
172952,08/07/2020 11:02:23 +0200
131642,07/07/2020 22:21:58 -0600
74859,07/07/2020 21:45:45 -0300
75031,08/07/2020 00:24:39 +0100
74859,07/07/2020 20:09:56 -0300
172952,08/07/2020 00:20:37 +0200
75038,07/07/2020 07:11:28 -0400
74773,07/07/2020 01:42:21 +0300
75060,06/07/2020 23:30:14 +0100
281349,06/07/2020 14:26:52 -0700
74858,06/07/2020 22:28:15 +0200
75060,06/07/2020 20:31:16 +0100
75031,06/07/2020 17:32:00 +0100
74962,06/07/2020 20:29:49 +0800
75037,06/07/2020 20:22:04 +0900
74962,06/07/2020 17:15:08 +0800
74962,06/07/2020 17:12:49 +0800
75029,06/07/2020 11:48:30 +0900
74859,05/07/2020 22:47:15 -0300
74859,05/07/2020 22:42:24 -0300
75060,05/07/2020 22:43:14 +0100
75049,05/07/2020 18:53:45 +0300
131642,04/07/2020 23:07:43 -0600
75029,05/07/2020 13:01:48 +0900
75029,05/07/2020 11:01:54 +0900
172952,04/07/2020 23:18:15 +0200
131642,03/07/2020 21:58:21 -0600
73392,04/07/2020 05:06:46 +0800
73393,04/07/2020 04:56:30 +0800
172952,03/07/2020 20:01:46 +0200
75037,04/07/2020 01:36:47 +0900
172952,03/07/2020 16:59:12 +0200
172952,03/07/2020 14:15:53 +0200
172952,03/07/2020 11:35:37 +0200
73399,03/07/2020 03:59:47 -0500
73959,03/07/2020 02:09:28 +0200
75060,02/07/2020 23:08:36 +0100
172952,02/07/2020 12:43:25 +0200
73814,02/07/2020 05:41:21 +0200
172952,02/07/2020 01:19:57 +0200
172952,01/07/2020 23:21:36 +0200
73406,01/07/2020 22:08:38 +0100
75049,01/07/2020 21:53:07 +0300
74773,01/07/2020 12:47:35 +0300
73409,01/07/2020 12:32:54 +0300
74701,30/06/2020 20:58:57 +0200
73814,30/06/2020 15:48:15 +0200
74962,30/06/2020 21:46:31 +0800
74962,30/06/2020 21:46:06 +0800
73434,30/06/2020 11:42:43 +0200
73415,30/06/2020 02:15:46 -0700
75049,30/06/2020 11:56:03 +0300
75049,30/06/2020 09:33:22 +0300
75029,30/06/2020 15:26:56 +0900
75049,30/06/2020 09:03:15 +0300
75029,30/06/2020 12:23:07 +0900
75049,30/06/2020 03:18:22 +0300
172952,30/06/2020 00:49:03 +0200
75038,29/06/2020 16:59:22 -0400
75049,29/06/2020 22:36:41 +0300
73425,30/06/2020 03:56:56 +0900
73426,29/06/2020 23:09:29 +0530
74701,29/06/2020 14:03:01 +0200
73684,29/06/2020 14:06:48 +0530
75029,29/06/2020 13:00:43 +0900
75029,29/06/2020 10:46:51 +0900
74701,28/06/2020 22:01:01 +0200
75049,28/06/2020 13:34:22 +0300
131642,28/06/2020 00:40:54 -0600
73434,28/06/2020 08:02:47 +0200
74062,28/06/2020 04:11:43 +0300
75060,28/06/2020 01:55:47 +0100
75008,27/06/2020 17:33:49 -0700
74773,28/06/2020 02:41:48 +0300
75060,27/06/2020 20:00:29 +0100
74062,27/06/2020 21:33:08 +0300
74773,27/06/2020 20:47:00 +0300
73906,27/06/2020 14:13:47 +0200
75029,27/06/2020 18:22:09 +0900
75056,27/06/2020 04:44:56 -0400
74773,26/06/2020 14:24:05 +0300
75055,25/06/2020 17:03:50 -0700
74773,26/06/2020 02:22:36 +0300
75029,26/06/2020 08:07:22 +0900
281053,26/06/2020 00:50:37 +0300
74962,26/06/2020 01:17:57 +0800
75049,25/06/2020 17:56:31 +0300
74436,25/06/2020 16:55:48 +0200
75056,25/06/2020 10:46:44 -0400
74962,25/06/2020 20:15:40 +0800
172952,25/06/2020 14:07:40 +0200
75049,25/06/2020 14:43:33 +0300
75049,25/06/2020 14:31:30 +0300
75056,25/06/2020 07:22:10 -0400
75049,25/06/2020 14:21:25 +0300
74962,25/06/2020 18:38:51 +0800
73461,25/06/2020 06:37:40 -0400
75056,25/06/2020 04:51:46 -0400
75049,25/06/2020 11:37:12 +0300
73464,25/06/2020 08:30:21 +0200
73465,25/06/2020 05:50:49 +0800
75049,24/06/2020 19:46:30 +0300
73482,24/06/2020 21:27:42 +0500
172952,24/06/2020 15:21:54 +0200
73525,24/06/2020 12:46:52 +0200
75049,24/06/2020 08:46:05 +0300
73471,24/06/2020 04:12:10 +0100
172952,24/06/2020 03:21:15 +0200
172952,24/06/2020 02:22:21 +0200
73482,24/06/2020 04:32:23 +0500
172952,24/06/2020 00:34:07 +0200
172952,24/06/2020 00:10:40 +0200
75064,23/06/2020 14:49:56 -0700
172952,23/06/2020 22:55:46 +0200
73482,24/06/2020 00:33:23 +0500
73482,24/06/2020 00:05:57 +0500
75055,23/06/2020 11:45:25 -0700
73482,23/06/2020 23:41:49 +0500
75055,23/06/2020 08:42:55 -0700
172952,23/06/2020 16:40:40 +0200
281053,23/06/2020 17:21:26 +0300
172952,23/06/2020 15:55:45 +0200
172952,23/06/2020 15:55:06 +0200
172952,23/06/2020 15:54:35 +0200
75055,23/06/2020 06:50:15 -0700
73490,23/06/2020 09:21:16 -0400
172952,23/06/2020 14:07:52 +0200
172952,23/06/2020 11:33:18 +0200
75055,22/06/2020 19:38:59 -0700
73494,22/06/2020 22:16:00 -0400
172952,22/06/2020 18:02:49 +0200
75037,23/06/2020 00:53:07 +0900
172952,22/06/2020 17:39:32 +0200
172952,22/06/2020 17:27:35 +0200
73499,22/06/2020 10:06:07 +0100
75049,22/06/2020 11:24:11 +0300
75049,22/06/2020 11:21:59 +0300
75049,22/06/2020 10:43:35 +0300
73906,22/06/2020 09:41:48 +0200
74654,22/06/2020 00:39:28 -0700
74654,22/06/2020 00:27:20 -0700
74859,21/06/2020 20:59:43 -0300
74773,22/06/2020 02:47:46 +0300
75037,21/06/2020 18:44:58 +0900
75049,21/06/2020 11:11:17 +0300
75049,21/06/2020 11:07:50 +0300
74773,21/06/2020 05:18:01 +0300
74654,20/06/2020 15:06:48 -0700
74654,20/06/2020 12:15:03 -0700
74773,20/06/2020 21:07:25 +0300
73893,20/06/2020 20:40:06 +0300
73516,20/06/2020 13:10:25 -0400
74773,20/06/2020 15:57:27 +0300
73518,20/06/2020 14:55:05 +0200
75049,20/06/2020 11:10:31 +0300
75049,20/06/2020 00:06:07 +0300
281053,19/06/2020 23:39:22 +0300
172952,19/06/2020 18:01:20 +0200
75037,20/06/2020 00:56:13 +0900
73906,19/06/2020 16:11:02 +0200
73525,19/06/2020 13:57:30 +0200
75008,19/06/2020 03:16:57 -0700
172952,19/06/2020 11:45:31 +0200
74773,19/06/2020 02:10:43 +0300
75060,18/06/2020 23:23:40 +0100
75049,18/06/2020 22:08:27 +0300
73789,18/06/2020 17:18:58 +0300
172952,18/06/2020 14:53:19 +0200
172952,18/06/2020 01:20:51 +0200
172952,18/06/2020 01:11:46 +0200
172952,17/06/2020 23:58:58 +0200
172952,17/06/2020 23:15:59 +0200
73537,17/06/2020 19:26:08 +0200
172952,17/06/2020 19:11:50 +0200
172952,17/06/2020 19:10:47 +0200
73906,17/06/2020 19:09:10 +0200
172952,17/06/2020 18:07:13 +0200
75029,17/06/2020 23:43:01 +0900
172952,17/06/2020 14:23:04 +0200
75029,17/06/2020 20:09:44 +0900
74112,16/06/2020 18:24:40 -0600
75037,17/06/2020 01:41:23 +0900
75060,16/06/2020 16:49:43 +0100
172952,16/06/2020 17:29:50 +0200
172952,16/06/2020 17:27:30 +0200
75060,16/06/2020 02:13:33 +0100
131642,15/06/2020 18:56:27 -0600
74773,16/06/2020 03:27:33 +0300
73553,16/06/2020 00:53:57 +0100
172952,16/06/2020 01:28:07 +0200
172952,16/06/2020 00:54:44 +0200
172952,15/06/2020 21:59:47 +0200
73747,15/06/2020 21:16:48 +0200
73558,15/06/2020 19:28:46 +0200
75037,16/06/2020 01:20:54 +0900
73560,15/06/2020 16:58:54 +0200
172952,15/06/2020 16:27:47 +0200
75060,15/06/2020 14:23:43 +0100
74954,15/06/2020 14:33:48 +0200
73814,15/06/2020 10:03:07 +0200
75060,15/06/2020 04:33:33 +0100
75060,15/06/2020 03:55:15 +0100
75060,15/06/2020 02:05:20 +0100
73568,14/06/2020 12:23:47 -0500
73742,14/06/2020 02:43:57 -0500
75055,13/06/2020 19:17:28 -0700
75055,13/06/2020 15:55:52 -0700
131642,13/06/2020 11:35:08 -0600
75055,13/06/2020 09:46:47 -0700
73906,13/06/2020 17:57:22 +0200
75019,13/06/2020 20:26:01 +0800
74962,13/06/2020 14:58:12 +0800
73577,13/06/2020 00:19:34 +0100
74959,13/06/2020 00:50:18 +0200
73684,13/06/2020 02:16:36 +0530
73906,12/06/2020 20:54:03 +0200
74019,12/06/2020 13:19:25 -0400
73906,12/06/2020 18:18:43 +0200
74974,12/06/2020 14:54:29 +0200
73584,12/06/2020 09:20:11 +0300
75037,12/06/2020 11:26:00 +0900
75060,12/06/2020 01:55:35 +0100
75060,12/06/2020 00:51:44 +0100
73588,11/06/2020 13:04:13 -0600
73589,11/06/2020 20:03:29 +0200
75060,11/06/2020 18:08:05 +0100
75060,11/06/2020 17:30:46 +0100
172952,11/06/2020 18:26:23 +0200
74773,11/06/2020 19:09:21 +0300
74962,11/06/2020 23:36:06 +0800
172952,11/06/2020 17:30:57 +0200
172952,11/06/2020 17:28:52 +0200
172952,11/06/2020 15:48:03 +0200
74773,11/06/2020 15:45:15 +0300
75037,11/06/2020 18:39:18 +0900
75055,10/06/2020 23:17:58 -0700
74773,11/06/2020 02:56:08 +0300
74962,11/06/2020 07:51:18 +0800
74960,10/06/2020 23:31:22 +0000
73604,10/06/2020 21:26:49 +0100
172952,10/06/2020 20:08:26 +0200
172952,10/06/2020 19:54:29 +0200
172952,10/06/2020 19:33:11 +0200
172952,10/06/2020 18:49:23 +0200
172952,10/06/2020 18:38:05 +0200
73959,10/06/2020 18:09:01 +0200
75049,10/06/2020 18:39:12 +0300
75060,10/06/2020 14:07:06 +0100
74962,10/06/2020 20:29:02 +0800
74019,10/06/2020 01:56:56 -0400
74859,10/06/2020 00:53:23 -0300
73616,09/06/2020 21:02:11 -0400
75037,10/06/2020 00:33:43 +0900
172952,09/06/2020 15:32:43 +0200
74701,09/06/2020 10:27:45 +0200
75055,08/06/2020 12:38:41 -0700
73621,08/06/2020 11:07:29 -0700
172952,08/06/2020 20:04:47 +0200
74701,08/06/2020 19:33:12 +0200
74701,08/06/2020 19:31:29 +0200
75031,08/06/2020 17:48:43 +0100
172952,08/06/2020 18:12:59 +0200
73627,08/06/2020 17:28:11 +0200
172952,08/06/2020 16:30:33 +0200
74852,08/06/2020 07:11:44 -0700
75056,08/06/2020 03:52:43 -0400
75055,07/06/2020 23:51:40 -0700
74773,08/06/2020 08:01:21 +0300
75056,07/06/2020 22:24:33 -0400
75060,08/06/2020 02:57:00 +0100
75038,07/06/2020 21:00:51 -0400
75060,08/06/2020 01:47:37 +0100
172952,08/06/2020 02:14:47 +0200
172952,08/06/2020 01:39:47 +0200
172952,08/06/2020 01:22:36 +0200
75038,07/06/2020 10:57:45 -0400
74962,07/06/2020 20:05:36 +0800
73814,07/06/2020 09:05:33 +0200
75055,06/06/2020 12:42:54 -0700
73959,06/06/2020 21:35:10 +0200
73893,06/06/2020 15:44:16 +0300
74960,06/06/2020 11:21:46 +0000
74773,06/06/2020 07:21:40 +0300
75060,06/06/2020 00:52:27 +0100
75060,06/06/2020 00:52:15 +0100
73814,06/06/2020 00:00:42 +0200
74633,05/06/2020 23:32:09 +0200
281053,05/06/2020 23:56:06 +0300
75038,05/06/2020 16:34:16 -0400
74701,05/06/2020 22:01:18 +0200
74385,05/06/2020 22:56:32 +0300
74701,05/06/2020 19:43:01 +0200
75037,06/06/2020 00:01:02 +0900
172952,05/06/2020 02:56:37 +0200
172952,05/06/2020 02:34:14 +0200
172952,05/06/2020 02:05:41 +0200
74938,04/06/2020 19:40:24 -0400
172952,05/06/2020 01:39:24 +0200
172952,05/06/2020 01:14:40 +0200
172952,05/06/2020 00:50:05 +0200
172952,04/06/2020 23:38:36 +0200
172952,04/06/2020 22:10:43 +0200
74633,04/06/2020 22:08:42 +0200
73668,04/06/2020 12:58:10 -0700
172952,04/06/2020 15:19:02 +0200
73906,04/06/2020 14:48:17 +0200
74984,04/06/2020 13:23:35 +0100
74960,04/06/2020 05:19:23 +0000
75037,04/06/2020 00:43:46 +0900
73674,03/06/2020 10:18:19 -0400
74086,03/06/2020 15:19:45 +0200
73676,03/06/2020 08:42:33 -0400
172952,03/06/2020 14:39:59 +0200
172952,03/06/2020 14:36:46 +0200
172952,02/06/2020 18:44:54 +0200
172952,02/06/2020 17:13:49 +0200
172952,02/06/2020 15:51:37 +0200
172952,02/06/2020 14:39:45 +0200
172952,02/06/2020 14:03:25 +0200
73684,02/06/2020 17:03:09 +0530
172952,02/06/2020 12:02:58 +0200
74062,02/06/2020 11:19:52 +0300
74960,02/06/2020 08:17:24 +0000
73688,02/06/2020 06:47:45 +0530
75031,01/06/2020 22:17:23 +0100
172952,01/06/2020 20:59:35 +0200
73691,01/06/2020 13:35:56 -0500
172952,01/06/2020 20:34:15 +0200
73801,02/06/2020 03:26:33 +1000
74960,01/06/2020 17:21:43 +0000
74962,02/06/2020 00:54:18 +0800
75037,02/06/2020 01:12:24 +0900
131642,01/06/2020 09:43:56 -0600
172952,01/06/2020 16:02:40 +0200
74984,01/06/2020 10:42:42 +0100
73906,01/06/2020 08:58:14 +0200
75060,01/06/2020 00:41:14 +0100
74773,01/06/2020 02:28:46 +0300
74062,01/06/2020 01:01:50 +0300
75055,31/05/2020 14:57:42 -0700
74995,31/05/2020 03:07:04 -0400
74062,31/05/2020 01:15:06 +0300
131642,30/05/2020 02:22:02 -0600
73799,30/05/2020 09:47:32 +0200
73709,30/05/2020 03:57:03 +0200
75046,29/05/2020 18:54:14 -0400
74954,29/05/2020 18:28:02 +0200
73894,29/05/2020 09:34:30 -0400
74908,29/05/2020 14:23:57 +0100
74891,29/05/2020 19:35:34 +0800
73715,28/05/2020 17:04:59 -0700
74633,29/05/2020 01:27:31 +0200
73742,28/05/2020 16:56:42 -0500
73718,28/05/2020 20:56:43 +0100
161111,28/05/2020 19:51:44 +0100
73720,28/05/2020 19:46:22 +0300
109672,28/05/2020 18:33:04 +0200
172952,28/05/2020 18:26:01 +0200
75012,28/05/2020 18:14:46 +0200
75055,28/05/2020 08:35:46 -0700
172952,28/05/2020 17:23:39 +0200
172952,28/05/2020 16:37:37 +0200
74962,28/05/2020 22:24:39 +0800
172952,28/05/2020 16:08:50 +0200
172952,28/05/2020 15:57:49 +0200
75049,28/05/2020 10:33:45 +0300
74820,27/05/2020 22:34:01 -0300
73732,28/05/2020 03:41:24 +0300
172952,28/05/2020 01:56:29 +0200
172952,28/05/2020 00:44:23 +0200
172952,28/05/2020 00:38:12 +0200
74962,28/05/2020 06:10:27 +0800
75060,27/05/2020 22:33:13 +0100
75032,27/05/2020 15:32:22 -0600
75060,27/05/2020 21:48:12 +0100
74852,27/05/2020 13:30:38 -0700
73906,27/05/2020 21:50:06 +0200
73742,27/05/2020 14:47:30 -0500
74773,27/05/2020 19:04:11 +0300
73744,27/05/2020 08:22:07 -0700
172952,27/05/2020 14:55:10 +0200
74908,27/05/2020 13:43:17 +0100
73747,27/05/2020 12:49:34 +0200
75042,27/05/2020 12:07:15 +0200
75060,27/05/2020 10:03:38 +0100
75060,27/05/2020 00:15:52 +0100
73751,26/05/2020 14:42:18 -0700
75008,26/05/2020 10:58:44 -0700
75049,26/05/2020 18:43:38 +0300
73754,26/05/2020 07:55:21 -0700
74767,26/05/2020 10:54:21 -0400
74633,26/05/2020 14:18:19 +0200
73906,26/05/2020 12:26:29 +0200
131642,26/05/2020 02:16:34 -0600
75049,26/05/2020 11:04:14 +0300
73760,26/05/2020 12:45:35 +0800
75055,25/05/2020 21:39:00 -0700
74960,26/05/2020 04:33:35 +0000
73763,26/05/2020 06:08:40 +0200
74773,26/05/2020 03:32:18 +0300
74960,25/05/2020 21:32:24 +0000
74773,25/05/2020 22:51:58 +0300
73767,25/05/2020 21:42:28 +0200
74962,26/05/2020 03:19:42 +0800
75060,25/05/2020 20:17:12 +0100
75060,25/05/2020 18:38:45 +0100
75037,26/05/2020 02:25:28 +0900
75037,26/05/2020 01:52:54 +0900
74545,25/05/2020 17:42:48 +0200
73964,25/05/2020 19:54:40 +0500
74545,25/05/2020 16:54:14 +0200
73906,25/05/2020 10:44:51 +0200
73906,25/05/2020 10:43:10 +0200
131642,25/05/2020 01:55:09 -0600
74810,25/05/2020 09:03:48 +0200
74062,25/05/2020 01:20:18 +0300
73814,24/05/2020 23:12:57 +0200
73782,24/05/2020 20:57:40 +0200
75037,24/05/2020 23:37:08 +0900
75046,24/05/2020 09:57:55 -0400
73799,24/05/2020 12:53:44 +0200
131642,24/05/2020 04:03:52 -0600
74962,24/05/2020 13:03:50 +0800
75060,24/05/2020 06:01:34 +0100
73789,24/05/2020 02:14:31 +0300
74852,23/05/2020 02:58:50 -0700
73791,23/05/2020 03:12:09 +0200
73792,23/05/2020 08:05:05 +0700
73793,23/05/2020 03:50:58 +0300
74959,23/05/2020 02:29:34 +0200
74019,22/05/2020 16:40:17 -0400
74074,22/05/2020 13:33:27 -0700
73906,22/05/2020 20:04:33 +0200
74960,22/05/2020 16:10:55 +0000
73799,22/05/2020 17:19:18 +0200
75055,22/05/2020 07:28:57 -0700
73801,23/05/2020 00:18:51 +1000
75055,22/05/2020 06:54:42 -0700
75060,22/05/2020 02:48:09 +0100
74773,22/05/2020 03:56:52 +0300
73967,21/05/2020 19:45:23 -0300
73893,22/05/2020 01:39:56 +0300
74062,21/05/2020 23:41:58 +0300
75060,21/05/2020 21:39:44 +0100
73870,21/05/2020 20:26:27 +0000
74062,21/05/2020 22:57:52 +0300
75037,22/05/2020 01:56:03 +0900
75055,21/05/2020 01:37:38 -0700
74995,21/05/2020 01:20:43 -0400
73814,21/05/2020 06:22:59 +0200
75055,20/05/2020 18:43:51 -0700
73816,20/05/2020 13:12:37 -0400
173175,20/05/2020 19:38:41 +0300
73906,20/05/2020 16:37:25 +0200
75056,20/05/2020 05:41:26 -0400
73820,20/05/2020 00:59:46 -0400
74085,19/05/2020 19:31:49 -0700
172952,20/05/2020 01:57:17 +0200
73906,20/05/2020 00:35:51 +0200
74062,20/05/2020 01:14:14 +0300
75031,19/05/2020 23:10:03 +0100
74859,19/05/2020 14:20:38 -0300
173175,19/05/2020 20:01:32 +0300
75060,19/05/2020 17:28:05 +0100
73894,19/05/2020 11:55:18 -0400
73830,19/05/2020 09:37:09 -0500
74858,19/05/2020 14:26:43 +0200
73854,19/05/2020 05:22:16 -0700
131642,19/05/2020 06:20:39 -0600
75056,19/05/2020 07:39:29 -0400
74900,19/05/2020 13:30:07 +0200
74995,18/05/2020 23:03:28 -0400
75060,19/05/2020 03:33:01 +0100
75064,18/05/2020 19:02:54 -0700
75060,18/05/2020 23:37:06 +0100
74074,18/05/2020 15:36:09 -0700
74962,19/05/2020 06:02:57 +0800
75060,18/05/2020 22:47:51 +0100
74062,18/05/2020 23:48:49 +0300
74773,18/05/2020 22:14:47 +0300
73845,18/05/2020 21:41:35 +0300
74773,18/05/2020 21:27:40 +0300
74062,18/05/2020 21:23:48 +0300
73848,18/05/2020 19:14:12 +0100
74062,18/05/2020 20:42:10 +0300
74773,18/05/2020 20:32:03 +0300
75049,18/05/2020 20:25:07 +0300
73854,18/05/2020 09:50:03 -0700
73854,18/05/2020 09:22:53 -0700
73854,18/05/2020 09:17:19 -0700
75056,18/05/2020 11:31:21 -0400
73924,18/05/2020 15:23:37 +0200
75056,18/05/2020 09:17:22 -0400
269457,18/05/2020 13:52:45 +0100
75056,18/05/2020 04:32:38 -0400
74732,18/05/2020 00:56:47 -0700
73861,18/05/2020 08:21:30 +0200
74074,17/05/2020 22:47:31 -0700
74852,17/05/2020 22:07:57 -0700
73864,18/05/2020 04:50:51 +0100
74852,17/05/2020 20:38:35 -0700
73894,17/05/2020 21:55:11 -0400
75055,17/05/2020 18:53:01 -0700
74505,18/05/2020 07:02:34 +0530
73870,17/05/2020 21:29:51 +0000
73870,17/05/2020 21:24:59 +0000
73906,17/05/2020 18:32:38 +0200
73906,17/05/2020 13:49:10 +0200
131642,17/05/2020 04:52:47 -0600
75056,17/05/2020 02:57:25 -0400
74633,17/05/2020 08:32:46 +0200
74074,16/05/2020 21:14:48 -0700
74773,17/05/2020 06:19:23 +0300
75060,17/05/2020 03:53:57 +0100
75060,17/05/2020 01:22:00 +0100
73906,17/05/2020 01:05:40 +0200
74062,17/05/2020 02:04:12 +0300
74062,17/05/2020 01:49:07 +0300
74062,17/05/2020 01:38:02 +0300
74062,17/05/2020 01:36:40 +0300
74062,17/05/2020 01:36:14 +0300
74062,17/05/2020 00:53:25 +0300
74062,17/05/2020 00:46:11 +0300
73906,16/05/2020 22:27:06 +0200
73894,16/05/2020 12:14:58 -0400
73894,16/05/2020 10:02:59 -0400
75037,16/05/2020 19:31:54 +0900
74962,16/05/2020 18:01:39 +0800
73893,16/05/2020 12:39:09 +0300
73894,16/05/2020 04:20:06 -0400
73906,16/05/2020 03:33:05 +0200
131642,15/05/2020 19:27:54 -0600
74074,15/05/2020 16:55:50 -0700
74074,15/05/2020 15:19:39 -0700
73906,15/05/2020 23:54:53 +0200
74852,15/05/2020 14:28:23 -0700
74654,15/05/2020 14:26:00 -0700
73906,15/05/2020 22:32:25 +0200
73903,15/05/2020 23:12:05 +0300
73906,15/05/2020 20:55:25 +0200
73906,15/05/2020 18:48:25 +0200
73906,15/05/2020 18:28:05 +0200
172952,15/05/2020 18:06:23 +0200
73908,15/05/2020 03:43:58 -0700
74074,14/05/2020 19:25:45 -0700
75008,14/05/2020 19:22:48 -0700
74074,14/05/2020 19:11:00 -0700
269457,15/05/2020 03:08:21 +0100
75060,15/05/2020 02:04:52 +0100
74859,14/05/2020 21:59:46 -0300
172952,15/05/2020 01:02:10 +0200
172952,15/05/2020 00:51:51 +0200
73917,14/05/2020 23:11:40 +0100
172952,14/05/2020 22:44:32 +0200
74773,14/05/2020 23:13:50 +0300
75060,14/05/2020 21:11:48 +0100
172952,14/05/2020 21:55:47 +0200
172952,14/05/2020 18:46:24 +0200
172952,14/05/2020 18:05:58 +0200
73924,14/05/2020 16:17:22 +0200
74962,14/05/2020 09:22:30 +0800
73926,14/05/2020 03:53:26 +0300
172952,14/05/2020 01:48:38 +0200
74074,13/05/2020 16:18:27 -0700
172952,14/05/2020 01:11:54 +0200
73930,13/05/2020 17:41:57 -0500
172952,14/05/2020 00:31:31 +0200
74773,13/05/2020 22:36:27 +0300
73933,13/05/2020 20:55:12 +0200
75037,13/05/2020 22:38:27 +0900
73935,13/05/2020 13:29:31 +0300
172952,13/05/2020 05:36:23 +0200
172952,13/05/2020 04:40:30 +0200
172952,13/05/2020 03:52:11 +0200
172952,13/05/2020 02:50:18 +0200
172952,13/05/2020 02:26:02 +0200
172952,13/05/2020 01:36:47 +0200
73942,12/05/2020 18:54:18 -0400
75031,12/05/2020 23:32:32 +0100
172952,12/05/2020 18:46:20 +0200
73959,12/05/2020 16:12:41 +0200
75049,12/05/2020 16:18:00 +0300
172952,12/05/2020 13:31:59 +0200
75049,12/05/2020 12:42:04 +0300
74062,12/05/2020 05:32:40 +0300
73999,11/05/2020 21:19:20 -0500
172952,12/05/2020 03:07:40 +0200
172952,12/05/2020 02:42:19 +0200
75055,11/05/2020 17:00:53 -0700
172952,12/05/2020 01:43:38 +0200
74852,11/05/2020 14:53:58 -0700
74962,12/05/2020 05:38:55 +0800
74136,11/05/2020 14:50:11 -0400
75029,11/05/2020 15:37:25 +0900
73959,11/05/2020 06:04:31 +0200
75060,11/05/2020 01:41:26 +0100
75055,10/05/2020 14:53:29 -0700
75049,10/05/2020 15:14:27 +0300
75049,10/05/2020 13:39:40 +0300
73964,10/05/2020 14:15:57 +0500
172952,10/05/2020 11:05:29 +0200
75049,10/05/2020 11:53:16 +0300
73967,10/05/2020 02:15:54 -0300
75060,10/05/2020 05:34:50 +0100
75038,09/05/2020 10:12:41 -0400
75037,09/05/2020 17:31:40 +0900
75038,08/05/2020 19:20:26 -0400
74859,08/05/2020 17:58:28 -0300
75055,08/05/2020 07:53:15 -0700
73974,08/05/2020 07:39:57 -0400
74074,08/05/2020 03:54:38 -0700
131642,07/05/2020 23:25:50 -0600
75060,08/05/2020 03:38:44 +0100
74062,07/05/2020 23:57:26 +0300
172952,07/05/2020 22:42:14 +0200
74962,08/05/2020 01:16:01 +0800
74112,07/05/2020 08:56:01 -0600
172952,07/05/2020 15:42:33 +0200
75012,07/05/2020 15:39:59 +0200
74773,07/05/2020 13:44:06 +0300
74773,07/05/2020 13:37:51 +0300
75037,07/05/2020 10:17:16 +0900
75049,07/05/2020 04:09:33 +0300
75060,06/05/2020 23:14:43 +0100
75060,06/05/2020 22:54:34 +0100
73990,06/05/2020 19:51:43 +0000
74773,06/05/2020 21:11:04 +0300
172952,06/05/2020 19:05:27 +0200
172952,06/05/2020 18:25:06 +0200
172952,06/05/2020 18:23:58 +0200
74062,06/05/2020 17:29:32 +0300
172952,06/05/2020 15:22:17 +0200
75055,05/05/2020 22:33:55 -0700
74062,06/05/2020 08:24:39 +0300
73999,05/05/2020 21:28:24 -0500
75060,05/05/2020 22:58:19 +0100
74019,05/05/2020 17:14:32 -0400
74430,05/05/2020 12:40:56 -0700
172952,05/05/2020 20:33:06 +0200
172952,05/05/2020 20:27:47 +0200
172952,05/05/2020 20:16:37 +0200
172952,05/05/2020 19:56:48 +0200
172952,05/05/2020 19:55:29 +0200
75031,05/05/2020 18:45:35 +0100
172952,05/05/2020 18:50:30 +0200
172952,05/05/2020 17:40:18 +0200
74962,05/05/2020 10:20:38 -0500
172952,05/05/2020 17:07:41 +0200
172952,05/05/2020 16:52:52 +0200
74014,05/05/2020 10:49:57 -0400
172952,05/05/2020 16:41:11 +0200
172952,05/05/2020 16:14:31 +0200
172952,05/05/2020 15:43:37 +0200
75055,04/05/2020 22:52:13 -0700
74019,04/05/2020 22:33:17 -0400
75037,05/05/2020 10:49:46 +0900
74021,04/05/2020 23:56:00 +0200
74859,04/05/2020 16:47:03 -0300
74545,04/05/2020 21:02:00 +0200
74962,05/05/2020 02:05:02 +0800
75037,05/05/2020 02:30:42 +0900
74962,04/05/2020 23:05:54 +0800
75037,04/05/2020 22:32:42 +0900
74962,04/05/2020 21:31:38 +0800
74773,04/05/2020 14:32:18 +0300
74773,04/05/2020 13:58:31 +0300
74852,04/05/2020 01:13:30 -0700
75049,04/05/2020 10:56:05 +0300
74852,03/05/2020 22:08:14 -0700
75059,04/05/2020 12:03:05 +1000
74773,04/05/2020 03:20:09 +0300
75055,03/05/2020 16:45:13 -0700
75055,03/05/2020 11:25:46 -0700
74062,03/05/2020 20:11:51 +0300
75055,03/05/2020 04:51:05 -0700
74074,03/05/2020 00:07:57 -0700
75055,02/05/2020 19:30:24 -0700
74374,02/05/2020 23:50:47 +0000
75055,02/05/2020 16:45:32 -0700
74044,02/05/2020 18:12:05 +0200
75060,02/05/2020 16:15:27 +0100
75049,02/05/2020 09:38:01 +0300
75060,02/05/2020 05:23:39 +0100
75060,02/05/2020 05:23:06 +0100
74074,01/05/2020 18:14:19 -0700
74050,01/05/2020 16:28:06 -0700
75060,01/05/2020 23:14:12 +0100
75060,01/05/2020 22:33:54 +0100
74852,01/05/2020 12:46:01 -0700
74054,01/05/2020 11:07:54 -0700
74852,01/05/2020 10:52:10 -0700
75055,01/05/2020 10:34:19 -0700
74773,01/05/2020 20:30:51 +0300
75008,01/05/2020 09:42:32 -0700
75008,01/05/2020 09:42:03 -0700
75060,01/05/2020 16:32:09 +0100
75060,01/05/2020 16:02:06 +0100
74062,01/05/2020 16:13:43 +0300
74385,01/05/2020 15:49:35 +0300
75037,01/05/2020 21:15:35 +0900
75060,01/05/2020 12:32:26 +0100
172952,01/05/2020 11:33:44 +0200
74067,01/05/2020 06:30:10 +0200
74773,01/05/2020 06:27:52 +0300
172952,01/05/2020 02:38:00 +0200
172952,01/05/2020 02:35:24 +0200
172952,01/05/2020 02:34:22 +0200
172952,01/05/2020 00:44:03 +0200
172952,30/04/2020 22:44:24 +0200
74074,30/04/2020 12:18:05 -0700
75008,30/04/2020 12:12:19 -0700
74076,30/04/2020 03:39:11 -0700
172952,30/04/2020 11:28:09 +0200
172952,30/04/2020 11:26:33 +0200
161111,30/04/2020 04:42:45 +0100
172952,30/04/2020 03:28:51 +0200
74081,30/04/2020 04:06:39 +0300
172952,30/04/2020 02:21:30 +0200
172952,30/04/2020 01:48:37 +0200
74773,30/04/2020 01:53:30 +0300
74085,29/04/2020 15:31:19 -0700
74086,30/04/2020 00:17:12 +0200
75037,30/04/2020 03:20:27 +0900
75037,30/04/2020 02:34:24 +0900
172952,29/04/2020 18:49:00 +0200
172952,29/04/2020 18:04:22 +0200
172952,29/04/2020 17:57:25 +0200
74984,29/04/2020 16:49:45 +0100
172952,29/04/2020 17:11:48 +0200
172952,29/04/2020 16:56:30 +0200
75060,29/04/2020 12:32:31 +0100
75060,29/04/2020 10:42:21 +0100
75059,29/04/2020 19:09:09 +1000
75049,29/04/2020 10:36:20 +0300
131642,28/04/2020 20:41:56 -0600
74773,29/04/2020 04:42:27 +0300
172952,29/04/2020 03:32:06 +0200
172952,29/04/2020 03:28:46 +0200
74962,29/04/2020 09:11:29 +0800
75060,29/04/2020 02:04:06 +0100
172952,29/04/2020 03:01:43 +0200
74773,29/04/2020 03:43:50 +0300
172952,29/04/2020 02:29:20 +0200
172952,29/04/2020 02:28:23 +0200
74109,29/04/2020 01:18:42 +0100
74545,29/04/2020 02:00:07 +0200
172952,29/04/2020 01:28:13 +0200
74112,28/04/2020 17:11:32 -0600
172952,29/04/2020 00:56:58 +0200
75011,29/04/2020 00:52:31 +0530
74115,28/04/2020 13:20:55 -0400
172952,28/04/2020 19:01:31 +0200
172952,28/04/2020 17:07:12 +0200
172952,28/04/2020 16:32:48 +0200
74900,28/04/2020 16:28:10 +0200
74900,28/04/2020 16:27:46 +0200
75060,28/04/2020 13:11:55 +0100
74773,28/04/2020 03:24:50 +0300
74773,28/04/2020 03:23:35 +0300
74900,27/04/2020 22:44:04 +0200
172952,27/04/2020 21:36:51 +0200
172952,27/04/2020 20:53:37 +0200
75060,27/04/2020 18:35:58 +0100
75060,27/04/2020 18:02:07 +0100
172952,27/04/2020 18:11:10 +0200
75037,27/04/2020 23:52:55 +0900
75060,27/04/2020 15:24:31 +0100
75060,27/04/2020 13:22:19 +0100
75060,27/04/2020 11:18:04 +0100
75049,27/04/2020 10:27:21 +0300
131642,26/04/2020 21:23:52 -0600
74136,26/04/2020 22:31:44 -0400
74960,26/04/2020 19:08:17 -0700
75055,26/04/2020 18:11:27 -0700
75049,26/04/2020 21:21:08 +0300
74140,26/04/2020 12:49:11 -0500
74141,25/04/2020 21:57:09 -0400
75049,25/04/2020 11:35:18 +0300
75049,25/04/2020 10:06:29 +0300
75049,25/04/2020 10:04:10 +0300
74148,25/04/2020 07:27:53 +0200
74960,24/04/2020 21:33:59 -0700
75008,24/04/2020 17:19:56 -0700
74148,25/04/2020 01:39:04 +0200
74149,24/04/2020 12:19:46 -0600
74773,24/04/2020 16:51:09 +0300
172952,24/04/2020 12:06:58 +0200
172952,24/04/2020 12:00:51 +0200
75055,24/04/2020 02:33:07 -0700
172952,24/04/2020 02:43:18 +0200
75060,24/04/2020 01:13:33 +0100
75060,24/04/2020 00:53:29 +0100
75008,23/04/2020 16:30:42 -0700
75008,23/04/2020 15:42:56 -0700
75049,23/04/2020 21:26:48 +0300
172952,23/04/2020 19:03:52 +0200
75037,24/04/2020 01:25:53 +0900
74773,23/04/2020 18:36:06 +0300
75060,23/04/2020 14:46:22 +0100
74164,23/04/2020 14:49:26 +0200
74773,23/04/2020 15:22:16 +0300
75060,23/04/2020 12:42:13 +0100
75060,23/04/2020 03:43:08 +0100
75060,23/04/2020 03:24:25 +0100
172952,23/04/2020 03:03:24 +0200
75060,23/04/2020 01:38:11 +0100
75060,23/04/2020 00:47:32 +0100
75060,23/04/2020 00:13:47 +0100
75060,23/04/2020 00:06:03 +0100
75060,22/04/2020 23:29:27 +0100
74769,22/04/2020 17:05:48 -0400
75064,22/04/2020 11:42:53 -0700
74398,22/04/2020 19:09:03 +0300
75031,22/04/2020 17:04:46 +0100
172952,22/04/2020 16:30:35 +0200
75056,22/04/2020 04:27:13 -0400
74181,22/04/2020 17:44:10 +1000
74545,22/04/2020 09:21:44 +0200
75056,21/04/2020 22:41:33 -0400
75055,21/04/2020 16:20:52 -0700
75055,21/04/2020 16:11:00 -0700
74995,21/04/2020 16:50:51 -0400
75060,21/04/2020 01:53:04 +0100
74769,20/04/2020 20:17:52 -0400
75055,20/04/2020 13:47:12 -0700
74190,21/04/2020 04:01:53 +0800
74684,20/04/2020 20:54:55 +0200
74962,21/04/2020 00:49:13 +0800
74248,20/04/2020 15:58:42 +0100
74263,20/04/2020 10:17:37 +0800
74398,19/04/2020 21:02:17 +0300
114651,19/04/2020 17:29:49 +0200
74197,19/04/2020 11:19:24 -0400
74995,19/04/2020 10:00:59 -0400
74199,19/04/2020 05:43:11 -0400
75055,19/04/2020 00:36:42 -0700
74385,18/04/2020 21:09:09 +0300
75011,18/04/2020 21:49:32 +0530
74683,18/04/2020 19:17:19 +0300
75049,18/04/2020 19:14:10 +0300
75049,18/04/2020 17:52:48 +0300
74268,18/04/2020 22:20:54 +0800
75049,18/04/2020 17:13:21 +0300
74263,18/04/2020 14:58:29 +0800
172952,17/04/2020 22:54:38 +0200
75049,17/04/2020 23:51:28 +0300
74352,17/04/2020 18:47:27 +0100
74352,17/04/2020 18:42:06 +0100
74684,17/04/2020 19:32:14 +0200
172952,17/04/2020 19:13:34 +0200
172952,17/04/2020 19:13:06 +0200
172952,17/04/2020 19:05:35 +0200
74352,17/04/2020 17:41:07 +0100
74218,17/04/2020 18:02:47 +0200
172952,17/04/2020 17:47:20 +0200
75029,17/04/2020 15:56:35 +0900
75055,16/04/2020 19:54:13 -0700
74222,16/04/2020 22:09:45 -0400
74223,17/04/2020 03:54:53 +0200
74398,16/04/2020 20:29:12 +0300
75055,16/04/2020 10:25:14 -0700
75038,16/04/2020 08:28:09 -0400
74683,16/04/2020 13:11:55 +0300
74852,16/04/2020 03:10:12 -0700
75038,15/04/2020 19:55:35 -0400
74960,15/04/2020 14:19:26 -0700
75049,15/04/2020 23:00:20 +0300
74232,15/04/2020 11:57:06 -0700
75038,15/04/2020 14:32:01 -0400
74773,15/04/2020 21:22:10 +0300
75038,15/04/2020 13:55:43 -0400
172952,15/04/2020 15:07:31 +0200
172952,15/04/2020 14:05:24 +0200
74960,14/04/2020 23:36:08 -0700
172952,15/04/2020 04:01:58 +0200
172952,15/04/2020 03:24:57 +0200
172952,15/04/2020 02:57:50 +0200
172952,15/04/2020 02:35:41 +0200
172952,15/04/2020 02:04:42 +0200
74291,14/04/2020 16:14:15 -0700
75060,14/04/2020 21:40:41 +0100
74398,14/04/2020 23:21:22 +0300
74545,14/04/2020 21:49:11 +0200
74248,14/04/2020 20:16:06 +0100
74398,14/04/2020 21:55:01 +0300
131642,14/04/2020 12:11:46 -0600
74962,15/04/2020 02:11:20 +0800
75037,15/04/2020 01:35:36 +0900
172952,14/04/2020 18:30:41 +0200
172952,14/04/2020 18:29:44 +0200
75037,15/04/2020 01:16:24 +0900
172952,14/04/2020 17:52:15 +0200
75037,14/04/2020 22:15:52 +0900
172952,14/04/2020 15:14:01 +0200
172952,14/04/2020 14:26:24 +0200
74291,13/04/2020 21:54:40 -0700
74291,13/04/2020 21:53:04 -0700
144876,13/04/2020 22:11:40 -0500
74263,14/04/2020 08:04:32 +0800
74398,14/04/2020 02:51:32 +0300
74265,14/04/2020 01:07:56 +0200
74398,14/04/2020 01:51:31 +0300
172952,14/04/2020 00:25:34 +0200
74268,14/04/2020 06:00:16 +0800
172952,13/04/2020 12:47:17 +0200
172952,13/04/2020 11:45:21 +0200
172952,13/04/2020 11:38:42 +0200
74424,12/04/2020 19:55:45 -0700
75060,13/04/2020 02:47:35 +0100
172952,13/04/2020 03:04:28 +0200
172952,12/04/2020 23:45:09 +0200
144876,12/04/2020 13:59:31 -0500
74773,12/04/2020 21:21:00 +0300
74278,12/04/2020 17:36:41 +0300
161038,12/04/2020 17:21:58 +0300
74280,12/04/2020 14:51:58 +0200
75049,12/04/2020 14:58:27 +0300
144876,11/04/2020 15:36:12 -0500
75049,11/04/2020 10:59:24 +0300
75049,11/04/2020 10:48:40 +0300
75060,11/04/2020 03:05:37 +0100
75060,11/04/2020 01:21:54 +0100
74398,10/04/2020 17:46:36 +0300
74291,09/04/2020 21:47:31 -0700
74291,09/04/2020 21:25:53 -0700
74398,10/04/2020 07:04:54 +0300
74291,09/04/2020 20:28:08 -0700
74798,09/04/2020 20:05:38 -0500
74293,09/04/2020 23:46:23 +0800
74962,09/04/2020 23:10:29 +0800
131642,09/04/2020 06:03:49 -0600
172952,08/04/2020 23:35:05 +0200
172952,08/04/2020 22:10:53 +0200
172952,08/04/2020 17:54:59 +0200
74299,08/04/2020 02:28:59 -0700
75049,08/04/2020 11:03:27 +0300
75049,08/04/2020 10:59:04 +0300
172952,08/04/2020 02:26:41 +0200
172952,08/04/2020 02:01:56 +0200
172952,08/04/2020 01:42:27 +0200
172952,08/04/2020 01:13:53 +0200
172952,08/04/2020 00:38:15 +0200
74398,08/04/2020 00:37:19 +0300
172952,07/04/2020 23:11:49 +0200
75008,07/04/2020 09:50:06 -0700
172952,07/04/2020 18:36:04 +0200
172952,07/04/2020 16:07:42 +0200
74864,07/04/2020 09:38:59 +0200
74313,07/04/2020 01:39:58 -0500
74447,07/04/2020 07:16:02 +0300
75060,06/04/2020 17:05:57 +0100
172952,06/04/2020 14:07:02 +0200
131642,06/04/2020 00:47:47 -0600
75055,05/04/2020 18:53:06 -0700
74908,05/04/2020 10:25:24 +0100
74398,05/04/2020 03:40:49 +0300
75049,05/04/2020 00:43:20 +0300
74398,05/04/2020 00:25:12 +0300
74962,05/04/2020 03:24:16 +0800
75049,04/04/2020 21:31:30 +0300
75055,04/04/2020 11:03:04 -0700
75031,04/04/2020 15:19:08 +0100
75039,04/04/2020 06:05:58 +0300
74328,03/04/2020 13:03:54 -0700
75060,03/04/2020 21:02:26 +0100
75060,03/04/2020 20:37:13 +0100
131642,03/04/2020 10:36:29 -0600
74776,03/04/2020 16:38:28 +0200
74424,03/04/2020 01:00:28 -0700
172952,03/04/2020 03:05:10 +0200
172952,03/04/2020 03:03:59 +0200
172952,03/04/2020 00:40:25 +0200
74337,02/04/2020 15:34:54 -0700
74338,02/04/2020 12:00:21 -0700
74962,03/04/2020 02:00:47 +0800
74962,02/04/2020 20:35:08 +0800
74995,01/04/2020 22:46:44 -0400
172952,02/04/2020 03:42:47 +0200
172952,02/04/2020 03:42:05 +0200
75037,02/04/2020 09:55:43 +0900
172952,02/04/2020 02:53:33 +0200
172952,02/04/2020 02:52:20 +0200
172952,02/04/2020 02:00:06 +0200
75060,02/04/2020 00:47:39 +0100
172952,01/04/2020 18:49:29 +0200
74350,01/04/2020 18:19:09 +0300
74432,01/04/2020 12:06:21 -0300
74352,01/04/2020 15:10:51 +0100
131642,01/04/2020 07:58:55 -0600
172952,01/04/2020 15:48:05 +0200
75049,01/04/2020 15:41:49 +0300
75031,01/04/2020 09:38:26 +0100
75060,01/04/2020 01:48:37 +0100
172952,01/04/2020 02:26:19 +0200
172952,01/04/2020 01:10:07 +0200
172952,01/04/2020 00:27:18 +0200
172952,31/03/2020 23:45:13 +0200
75049,31/03/2020 23:23:21 +0300
172952,31/03/2020 21:49:44 +0200
172952,31/03/2020 21:46:40 +0200
172952,31/03/2020 20:08:12 +0200
172952,31/03/2020 19:13:10 +0200
144876,31/03/2020 10:49:56 -0500
172952,31/03/2020 17:25:56 +0200
172952,31/03/2020 17:25:12 +0200
75037,31/03/2020 23:33:22 +0900
75037,31/03/2020 21:43:47 +0900
75031,31/03/2020 12:38:53 +0100
75060,31/03/2020 12:23:55 +0100
74374,30/03/2020 23:28:25 +0200
74375,30/03/2020 17:15:59 -0400
74798,30/03/2020 15:19:14 -0500
74430,30/03/2020 09:50:57 -0700
131642,30/03/2020 10:04:45 -0600
75037,30/03/2020 23:35:38 +0900
75012,30/03/2020 14:16:16 +0200
183833,29/03/2020 20:38:41 -0400
74398,29/03/2020 18:52:32 +0300
75037,29/03/2020 23:12:11 +0900
75046,28/03/2020 12:51:21 -0400
74385,28/03/2020 15:32:36 +0300
74545,27/03/2020 20:59:02 +0100
74995,27/03/2020 15:31:22 -0400
74388,27/03/2020 23:32:51 +0430
172952,27/03/2020 17:50:42 +0100
74960,27/03/2020 09:37:43 -0700
172952,27/03/2020 15:11:45 +0100
75037,27/03/2020 19:59:59 +0900
172952,26/03/2020 22:46:14 +0100
172952,26/03/2020 22:28:11 +0100
172952,26/03/2020 18:57:32 +0100
74396,26/03/2020 11:53:16 -0400
74397,26/03/2020 15:54:04 +0100
74398,26/03/2020 16:10:04 +0300
74432,26/03/2020 09:47:45 -0300
131642,26/03/2020 06:11:13 -0600
74798,25/03/2020 23:13:01 -0500
74402,26/03/2020 04:54:31 +0300
172952,25/03/2020 21:23:53 +0100
172952,25/03/2020 21:22:55 +0100
419079,25/03/2020 11:57:47 -0700
172952,25/03/2020 19:52:02 +0100
281053,25/03/2020 20:44:47 +0200
172952,25/03/2020 19:27:36 +0100
172952,25/03/2020 18:31:55 +0100
74798,24/03/2020 23:26:44 -0500
74432,24/03/2020 23:19:58 -0300
74432,24/03/2020 23:18:47 -0300
74430,24/03/2020 18:51:29 -0700
75037,25/03/2020 07:08:51 +0900
161244,24/03/2020 20:02:53 +0100
172952,24/03/2020 18:31:19 +0100
172952,24/03/2020 18:22:10 +0100
74890,24/03/2020 19:11:42 +0200
172952,24/03/2020 18:03:34 +0100
74654,24/03/2020 09:48:32 -0700
172952,24/03/2020 16:32:26 +0100
74701,24/03/2020 14:01:13 +0100
74423,23/03/2020 20:41:40 -0700
74424,23/03/2020 18:03:06 -0700
172952,24/03/2020 00:48:03 +0100
74900,23/03/2020 23:00:48 +0100
74900,23/03/2020 23:00:18 +0100
74430,23/03/2020 13:49:46 -0700
74429,24/03/2020 01:14:39 +0500
74430,23/03/2020 12:02:05 -0700
172952,23/03/2020 20:00:57 +0100
74432,23/03/2020 15:58:23 -0300
74900,23/03/2020 17:19:13 +0100
131642,23/03/2020 07:29:36 -0600
75049,22/03/2020 20:33:34 +0200
74436,22/03/2020 19:31:46 +0100
75037,23/03/2020 01:17:34 +0900
75049,22/03/2020 14:31:38 +0200
75049,21/03/2020 15:53:28 +0200
75049,21/03/2020 15:45:30 +0200
172952,20/03/2020 17:46:56 +0100
172952,20/03/2020 15:51:45 +0100
172952,20/03/2020 14:50:35 +0100
172952,20/03/2020 13:38:58 +0100
172952,20/03/2020 09:29:08 +0100
74962,20/03/2020 16:16:45 +0800
74447,20/03/2020 11:03:18 +0300
172952,20/03/2020 08:23:26 +0100
172952,19/03/2020 19:48:25 +0100
74908,19/03/2020 18:12:59 +0000
74962,20/03/2020 01:11:33 +0800
172952,19/03/2020 17:40:12 +0100
75037,20/03/2020 01:16:04 +0900
75058,19/03/2020 14:35:44 +0300
75058,19/03/2020 14:32:28 +0300
172952,19/03/2020 02:41:21 +0100
75060,18/03/2020 23:33:57 +0000
75060,18/03/2020 23:02:09 +0000
172952,18/03/2020 19:28:53 +0100
75037,19/03/2020 02:30:50 +0900
172952,18/03/2020 18:27:32 +0100
75037,18/03/2020 23:29:34 +0900
172952,18/03/2020 09:26:25 +0100
74464,18/03/2020 03:22:46 +0100
172952,18/03/2020 03:04:33 +0100
172952,18/03/2020 02:26:04 +0100
172952,18/03/2020 01:56:21 +0100
75049,17/03/2020 23:46:00 +0200
74852,17/03/2020 14:43:20 -0700
75049,17/03/2020 23:41:08 +0200
172952,17/03/2020 18:56:44 +0100
75037,18/03/2020 02:46:24 +0900
172952,17/03/2020 18:36:44 +0100
172952,17/03/2020 18:09:46 +0100
74475,17/03/2020 09:51:44 -0700
74798,17/03/2020 11:38:12 -0500
75049,17/03/2020 18:07:30 +0200
172952,17/03/2020 15:51:42 +0100
131642,17/03/2020 02:19:28 -0600
75064,17/03/2020 00:29:11 -0700
74962,17/03/2020 09:15:23 +0800
75037,17/03/2020 02:17:38 +0900
74962,17/03/2020 01:16:32 +0800
172952,16/03/2020 17:41:44 +0100
75037,17/03/2020 00:10:21 +0900
75037,16/03/2020 23:06:20 +0900
75037,16/03/2020 23:04:14 +0900
74962,16/03/2020 21:15:01 +0800
75058,16/03/2020 11:12:53 +0300
75058,15/03/2020 22:56:57 +0300
75058,15/03/2020 22:45:56 +0300
74962,16/03/2020 03:37:49 +0800
75058,15/03/2020 22:32:17 +0300
74494,15/03/2020 12:24:23 +0000
75060,15/03/2020 04:29:22 +0000
74496,14/03/2020 15:09:15 -0400
183833,14/03/2020 14:56:06 -0400
74498,14/03/2020 23:24:06 +0900
75037,14/03/2020 23:12:01 +0900
74500,14/03/2020 13:48:56 +0000
74962,14/03/2020 21:40:58 +0800
172695,14/03/2020 12:47:09 +0100
131642,14/03/2020 04:45:32 -0600
75029,14/03/2020 15:59:27 +0900
74505,14/03/2020 11:20:24 +0530
75029,14/03/2020 12:43:18 +0900
172952,13/03/2020 23:38:08 +0100
172952,13/03/2020 18:15:33 +0100
172952,13/03/2020 18:03:56 +0100
74833,13/03/2020 09:06:04 -0700
74511,13/03/2020 09:04:43 -0700
172952,13/03/2020 16:51:52 +0100
172952,13/03/2020 16:39:12 +0100
75037,13/03/2020 22:57:00 +0900
172952,13/03/2020 13:07:31 +0100
172952,13/03/2020 10:19:38 +0100
172952,12/03/2020 23:18:39 +0100
172952,12/03/2020 23:15:34 +0100
74701,12/03/2020 19:35:38 +0100
281276,12/03/2020 18:09:30 +0100
74521,12/03/2020 15:38:19 +0100
74798,12/03/2020 02:49:05 -0500
172952,12/03/2020 08:38:11 +0100
74833,11/03/2020 21:06:46 -0700
75060,12/03/2020 00:48:19 +0000
74526,11/03/2020 18:51:20 -0500
74527,11/03/2020 23:39:02 +0000
75031,11/03/2020 23:24:30 +0000
74962,12/03/2020 00:56:08 +0800
74962,12/03/2020 00:50:52 +0800
74962,12/03/2020 00:49:11 +0800
74962,12/03/2020 00:46:06 +0800
75049,11/03/2020 18:42:03 +0200
75011,11/03/2020 20:36:12 +0530
75031,11/03/2020 14:12:31 +0000
75012,11/03/2020 14:27:42 +0100
75031,11/03/2020 11:18:12 +0000
75029,11/03/2020 13:23:24 +0900
144876,10/03/2020 21:18:33 -0700
144876,10/03/2020 21:10:59 -0700
144876,10/03/2020 20:41:34 -0700
74798,10/03/2020 21:18:12 -0500
122603,11/03/2020 03:32:15 +0300
172952,10/03/2020 23:49:16 +0100
74545,10/03/2020 22:16:28 +0100
74546,10/03/2020 18:18:50 +0000
75049,10/03/2020 18:52:34 +0200
74959,10/03/2020 15:17:40 +0100
172952,10/03/2020 15:15:14 +0100
172952,10/03/2020 09:53:09 +0100
75037,10/03/2020 16:41:44 +0900
172952,10/03/2020 01:28:54 +0100
172952,10/03/2020 00:37:48 +0100
172952,09/03/2020 23:45:59 +0100
172952,09/03/2020 23:37:49 +0100
74695,09/03/2020 22:33:45 +0000
172952,09/03/2020 23:10:53 +0100
75049,10/03/2020 00:07:47 +0200
172952,09/03/2020 22:12:04 +0100
75046,09/03/2020 16:51:20 -0400
75058,09/03/2020 23:27:03 +0300
172952,09/03/2020 21:24:14 +0100
172952,09/03/2020 20:56:57 +0100
75049,09/03/2020 20:49:52 +0200
172952,09/03/2020 19:35:26 +0100
75049,09/03/2020 20:03:38 +0200
75049,09/03/2020 19:59:03 +0200
75060,09/03/2020 13:48:01 +0000
75049,09/03/2020 15:12:41 +0200
75049,09/03/2020 14:37:08 +0200
74767,09/03/2020 07:57:53 -0400
75046,09/03/2020 01:38:07 -0400
74573,08/03/2020 19:58:24 -0700
281020,08/03/2020 22:43:17 +0200
75046,08/03/2020 15:30:04 -0400
75046,08/03/2020 14:32:42 -0400
74577,08/03/2020 23:22:15 +0530
74798,08/03/2020 11:53:59 -0500
75049,08/03/2020 14:31:47 +0200
172952,08/03/2020 11:57:45 +0100
74833,07/03/2020 19:44:18 -0800
74833,07/03/2020 11:03:09 -0800
74833,07/03/2020 10:23:49 -0800
75060,07/03/2020 18:22:58 +0000
75060,07/03/2020 17:53:20 +0000
74798,07/03/2020 11:36:04 -0600
74798,07/03/2020 11:29:10 -0600
75049,07/03/2020 17:25:32 +0200
75031,07/03/2020 00:11:47 +0000
172952,07/03/2020 00:54:20 +0100
172952,07/03/2020 00:24:23 +0100
74798,06/03/2020 16:53:17 -0600
74593,06/03/2020 10:20:48 -0800
172952,06/03/2020 18:57:48 +0100
74833,06/03/2020 09:24:08 -0800
74798,06/03/2020 09:46:04 -0600
172952,06/03/2020 15:55:14 +0100
74598,06/03/2020 12:08:17 +0100
74798,06/03/2020 02:03:58 -0600
74833,05/03/2020 21:19:22 -0800
74798,05/03/2020 22:43:36 -0600
74798,05/03/2020 22:34:36 -0600
74603,06/03/2020 02:28:14 +0100
172952,05/03/2020 18:13:56 +0100
172952,05/03/2020 14:28:40 +0100
74606,04/03/2020 16:45:22 -0800
74607,04/03/2020 16:12:28 -0800
419079,04/03/2020 14:51:50 -0800
172952,04/03/2020 18:50:22 +0100
172952,04/03/2020 18:44:49 +0100
75058,04/03/2020 19:16:47 +0300
74798,04/03/2020 08:52:15 -0600
172952,04/03/2020 15:11:43 +0100
172952,04/03/2020 14:50:19 +0100
74798,04/03/2020 07:15:20 -0600
74616,04/03/2020 11:49:51 +0100
74833,03/03/2020 14:25:44 -0800
172952,03/03/2020 22:52:20 +0100
74619,03/03/2020 18:50:17 +0000
75049,03/03/2020 19:43:29 +0200
172952,03/03/2020 17:31:11 +0100
74776,03/03/2020 11:11:11 +0100
75060,03/03/2020 02:50:40 +0000
75058,03/03/2020 05:00:10 +0300
74625,03/03/2020 02:37:25 +0100
75031,03/03/2020 00:04:11 +0000
75060,02/03/2020 23:12:54 +0000
74701,02/03/2020 21:22:36 +0100
75049,02/03/2020 22:05:08 +0200
75058,02/03/2020 21:59:01 +0300
172952,02/03/2020 15:02:18 +0100
74632,02/03/2020 04:45:54 -0800
74633,02/03/2020 13:25:10 +0100
75029,02/03/2020 18:54:49 +0900
74908,02/03/2020 08:57:27 +0000
75049,02/03/2020 08:42:39 +0200
74637,02/03/2020 01:39:50 -0500
74852,01/03/2020 22:33:24 -0800
74962,02/03/2020 14:28:44 +0800
75060,02/03/2020 03:14:06 +0000
74798,01/03/2020 15:26:43 -0600
74683,02/03/2020 00:01:34 +0300
74721,01/03/2020 21:49:14 +0100
75058,01/03/2020 23:12:17 +0300
75058,01/03/2020 23:07:22 +0300
74728,01/03/2020 20:59:26 +0100
74701,29/02/2020 22:39:23 +0100
74648,29/02/2020 13:31:58 -0700
74701,29/02/2020 20:07:48 +0100
74701,29/02/2020 19:43:42 +0100
75038,29/02/2020 10:34:11 -0600
74652,29/02/2020 17:55:22 +0530
74653,29/02/2020 12:22:19 +0400
74654,28/02/2020 17:28:37 -0800
75031,29/02/2020 00:21:46 +0000
74852,28/02/2020 15:25:36 -0800
75046,28/02/2020 14:59:16 -0500
75046,28/02/2020 13:22:55 -0500
75063,28/02/2020 14:26:27 +0000
74960,28/02/2020 02:05:02 -0500
74798,27/02/2020 20:44:52 -0600
74960,27/02/2020 18:08:30 -0500
74663,28/02/2020 04:01:47 +0800
75029,27/02/2020 13:48:59 +0900
75052,27/02/2020 00:15:12 +0200
74833,26/02/2020 12:01:48 -0800
74960,26/02/2020 14:21:41 -0500
74668,26/02/2020 16:33:57 +0200
74769,26/02/2020 02:00:35 -0500
75029,26/02/2020 15:04:39 +0900
74900,26/02/2020 01:31:04 +0100
74900,26/02/2020 01:30:02 +0100
75031,25/02/2020 20:07:00 +0000
74900,25/02/2020 13:21:47 +0100
74833,24/02/2020 19:47:34 -0800
74690,25/02/2020 06:19:03 +0300
74767,24/02/2020 09:59:40 -0500
75056,24/02/2020 08:00:58 -0500
74701,24/02/2020 12:24:43 +0100
74701,24/02/2020 11:15:26 +0100
74798,24/02/2020 00:40:43 -0600
281276,24/02/2020 04:14:53 +0100
74683,24/02/2020 05:00:40 +0300
74684,23/02/2020 23:33:53 +0100
74701,23/02/2020 14:36:54 +0100
75049,23/02/2020 13:21:29 +0200
74704,22/02/2020 23:26:02 +0530
74688,22/02/2020 15:11:48 +0200
74701,21/02/2020 21:27:37 +0100
74690,21/02/2020 20:57:26 +0300
74981,21/02/2020 11:47:41 +0100
74692,21/02/2020 17:33:04 +0800
74693,21/02/2020 12:17:50 +0300
74892,21/02/2020 08:48:36 +0000
74695,21/02/2020 05:53:12 +0000
74798,20/02/2020 22:51:47 -0600
74701,21/02/2020 01:52:47 +0100
75031,20/02/2020 22:24:44 +0000
74701,20/02/2020 19:08:53 +0100
74701,20/02/2020 19:07:31 +0100
74701,20/02/2020 14:39:14 +0100
74704,19/02/2020 23:51:37 +0530
172952,19/02/2020 14:23:47 +0100
74704,19/02/2020 10:03:05 +0530
74938,18/02/2020 18:01:15 -0500
172952,18/02/2020 16:28:53 +0100
75012,18/02/2020 16:13:17 +0100
74708,18/02/2020 14:14:46 +0100
74962,18/02/2020 19:17:39 +0800
74710,18/02/2020 04:48:57 -0500
74938,17/02/2020 21:47:52 -0500
74962,17/02/2020 21:50:35 +0800
74962,17/02/2020 21:49:26 +0800
74962,17/02/2020 21:41:15 +0800
75037,17/02/2020 19:09:15 +0900
74962,17/02/2020 17:18:19 +0800
74962,17/02/2020 17:11:34 +0800
74767,17/02/2020 04:05:11 -0500
75049,17/02/2020 11:03:00 +0200
74767,16/02/2020 14:17:58 -0500
74721,16/02/2020 19:09:26 +0100
75063,14/02/2020 22:02:13 +0000
75037,14/02/2020 16:50:19 +0900
75037,14/02/2020 16:48:12 +0900
74798,13/02/2020 22:42:56 -0600
74726,14/02/2020 03:09:11 +0000
75049,14/02/2020 01:57:35 +0200
74728,13/02/2020 20:53:29 +0100
74729,14/02/2020 04:32:09 +1000
75037,14/02/2020 02:37:17 +0900
74833,13/02/2020 09:34:45 -0800
74732,13/02/2020 00:15:38 -0800
74812,12/02/2020 23:47:42 -0800
74798,12/02/2020 22:53:01 -0600
172952,12/02/2020 23:55:09 +0100
172952,12/02/2020 23:54:31 +0100
172952,12/02/2020 22:54:42 +0100
172952,12/02/2020 22:32:34 +0100
75049,12/02/2020 22:37:49 +0200
74936,12/02/2020 11:56:02 -0800
172952,12/02/2020 13:02:29 +0100
75049,12/02/2020 12:18:59 +0200
75049,12/02/2020 12:17:00 +0200
75049,12/02/2020 12:11:34 +0200
144876,11/02/2020 19:36:14 -0800
75038,11/02/2020 21:58:47 -0500
74798,11/02/2020 20:28:35 -0600
74748,11/02/2020 20:20:05 -0500
75031,11/02/2020 17:32:52 +0000
172952,11/02/2020 17:50:10 +0100
75012,11/02/2020 17:46:57 +0100
172952,11/02/2020 14:29:33 +0100
74962,11/02/2020 05:16:38 -0600
74760,10/02/2020 22:56:02 -0800
75046,10/02/2020 20:08:58 -0500
172952,11/02/2020 00:58:23 +0100
74757,10/02/2020 15:51:01 -0800
281320,10/02/2020 23:32:18 +0000
74759,10/02/2020 14:51:01 -0800
74760,10/02/2020 14:50:19 -0800
74761,10/02/2020 13:15:34 -0800
74762,10/02/2020 21:17:54 +0100
74763,10/02/2020 17:13:41 -0300
172952,10/02/2020 20:41:26 +0100
74765,10/02/2020 10:47:17 -0700
173175,10/02/2020 15:26:40 +0200
74767,10/02/2020 04:48:40 -0500
74768,09/02/2020 16:57:46 -0800
74769,09/02/2020 03:16:43 -0500
75037,09/02/2020 08:45:52 +0900
74812,07/02/2020 16:48:06 -0800
108479,07/02/2020 15:46:29 -0800
74773,08/02/2020 00:36:32 +0100
172952,07/02/2020 23:42:51 +0100
172952,07/02/2020 23:18:08 +0100
74776,07/02/2020 18:56:16 +0100
172952,07/02/2020 12:05:12 +0100
172952,07/02/2020 11:22:54 +0100
172952,07/02/2020 11:18:33 +0100
172952,07/02/2020 09:20:22 +0100
172952,07/02/2020 09:17:07 +0100
172952,07/02/2020 03:37:06 +0100
172952,07/02/2020 03:04:21 +0100
172952,07/02/2020 02:24:48 +0100
74810,07/02/2020 02:15:12 +0100
172952,07/02/2020 01:53:23 +0100
172952,07/02/2020 01:43:25 +0100
172952,07/02/2020 01:24:29 +0100
172952,07/02/2020 00:38:59 +0100
74858,06/02/2020 23:16:48 +0100
172952,06/02/2020 23:03:01 +0100
172952,06/02/2020 22:41:34 +0100
74793,06/02/2020 06:54:05 -0800
75012,06/02/2020 15:48:27 +0100
74833,06/02/2020 06:45:46 -0800
75049,06/02/2020 10:26:37 +0200
75031,06/02/2020 15:48:10 +1100
74798,05/02/2020 15:09:57 -0600
74852,05/02/2020 12:43:09 -0800
172952,05/02/2020 18:24:33 +0100
74801,05/02/2020 18:20:52 +0100
172952,05/02/2020 17:39:57 +0100
172952,05/02/2020 15:10:39 +0100
172952,05/02/2020 14:24:17 +0100
172952,05/02/2020 13:12:19 +0100
172952,05/02/2020 12:23:27 +0100
172952,05/02/2020 12:18:28 +0100
74808,05/02/2020 16:16:58 +0800
131642,04/02/2020 20:13:00 -0700
74810,05/02/2020 02:10:19 +0100
75059,05/02/2020 11:30:19 +1100
74812,04/02/2020 16:15:00 -0800
172952,05/02/2020 01:11:10 +0100
74814,05/02/2020 01:10:16 +0100
74815,04/02/2020 22:25:16 +0100
74816,04/02/2020 16:24:30 +0100
172952,04/02/2020 13:42:13 +0100
74818,04/02/2020 02:29:25 -0800
74979,04/02/2020 08:05:25 +0000
74820,03/02/2020 14:11:19 -0300
172952,03/02/2020 17:55:05 +0100
74822,03/02/2020 17:47:20 +0100
172952,03/02/2020 17:28:26 +0100
172952,03/02/2020 15:17:15 +0100
75029,03/02/2020 19:03:34 +0900
74826,03/02/2020 02:06:50 -0500
74827,02/02/2020 19:55:21 +0100
74995,02/02/2020 07:49:00 -0500
74908,02/02/2020 11:37:02 +0000
174535,01/02/2020 13:45:34 -0700
74831,01/02/2020 04:31:00 -0800
75052,01/02/2020 13:12:52 +0200
74833,01/02/2020 03:08:34 -0800
172952,01/02/2020 02:30:25 +0100
172952,01/02/2020 01:25:59 +0100
74995,31/01/2020 15:07:09 -0500
74858,31/01/2020 10:50:14 +0100
131642,30/01/2020 18:55:42 -0700
74962,30/01/2020 17:20:25 -0600
172952,30/01/2020 15:47:53 +0100
75037,30/01/2020 22:23:15 +0900
172952,30/01/2020 13:09:11 +0100
172952,30/01/2020 12:20:48 +0100
172952,30/01/2020 12:18:32 +0100
74845,30/01/2020 11:26:22 +0100
174535,30/01/2020 02:39:26 -0700
172952,30/01/2020 09:56:40 +0100
172952,30/01/2020 09:02:49 +0100
172952,30/01/2020 09:02:14 +0100
172952,30/01/2020 09:01:07 +0100
174535,29/01/2020 21:12:53 -0700
74852,29/01/2020 18:52:36 -0800
74853,29/01/2020 23:23:50 -0300
172952,29/01/2020 19:22:11 +0100
74979,29/01/2020 16:24:54 +0000
74939,29/01/2020 16:43:37 +0100
172952,29/01/2020 15:23:29 +0100
74858,29/01/2020 14:10:54 +0100
74859,29/01/2020 07:20:53 -0400
74860,29/01/2020 09:09:24 +0200
75031,29/01/2020 13:46:33 +1100
74921,28/01/2020 13:24:12 -0800
74863,28/01/2020 12:53:32 +0000
74864,28/01/2020 13:47:03 +0100
74865,28/01/2020 05:34:23 -0500
75029,28/01/2020 19:12:31 +0900
131642,28/01/2020 02:42:43 -0700
74868,28/01/2020 10:41:50 +0100
172952,28/01/2020 03:37:45 +0100
75055,27/01/2020 18:31:46 -0800
74871,27/01/2020 16:50:37 -0800
75046,27/01/2020 18:41:18 -0500
172952,27/01/2020 23:24:13 +0100
172952,27/01/2020 23:23:12 +0100
74938,27/01/2020 17:15:56 -0500
74921,27/01/2020 14:04:56 -0800
172952,27/01/2020 22:37:44 +0100
172952,27/01/2020 22:37:05 +0100
172952,27/01/2020 18:06:42 +0100
75037,28/01/2020 02:04:25 +0900
74943,28/01/2020 02:05:03 +1000
75037,28/01/2020 00:02:23 +0900
74979,27/01/2020 14:55:56 +0000
74979,27/01/2020 14:11:19 +0000
74885,27/01/2020 04:08:39 -0800
74984,27/01/2020 09:57:45 +0000
75011,27/01/2020 12:18:15 +0530
75055,25/01/2020 20:21:17 -0800
74889,26/01/2020 10:07:40 +0800
74890,26/01/2020 00:18:58 +0200
74891,26/01/2020 03:23:00 +0800
74892,25/01/2020 18:49:58 +0000
74893,25/01/2020 16:44:46 +0100
74894,25/01/2020 09:08:13 -0600
74900,25/01/2020 14:52:44 +0100
74900,25/01/2020 14:52:06 +0100
74897,25/01/2020 07:53:54 -0300
74898,25/01/2020 04:17:47 -0600
74938,25/01/2020 04:00:54 -0500
74900,24/01/2020 22:05:07 +0100
75049,24/01/2020 19:55:52 +0200
172952,24/01/2020 18:05:24 +0100
74903,24/01/2020 14:51:16 +0000
75011,24/01/2020 18:44:29 +0530
172952,24/01/2020 14:05:48 +0100
172952,24/01/2020 11:53:44 +0100
74960,24/01/2020 05:35:01 -0500
74908,24/01/2020 10:03:22 +0000
172952,24/01/2020 10:22:18 +0100
74910,24/01/2020 08:38:33 +0000
74986,24/01/2020 05:14:14 -0300
75060,23/01/2020 21:01:50 +0000
74913,23/01/2020 23:39:21 +0530
75060,23/01/2020 15:29:52 +0000
75060,23/01/2020 14:07:05 +0000
74984,23/01/2020 09:25:17 +0000
75046,22/01/2020 23:55:07 -0500
131642,22/01/2020 20:54:30 -0700
74919,22/01/2020 21:24:16 -0500
75060,23/01/2020 01:03:04 +0000
74921,22/01/2020 16:42:38 -0800
74922,22/01/2020 18:28:31 -0500
75037,23/01/2020 06:59:43 +0900
172952,22/01/2020 22:48:16 +0100
172952,22/01/2020 21:53:26 +0100
172952,22/01/2020 21:11:17 +0100
172952,22/01/2020 20:44:22 +0100
75037,23/01/2020 02:36:54 +0900
75029,22/01/2020 19:01:24 +0900
75037,22/01/2020 11:49:30 +0900
74931,21/01/2020 13:14:13 -0600
172952,21/01/2020 19:25:32 +0100
172952,21/01/2020 16:13:09 +0100
172952,21/01/2020 12:48:16 +0100
172952,21/01/2020 12:47:29 +0100
74936,21/01/2020 03:25:24 -0800
172952,21/01/2020 11:14:10 +0100
74938,21/01/2020 05:11:26 -0500
74939,21/01/2020 01:41:17 +0100
74940,21/01/2020 00:22:56 +0100
75052,21/01/2020 00:49:30 +0200
75052,21/01/2020 00:46:38 +0200
74943,21/01/2020 08:21:35 +1000
75029,20/01/2020 13:54:00 +0900
75029,20/01/2020 12:45:50 +0900
131642,19/01/2020 15:38:37 -0700
74947,19/01/2020 04:29:42 -0600
75060,18/01/2020 03:14:59 +0000
75060,17/01/2020 23:44:38 +0000
74950,17/01/2020 14:54:44 -0800
172952,17/01/2020 15:17:48 +0100
172952,17/01/2020 13:50:39 +0100
172952,16/01/2020 15:33:30 +0100
74954,16/01/2020 15:09:19 +0100
172952,16/01/2020 11:02:51 +0100
172952,16/01/2020 10:24:16 +0100
74957,16/01/2020 00:55:13 +0100
74958,15/01/2020 17:51:54 -0500
74959,15/01/2020 21:12:42 +0100
74960,15/01/2020 11:48:40 -0500
172952,15/01/2020 17:38:55 +0100
74962,16/01/2020 00:32:51 +0800
172952,15/01/2020 11:23:25 +0100
74964,15/01/2020 01:50:57 -0800
75011,15/01/2020 15:19:49 +0530
75060,14/01/2020 22:32:55 +0000
75037,15/01/2020 06:42:09 +0900
75063,14/01/2020 20:49:30 +0000
74969,14/01/2020 21:47:59 +0100
74970,14/01/2020 13:47:26 -0600
74971,14/01/2020 18:57:04 +0100
75060,14/01/2020 17:38:15 +0000
75060,14/01/2020 12:06:45 +0000
74974,14/01/2020 12:58:29 +0100
74984,14/01/2020 10:12:45 +0000
75037,14/01/2020 16:49:59 +0900
75059,14/01/2020 17:40:10 +1100
75037,14/01/2020 04:34:34 +0900
74979,13/01/2020 19:11:34 +0000
172952,13/01/2020 18:46:59 +0100
74981,13/01/2020 17:30:14 +0100
75011,13/01/2020 20:09:36 +0530
172952,13/01/2020 14:57:14 +0100
74984,13/01/2020 12:51:26 +0000
75060,13/01/2020 12:25:05 +0000
74986,13/01/2020 08:58:52 -0300
172952,13/01/2020 12:44:35 +0100
174535,13/01/2020 03:35:47 -0700
74989,12/01/2020 22:31:49 +0000
75058,13/01/2020 01:13:31 +0300
281053,12/01/2020 22:53:00 +0200
75058,12/01/2020 23:38:53 +0300
74993,12/01/2020 17:41:49 +0000
172952,12/01/2020 12:57:47 +0100
74995,12/01/2020 06:02:50 -0500
74996,12/01/2020 19:04:14 +1000
75063,12/01/2020 08:54:00 +0000
172952,12/01/2020 02:15:42 +0100
75037,12/01/2020 02:39:15 +0900
75038,11/01/2020 10:37:28 -0500
75037,12/01/2020 00:07:36 +0900
75011,11/01/2020 10:46:30 +0530
75063,10/01/2020 19:37:48 +0000
75037,11/01/2020 01:31:43 +0900
75037,10/01/2020 23:34:05 +0900
75060,10/01/2020 09:24:22 +0000
75049,10/01/2020 10:12:55 +0200
75008,09/01/2020 11:18:47 -0800
281276,09/01/2020 18:07:32 +0100
75031,09/01/2020 09:00:29 -0800
75011,09/01/2020 19:11:46 +0530
75012,09/01/2020 13:05:18 +0100
174535,09/01/2020 09:14:11 +0000
174535,09/01/2020 09:12:12 +0000
174535,09/01/2020 06:27:52 +0000
174535,09/01/2020 02:48:52 +0000
174535,09/01/2020 02:46:55 +0000
172952,08/01/2020 21:03:45 +0100
75019,09/01/2020 02:28:14 +0800
75037,09/01/2020 00:29:34 +0900
75060,08/01/2020 13:00:14 +0000
174535,08/01/2020 12:52:44 +0000
75037,08/01/2020 02:30:55 +0900
75037,08/01/2020 02:28:10 +0900
75025,07/01/2020 08:40:23 -0800
172952,07/01/2020 15:00:02 +0100
75052,07/01/2020 15:23:01 +0200
75029,07/01/2020 16:58:40 +0900
75029,07/01/2020 15:52:44 +0900
75032,06/01/2020 16:04:43 -0600
75031,06/01/2020 13:23:10 -0800
75032,06/01/2020 13:53:36 -0600
75033,06/01/2020 08:57:34 -0800
75060,06/01/2020 15:59:09 +0000
75035,06/01/2020 15:18:16 +0000
75038,06/01/2020 07:59:36 -0500
75037,06/01/2020 19:46:04 +0900
75038,05/01/2020 22:32:19 -0500
75039,06/01/2020 01:51:48 +0200
75040,05/01/2020 22:39:38 +0000
75041,05/01/2020 16:20:29 -0600
75042,05/01/2020 23:08:14 +0100
75060,05/01/2020 18:52:39 +0000
75060,05/01/2020 17:30:53 +0000
75064,05/01/2020 12:03:56 -0500
75046,05/01/2020 11:23:58 -0500
75049,05/01/2020 14:15:50 +0200
75049,05/01/2020 14:15:27 +0200
75049,05/01/2020 14:14:31 +0200
75064,04/01/2020 20:57:21 -0500
75059,04/01/2020 23:56:31 +1100
75052,04/01/2020 11:10:14 +0200
131642,03/01/2020 05:16:12 -0700
75054,03/01/2020 13:10:16 +0100
75055,02/01/2020 22:21:18 -0700
75056,02/01/2020 22:28:37 -0500
144876,02/01/2020 18:56:34 -0800
75058,02/01/2020 21:20:04 +0300
75059,03/01/2020 04:32:55 +1100
75060,02/01/2020 11:38:44 +0000
75061,01/01/2020 19:26:33 -0300
75062,01/01/2020 23:21:43 +0100
75063,01/01/2020 19:32:11 +0000
75064,01/01/2020 01:11:16 -0500
