172764,31/12/2020 18:06:24 +0100
172764,31/12/2020 18:05:50 +0100
174913,31/12/2020 09:04:05 -0700
172764,31/12/2020 16:47:59 +0100
172764,31/12/2020 14:18:20 +0100
172764,31/12/2020 14:05:28 +0100
172764,31/12/2020 09:47:03 +0100
172708,30/12/2020 14:45:46 +0000
172764,30/12/2020 12:07:18 +0100
172764,30/12/2020 11:19:04 +0100
172764,30/12/2020 09:49:26 +0100
172764,29/12/2020 17:43:13 +0100
174913,29/12/2020 07:29:12 -0700
174910,29/12/2020 14:50:31 +0100
174794,29/12/2020 21:58:43 +0900
174910,29/12/2020 12:52:51 +0000
174910,29/12/2020 12:51:09 +0000
172764,28/12/2020 16:03:12 +0100
174822,27/12/2020 17:25:56 -0800
174913,26/12/2020 15:38:07 -0700
174910,26/12/2020 23:13:31 +0100
174910,26/12/2020 22:01:40 +0000
172764,26/12/2020 20:40:09 +0100
172764,26/12/2020 20:39:44 +0100
174746,26/12/2020 11:57:31 -0500
172764,25/12/2020 23:01:31 +0100
172764,25/12/2020 23:01:10 +0100
172764,25/12/2020 23:00:47 +0100
172764,25/12/2020 21:05:10 +0100
172764,25/12/2020 20:48:06 +0100
172764,25/12/2020 20:32:13 +0100
172764,25/12/2020 18:07:25 +0100
172733,24/12/2020 22:23:15 -0700
174913,24/12/2020 09:42:07 -0700
174910,24/12/2020 15:47:42 +0000
173755,24/12/2020 13:33:50 +0200
174052,24/12/2020 16:53:09 +0530
172764,24/12/2020 11:52:34 +0100
173581,24/12/2020 09:15:43 +0530
173581,24/12/2020 09:12:23 +0530
174746,23/12/2020 20:49:32 -0500
174746,23/12/2020 19:58:30 -0500
174746,23/12/2020 17:54:31 -0500
174910,23/12/2020 22:17:56 +0100
174822,23/12/2020 12:17:27 -0800
174905,23/12/2020 13:54:35 +0300
173581,23/12/2020 16:08:18 +0530
174910,23/12/2020 10:36:21 +0000
173581,23/12/2020 05:51:34 +0530
174822,22/12/2020 09:26:04 -0800
173581,22/12/2020 08:10:53 +0530
172778,21/12/2020 11:54:12 -0800
172778,21/12/2020 11:48:55 -0800
172778,21/12/2020 11:27:25 -0800
174822,20/12/2020 23:52:13 -0800
174746,21/12/2020 00:37:21 -0500
174822,20/12/2020 20:36:42 -0800
174822,20/12/2020 20:31:16 -0800
174822,20/12/2020 15:54:28 -0800
174822,20/12/2020 14:56:36 -0800
174822,20/12/2020 14:30:26 -0800
174822,20/12/2020 13:41:04 -0800
174746,20/12/2020 16:07:39 -0500
174822,20/12/2020 12:09:57 -0800
174683,20/12/2020 14:38:15 -0500
174910,20/12/2020 17:10:20 +0000
174822,19/12/2020 20:34:48 -0800
174746,19/12/2020 18:28:36 -0500
174746,19/12/2020 17:33:56 -0500
174729,19/12/2020 23:28:52 +0100
174746,19/12/2020 16:52:13 -0500
174746,19/12/2020 16:36:48 -0500
174794,19/12/2020 16:40:00 +0900
174794,19/12/2020 15:00:23 +0900
174822,18/12/2020 21:23:53 -0800
172806,18/12/2020 19:29:04 -0800
174794,18/12/2020 21:34:03 +0900
174794,18/12/2020 21:24:16 +0900
174794,18/12/2020 21:24:00 +0900
174794,18/12/2020 21:20:56 +0900
173755,18/12/2020 13:52:44 +0200
173755,18/12/2020 13:50:46 +0200
173755,18/12/2020 13:49:36 +0200
174868,18/12/2020 17:54:59 +1100
174868,18/12/2020 17:30:20 +1100
174868,18/12/2020 16:59:09 +1100
174868,18/12/2020 16:55:16 +1100
174868,18/12/2020 16:32:48 +1100
174729,16/12/2020 23:53:24 +0100
174916,16/12/2020 17:43:32 +0000
174794,16/12/2020 21:36:53 +0900
174757,15/12/2020 20:11:20 -0500
174757,15/12/2020 19:52:17 -0500
174757,15/12/2020 19:16:55 -0500
174757,15/12/2020 18:52:35 -0500
174757,15/12/2020 18:52:11 -0500
174757,15/12/2020 18:51:25 -0500
174910,15/12/2020 10:57:31 +0000
174746,14/12/2020 18:59:02 -0500
174758,14/12/2020 19:48:09 +0100
173581,14/12/2020 23:31:00 +0530
174746,13/12/2020 15:08:09 -0500
174582,13/12/2020 18:13:25 +0100
174746,13/12/2020 11:30:24 -0500
174746,13/12/2020 09:31:38 -0500
174822,13/12/2020 02:49:57 -0800
174910,13/12/2020 10:33:04 +0000
174758,13/12/2020 08:43:00 +0100
174746,12/12/2020 21:11:44 -0500
174910,12/12/2020 20:24:40 +0000
174910,12/12/2020 20:21:21 +0000
174913,11/12/2020 15:41:57 -0700
174746,11/12/2020 10:38:06 -0500
174746,11/12/2020 09:40:21 -0500
172825,11/12/2020 14:57:39 +0100
174913,10/12/2020 20:01:39 -0700
172845,10/12/2020 16:44:04 +0100
172845,10/12/2020 14:13:36 +0100
172845,10/12/2020 14:07:47 +0100
174822,08/12/2020 21:02:44 -0800
174913,08/12/2020 19:40:14 -0700
174913,08/12/2020 19:34:56 -0700
174913,08/12/2020 17:46:00 -0700
174913,07/12/2020 21:43:14 -0700
174729,08/12/2020 01:05:21 +0100
281349,07/12/2020 14:52:29 -0800
174905,07/12/2020 19:41:36 +0300
174729,07/12/2020 11:03:45 +0100
174913,06/12/2020 21:27:23 -0700
174913,06/12/2020 19:26:35 -0700
174729,06/12/2020 10:24:24 +0100
172860,06/12/2020 02:05:31 +0100
174756,05/12/2020 17:14:20 -0500
174822,04/12/2020 09:55:06 -0800
174913,03/12/2020 19:58:54 -0700
174757,03/12/2020 21:50:50 -0500
174910,03/12/2020 21:49:07 +0000
174868,03/12/2020 19:43:39 +1100
174868,03/12/2020 17:42:08 +1100
174913,02/12/2020 19:59:48 -0700
174822,02/12/2020 16:55:00 -0800
174729,02/12/2020 22:13:10 +0100
174794,02/12/2020 21:29:13 +0900
174746,02/12/2020 04:31:35 -0500
174868,02/12/2020 13:53:58 +1100
174754,01/12/2020 23:00:44 +1100
174868,01/12/2020 21:29:53 +1100
174746,01/12/2020 05:01:51 -0500
174868,01/12/2020 18:53:36 +1100
174913,30/11/2020 20:29:24 -0700
174868,01/12/2020 14:11:57 +1100
174868,01/12/2020 12:25:49 +1100
174868,01/12/2020 12:16:29 +1100
174868,01/12/2020 11:27:47 +1100
174868,01/12/2020 11:26:28 +1100
174729,30/11/2020 10:40:57 +0100
174729,30/11/2020 10:34:43 +0100
174729,30/11/2020 10:29:19 +0100
174757,30/11/2020 00:04:27 -0500
174910,29/11/2020 19:42:17 +0000
174746,29/11/2020 13:21:23 -0500
174746,29/11/2020 10:56:12 -0500
174910,29/11/2020 15:40:09 +0000
174746,29/11/2020 10:19:16 -0500
174910,29/11/2020 12:44:55 +0000
174822,29/11/2020 03:41:02 -0800
174746,29/11/2020 01:13:19 -0500
174746,29/11/2020 00:57:34 -0500
174757,29/11/2020 00:27:52 -0500
174746,29/11/2020 00:00:13 -0500
174746,28/11/2020 23:20:26 -0500
174746,28/11/2020 18:12:27 -0500
174822,28/11/2020 14:10:15 -0800
174822,28/11/2020 14:06:09 -0800
174822,28/11/2020 13:59:01 -0800
174916,28/11/2020 17:09:03 +0000
174822,28/11/2020 08:24:43 -0800
174916,28/11/2020 15:56:12 +0000
174910,28/11/2020 13:47:50 +0000
174910,28/11/2020 13:45:30 +0000
174910,28/11/2020 13:37:34 +0000
174910,28/11/2020 13:36:43 +0000
174910,28/11/2020 13:31:43 +0000
174729,28/11/2020 11:49:00 +0100
174794,28/11/2020 13:39:34 +0900
174757,27/11/2020 15:10:50 -0500
174746,27/11/2020 12:48:36 -0500
174729,27/11/2020 14:36:15 +0100
174746,27/11/2020 07:20:45 -0500
174729,27/11/2020 12:27:17 +0100
174746,27/11/2020 04:22:46 -0500
172919,27/11/2020 03:52:49 -0500
174822,26/11/2020 22:55:27 -0800
174822,26/11/2020 20:32:10 -0800
174822,26/11/2020 19:23:47 -0800
174910,26/11/2020 23:06:54 +0000
174822,26/11/2020 12:58:08 -0800
174916,26/11/2020 16:31:47 +0000
174916,26/11/2020 13:30:34 +0000
172928,26/11/2020 16:20:32 +0300
174794,26/11/2020 20:43:31 +0900
174822,25/11/2020 23:55:37 -0800
174822,25/11/2020 23:49:16 -0800
172932,25/11/2020 19:16:35 -0800
172934,25/11/2020 23:49:57 +0100
174910,25/11/2020 22:37:27 +0000
174746,25/11/2020 17:26:27 -0500
174757,25/11/2020 14:34:07 -0500
174916,25/11/2020 18:47:55 +0000
174913,25/11/2020 11:18:34 -0700
174729,25/11/2020 18:30:16 +0100
174757,25/11/2020 12:24:58 -0500
174910,25/11/2020 13:10:07 +0000
174910,25/11/2020 13:01:07 +0000
174910,25/11/2020 12:36:34 +0000
174910,25/11/2020 12:30:53 +0000
174910,25/11/2020 12:24:53 +0000
174910,25/11/2020 12:22:27 +0000
174868,25/11/2020 23:05:34 +1100
174746,25/11/2020 06:11:18 -0500
174746,25/11/2020 06:10:25 -0500
174746,25/11/2020 05:54:49 -0500
174746,25/11/2020 05:53:40 -0500
172952,25/11/2020 11:41:15 +0100
174746,25/11/2020 05:39:58 -0500
174746,25/11/2020 04:39:41 -0500
174746,25/11/2020 03:28:55 -0500
174746,25/11/2020 03:24:18 -0500
174746,25/11/2020 02:45:56 -0500
174913,24/11/2020 20:15:08 -0700
174913,24/11/2020 20:05:43 -0700
174746,24/11/2020 20:24:23 -0500
174910,24/11/2020 23:33:34 +0000
174916,24/11/2020 19:37:51 +0000
174537,24/11/2020 18:08:38 +0100
174537,24/11/2020 17:49:32 +0100
174916,24/11/2020 16:29:29 +0000
172966,24/11/2020 16:16:14 +0800
174916,22/11/2020 11:40:51 +0000
174913,21/11/2020 20:06:30 -0700
174913,21/11/2020 19:55:01 -0700
174913,21/11/2020 19:26:47 -0700
174916,22/11/2020 02:03:38 +0000
174916,22/11/2020 01:31:29 +0000
174913,21/11/2020 18:25:44 -0700
174913,21/11/2020 16:58:41 -0700
172976,22/11/2020 02:34:03 +0300
174913,21/11/2020 15:00:55 -0700
174913,21/11/2020 14:38:22 -0700
172979,21/11/2020 22:15:44 +0100
174537,21/11/2020 19:08:56 +0100
174537,21/11/2020 18:37:45 +0100
174794,21/11/2020 19:07:14 +0900
173581,21/11/2020 06:38:17 +0530
174913,20/11/2020 17:18:10 -0700
174880,20/11/2020 15:12:34 -0500
174880,20/11/2020 14:36:45 -0500
174880,20/11/2020 14:21:11 -0500
174822,20/11/2020 10:50:13 -0800
174758,20/11/2020 17:10:08 +0100
174822,20/11/2020 06:30:21 -0800
174794,20/11/2020 21:48:28 +0900
174794,20/11/2020 20:47:26 +0900
174794,20/11/2020 20:47:02 +0900
172994,20/11/2020 11:41:50 +0100
172994,20/11/2020 11:17:38 +0100
174757,19/11/2020 23:06:35 -0500
174757,19/11/2020 22:26:08 -0500
174913,19/11/2020 20:18:48 -0700
174758,19/11/2020 21:02:55 +0100
174758,19/11/2020 20:53:00 +0100
174758,19/11/2020 20:42:26 +0100
174758,19/11/2020 20:41:04 +0100
174758,19/11/2020 20:22:08 +0100
174758,19/11/2020 20:14:12 +0100
174794,19/11/2020 20:59:43 +0900
174794,19/11/2020 20:58:44 +0900
174794,19/11/2020 20:42:03 +0900
174794,19/11/2020 20:42:03 +0900
174746,19/11/2020 05:19:49 -0500
174746,19/11/2020 03:03:19 -0500
174746,19/11/2020 02:04:38 -0500
174746,19/11/2020 00:43:07 -0500
174746,19/11/2020 00:35:45 -0500
173655,19/11/2020 00:23:48 -0500
174746,19/11/2020 00:07:48 -0500
172977,18/11/2020 23:41:04 +0300
174757,18/11/2020 13:53:20 -0500
174757,18/11/2020 12:38:04 -0500
174757,18/11/2020 12:35:50 -0500
174757,18/11/2020 11:45:45 -0500
174885,17/11/2020 13:42:47 -0800
174729,17/11/2020 18:12:02 +0100
174916,17/11/2020 15:48:52 +0000
174729,17/11/2020 14:33:27 +0100
173026,17/11/2020 06:44:37 -0600
174322,16/11/2020 22:01:15 -0700
173028,16/11/2020 14:11:20 -0600
174913,15/11/2020 18:36:31 -0700
174758,15/11/2020 13:11:25 +0100
174822,15/11/2020 03:57:26 -0800
174910,15/11/2020 11:44:56 +0000
174910,14/11/2020 22:57:37 +0000
174913,14/11/2020 15:50:35 -0700
174913,14/11/2020 15:33:55 -0700
174913,14/11/2020 15:06:04 -0700
174913,14/11/2020 14:39:54 -0700
174913,14/11/2020 14:16:12 -0700
174822,14/11/2020 11:38:04 -0800
174913,13/11/2020 14:58:12 -0700
174758,13/11/2020 12:16:28 +0100
174757,13/11/2020 00:35:20 -0500
174757,13/11/2020 00:33:01 -0500
174913,12/11/2020 20:10:14 -0700
174913,12/11/2020 19:41:19 -0700
174913,12/11/2020 19:27:04 -0700
174757,12/11/2020 15:08:48 -0500
174757,12/11/2020 15:08:30 -0500
174822,12/11/2020 06:24:53 -0800
173054,12/11/2020 13:58:51 +0000
173054,12/11/2020 12:41:38 +0000
174905,12/11/2020 09:06:28 +0300
174746,11/11/2020 19:02:17 -0500
174746,11/11/2020 18:40:26 -0500
174913,11/11/2020 14:11:17 -0700
174913,11/11/2020 12:19:31 -0700
174890,11/11/2020 10:56:18 -0500
174757,10/11/2020 19:47:33 -0500
174757,10/11/2020 16:14:38 -0500
174746,10/11/2020 14:08:52 -0500
174757,10/11/2020 09:28:54 -0500
174729,10/11/2020 15:03:22 +0100
174794,10/11/2020 22:08:35 +0900
174757,10/11/2020 07:43:30 -0500
173823,09/11/2020 23:35:42 -0500
174868,10/11/2020 15:12:44 +1100
174746,09/11/2020 22:10:14 -0500
174746,09/11/2020 21:57:28 -0500
174746,09/11/2020 20:50:22 -0500
173094,09/11/2020 16:52:49 -0800
173095,10/11/2020 00:19:58 +0000
174794,10/11/2020 08:05:04 +0900
174794,10/11/2020 08:05:04 +0900
174746,09/11/2020 16:59:57 -0500
174794,09/11/2020 22:01:16 +0900
174794,09/11/2020 22:01:16 +0900
174794,09/11/2020 21:23:32 +0900
174794,09/11/2020 21:23:32 +0900
173099,09/11/2020 03:21:02 +0000
173842,08/11/2020 17:20:53 -0500
174910,08/11/2020 21:40:35 +0000
174913,08/11/2020 14:31:16 -0700
173103,08/11/2020 15:34:21 -0500
173104,08/11/2020 14:46:25 +0000
174868,08/11/2020 23:47:22 +1100
174794,08/11/2020 20:18:15 +0900
174913,06/11/2020 19:16:04 -0700
174910,06/11/2020 06:39:16 +0000
174913,05/11/2020 20:54:30 -0700
174913,04/11/2020 22:08:45 -0700
174868,04/11/2020 00:12:19 +1100
174773,03/11/2020 01:49:54 -0800
174729,02/11/2020 13:40:48 +0100
174794,02/11/2020 20:34:01 +0900
174537,02/11/2020 11:42:59 +0100
173116,02/11/2020 10:25:40 +0100
174910,01/11/2020 22:33:19 +0000
173118,01/11/2020 17:05:57 -0500
174910,01/11/2020 21:00:15 +0000
173156,01/11/2020 12:07:30 -0700
174916,01/11/2020 18:07:20 +0000
174910,01/11/2020 17:27:25 +0000
174868,01/11/2020 23:18:39 +1100
174794,01/11/2020 21:16:13 +0900
173126,01/11/2020 05:56:13 -0600
174910,01/11/2020 11:34:17 +0000
173128,01/11/2020 19:17:06 +0800
173129,01/11/2020 12:07:25 +0100
174910,01/11/2020 11:01:13 +0000
174910,01/11/2020 10:59:56 +0000
174910,01/11/2020 10:56:31 +0000
174890,01/11/2020 05:11:23 -0500
174868,01/11/2020 11:13:38 +1100
174913,31/10/2020 17:35:20 -0600
174910,31/10/2020 12:45:45 +0000
174822,31/10/2020 05:21:09 -0700
173139,30/10/2020 08:49:06 -0700
174537,29/10/2020 21:43:51 +0100
174729,29/10/2020 20:23:04 +0100
173823,29/10/2020 13:18:08 -0400
173823,29/10/2020 13:04:18 -0400
174913,27/10/2020 20:25:26 -0600
174868,28/10/2020 06:24:12 +1100
174584,27/10/2020 18:15:13 +0100
174746,27/10/2020 03:26:02 -0400
174868,27/10/2020 15:23:26 +1100
174868,27/10/2020 14:53:40 +1100
174868,27/10/2020 13:55:43 +1100
173151,27/10/2020 02:38:18 +0000
174746,26/10/2020 14:29:02 -0400
174913,25/10/2020 20:18:51 -0600
174746,24/10/2020 20:54:09 -0400
174746,24/10/2020 20:07:04 -0400
173156,23/10/2020 22:34:51 -0600
173158,23/10/2020 13:20:49 -0700
173167,23/10/2020 08:19:55 +0200
173243,22/10/2020 17:25:06 +0200
174905,22/10/2020 11:22:44 +0300
174746,21/10/2020 13:53:40 -0400
173167,21/10/2020 11:47:35 +0200
173167,21/10/2020 11:45:39 +0200
173823,20/10/2020 17:01:58 -0400
173167,20/10/2020 16:27:23 +0200
174916,20/10/2020 14:20:23 +0100
174910,19/10/2020 18:43:00 +0100
174910,19/10/2020 18:28:03 +0100
174910,19/10/2020 17:48:30 +0100
174916,19/10/2020 16:28:54 +0100
173175,19/10/2020 13:55:50 +0300
174910,19/10/2020 11:51:31 +0100
173175,19/10/2020 13:12:17 +0300
173175,19/10/2020 13:04:15 +0300
174746,18/10/2020 22:23:39 -0400
174746,18/10/2020 22:08:59 -0400
174746,18/10/2020 19:51:27 -0400
173179,18/10/2020 15:17:41 -0400
174885,17/10/2020 20:22:53 -0700
174913,17/10/2020 17:14:55 -0600
174913,17/10/2020 16:04:27 -0600
174822,16/10/2020 20:12:32 -0700
174910,16/10/2020 19:42:09 +0100
174910,16/10/2020 15:07:02 +0100
174910,16/10/2020 14:53:17 +0100
174910,16/10/2020 14:48:40 +0100
174746,16/10/2020 04:09:08 -0400
173189,12/10/2020 11:21:14 -0400
174913,11/10/2020 21:50:29 -0600
174657,11/10/2020 21:22:26 -0400
174657,11/10/2020 19:19:59 -0400
174868,12/10/2020 08:07:17 +1100
173193,11/10/2020 13:25:16 -0400
174910,09/10/2020 23:51:18 +0100
173195,09/10/2020 02:04:59 +0100
174910,08/10/2020 14:57:20 +0100
174910,08/10/2020 11:18:32 +0100
174910,08/10/2020 10:54:08 +0100
174910,07/10/2020 10:14:02 +0100
174910,05/10/2020 22:59:50 +0100
174746,03/10/2020 13:47:42 -0400
174729,03/10/2020 19:09:27 +0200
173203,02/10/2020 22:48:41 -0700
174746,02/10/2020 21:00:36 -0400
174822,02/10/2020 17:56:29 -0700
174905,02/10/2020 23:45:47 +0300
174746,02/10/2020 16:22:11 -0400
174746,02/10/2020 14:59:23 -0400
173209,02/10/2020 11:18:33 -0700
174885,01/10/2020 10:48:59 -0700
174773,30/09/2020 17:46:34 -0700
174822,30/09/2020 17:23:54 -0700
174746,30/09/2020 15:56:00 -0400
173210,30/09/2020 11:44:25 +0200
173215,29/09/2020 13:41:47 -0400
174822,25/09/2020 08:57:48 -0700
174746,25/09/2020 06:07:04 -0400
173120,24/09/2020 23:57:36 +0200
174585,24/09/2020 23:47:11 +0200
174746,24/09/2020 09:43:37 -0400
174868,24/09/2020 07:26:45 +1000
174868,23/09/2020 20:32:09 +1000
174868,23/09/2020 20:25:25 +1000
173842,22/09/2020 08:59:17 -0400
173066,22/09/2020 12:16:45 +0100
173066,22/09/2020 11:51:21 +0100
174913,21/09/2020 21:28:52 -0600
174914,20/09/2020 13:04:47 +0000
173225,20/09/2020 10:10:33 +0100
174757,20/09/2020 00:00:16 -0400
174757,19/09/2020 13:24:50 -0400
174910,19/09/2020 01:27:43 +0100
174910,19/09/2020 00:07:09 +0100
174910,18/09/2020 23:19:48 +0100
174910,18/09/2020 16:22:00 +0100
174910,18/09/2020 16:10:02 +0100
174910,18/09/2020 16:06:24 +0100
174910,18/09/2020 16:01:46 +0100
174910,18/09/2020 15:59:43 +0100
174773,17/09/2020 21:52:54 -0700
173235,17/09/2020 13:54:14 +1200
174758,15/09/2020 09:06:37 +0200
172784,15/09/2020 08:45:48 +0200
172778,14/09/2020 20:27:58 -0700
174913,14/09/2020 20:32:27 -0600
174880,14/09/2020 16:28:34 -0400
174916,14/09/2020 21:13:00 +0100
174757,14/09/2020 13:50:11 -0400
174773,14/09/2020 08:17:58 -0700
173240,14/09/2020 17:11:25 +0200
174913,13/09/2020 16:53:46 -0600
172784,13/09/2020 18:00:15 +0200
173242,13/09/2020 07:52:30 -0700
173243,13/09/2020 15:06:53 +0200
172784,13/09/2020 12:37:11 +0200
174757,12/09/2020 12:35:33 -0400
174757,12/09/2020 12:33:00 -0400
174822,12/09/2020 03:49:02 -0700
174913,11/09/2020 21:51:09 -0600
174910,11/09/2020 23:04:50 +0100
174757,11/09/2020 11:51:20 -0400
173250,11/09/2020 11:10:25 -0400
172784,11/09/2020 09:15:06 +0200
174822,10/09/2020 16:11:39 -0700
174822,10/09/2020 15:23:02 -0700
174822,10/09/2020 14:08:44 -0700
174822,10/09/2020 12:19:16 -0700
174822,10/09/2020 05:54:54 -0700
174913,09/09/2020 19:57:04 -0600
174746,09/09/2020 13:50:13 -0400
173259,09/09/2020 22:03:25 +1000
173259,09/09/2020 20:58:49 +1000
174913,08/09/2020 20:12:40 -0600
173261,08/09/2020 20:16:56 -0400
172784,08/09/2020 18:03:30 +0200
172764,08/09/2020 15:55:42 +0200
281325,08/09/2020 04:59:13 -0700
174910,08/09/2020 12:50:26 +0100
173265,08/09/2020 04:12:07 -0700
174880,08/09/2020 02:33:31 -0400
174773,07/09/2020 10:24:20 -0700
173267,07/09/2020 17:14:14 +0200
172784,07/09/2020 10:01:52 +0200
172784,06/09/2020 21:03:30 +0200
174913,05/09/2020 18:46:28 -0600
174910,06/09/2020 00:01:12 +0100
174890,05/09/2020 17:13:11 -0400
174822,04/09/2020 13:34:27 -0700
173272,04/09/2020 17:33:05 -0300
174916,04/09/2020 19:58:20 +0100
174910,04/09/2020 09:33:19 +0100
174910,03/09/2020 23:27:31 +0100
174757,03/09/2020 13:55:21 -0400
174757,03/09/2020 12:42:47 -0400
174757,03/09/2020 09:09:50 -0400
174910,03/09/2020 11:25:11 +0100
174910,03/09/2020 11:09:15 +0100
174822,02/09/2020 14:11:09 -0700
174757,02/09/2020 16:09:39 -0400
174757,02/09/2020 16:08:57 -0400
174757,02/09/2020 15:02:28 -0400
172784,02/09/2020 17:55:30 +0200
174757,02/09/2020 09:00:39 -0400
281320,02/09/2020 12:48:00 +0100
172784,01/09/2020 09:36:54 +0200
174916,31/08/2020 18:17:08 +0100
172784,31/08/2020 15:55:05 +0200
172784,31/08/2020 11:09:52 +0200
174757,30/08/2020 17:22:34 -0400
174757,30/08/2020 17:20:07 -0400
174757,30/08/2020 16:35:35 -0400
174910,30/08/2020 10:18:01 +0100
174910,30/08/2020 00:47:01 +0100
174916,29/08/2020 23:00:55 +0100
174916,29/08/2020 22:49:58 +0100
174910,29/08/2020 17:30:37 +0100
174822,28/08/2020 21:45:36 -0700
174746,28/08/2020 23:09:31 -0400
174916,28/08/2020 18:31:54 +0100
174757,28/08/2020 10:04:00 -0400
174916,27/08/2020 13:13:21 +0100
174757,27/08/2020 03:48:35 -0400
174757,27/08/2020 02:45:41 -0400
174885,26/08/2020 17:14:43 -0700
173823,26/08/2020 11:04:53 -0400
174757,26/08/2020 03:11:10 -0400
174757,26/08/2020 03:04:11 -0400
174913,25/08/2020 21:50:16 -0600
174913,25/08/2020 21:47:58 -0600
173655,25/08/2020 21:21:16 -0400
174773,25/08/2020 16:24:27 -0700
173655,25/08/2020 18:52:22 -0400
173655,25/08/2020 17:14:24 -0400
174757,25/08/2020 10:20:30 -0400
174757,25/08/2020 08:29:08 -0400
174773,25/08/2020 02:29:52 -0700
174913,24/08/2020 20:16:05 -0600
174746,24/08/2020 16:13:17 -0400
174905,23/08/2020 11:34:21 +0300
174746,22/08/2020 23:21:03 -0400
174746,22/08/2020 23:12:31 -0400
174913,22/08/2020 17:29:51 -0600
174757,22/08/2020 11:07:30 -0400
174794,20/08/2020 15:26:07 +0900
174757,19/08/2020 19:56:49 -0400
174757,19/08/2020 19:47:28 -0400
174757,19/08/2020 19:37:00 -0400
174757,19/08/2020 19:28:35 -0400
174757,19/08/2020 19:23:53 -0400
174757,19/08/2020 19:08:00 -0400
174757,19/08/2020 18:04:31 -0400
173325,20/08/2020 01:12:50 +0800
174757,19/08/2020 12:37:21 -0400
174757,19/08/2020 08:49:34 -0400
174822,18/08/2020 23:33:00 -0700
173324,19/08/2020 00:06:26 +0100
174916,18/08/2020 12:55:28 +0100
174773,17/08/2020 23:07:46 -0700
173455,17/08/2020 14:06:59 -0700
174773,17/08/2020 11:52:41 -0700
174746,17/08/2020 13:33:38 -0400
173315,16/08/2020 23:20:42 -0400
174913,16/08/2020 09:01:35 -0600
174914,16/08/2020 15:18:47 +0300
174913,15/08/2020 17:32:59 -0600
174905,16/08/2020 01:52:41 +0300
174757,15/08/2020 10:35:07 -0400
173315,15/08/2020 10:11:16 -0400
173536,14/08/2020 15:51:02 -0400
174757,14/08/2020 10:00:06 -0400
174910,13/08/2020 10:50:09 +0100
174913,12/08/2020 20:30:02 -0600
174773,12/08/2020 16:41:26 -0700
174773,12/08/2020 13:04:26 -0700
172784,12/08/2020 19:52:32 +0200
174910,12/08/2020 14:33:15 +0100
173345,12/08/2020 15:18:01 +0200
174913,11/08/2020 20:27:22 -0600
174773,11/08/2020 10:46:10 -0700
174916,11/08/2020 15:55:09 +0100
174023,11/08/2020 14:29:33 +0530
174913,10/08/2020 20:40:19 -0600
174913,10/08/2020 20:29:29 -0600
174916,11/08/2020 02:58:17 +0100
174910,11/08/2020 01:10:51 +0100
174910,11/08/2020 00:55:58 +0100
174910,09/08/2020 20:44:51 +0100
174910,09/08/2020 19:30:25 +0100
174910,09/08/2020 19:16:39 +0100
174905,09/08/2020 20:55:22 +0300
174910,09/08/2020 16:31:50 +0100
174910,09/08/2020 14:53:59 +0100
174910,09/08/2020 14:48:13 +0100
174910,09/08/2020 14:44:01 +0100
174910,09/08/2020 14:43:21 +0100
174729,09/08/2020 15:27:25 +0200
174773,08/08/2020 13:40:12 -0700
174916,07/08/2020 21:07:25 +0100
174916,07/08/2020 19:28:22 +0100
174822,07/08/2020 09:54:54 -0700
174916,07/08/2020 16:10:45 +0100
174773,07/08/2020 02:59:22 -0700
174885,06/08/2020 22:59:00 -0700
173377,06/08/2020 21:36:03 -0700
174773,06/08/2020 18:55:05 -0700
173377,06/08/2020 17:34:17 -0700
174916,06/08/2020 14:12:20 +0100
174916,06/08/2020 13:47:39 +0100
174916,06/08/2020 13:32:43 +0100
173377,05/08/2020 18:28:58 -0700
174885,05/08/2020 16:18:37 -0700
174910,05/08/2020 23:15:32 +0100
174910,05/08/2020 23:14:57 +0100
174773,05/08/2020 11:22:26 -0700
174916,05/08/2020 13:15:53 +0100
174905,05/08/2020 10:48:09 +0300
174885,04/08/2020 21:21:50 -0700
174773,04/08/2020 16:37:21 -0700
174773,04/08/2020 15:31:52 -0700
174746,04/08/2020 15:25:39 -0400
174916,04/08/2020 17:27:18 +0100
174916,04/08/2020 16:32:56 +0100
172784,04/08/2020 14:18:51 +0200
174773,04/08/2020 01:26:10 -0700
174885,03/08/2020 23:36:54 -0700
173655,03/08/2020 19:12:11 -0400
174905,03/08/2020 18:25:44 +0300
174905,03/08/2020 18:22:09 +0300
173395,03/08/2020 14:16:43 +0200
174794,02/08/2020 17:15:01 +0900
174913,01/08/2020 17:36:42 -0600
174910,02/08/2020 00:03:57 +0100
174913,01/08/2020 15:56:32 -0600
174905,01/08/2020 14:50:59 +0300
174746,31/07/2020 11:04:29 -0400
174905,31/07/2020 17:04:52 +0300
173402,31/07/2020 15:26:08 +0300
174773,31/07/2020 01:56:22 -0700
174885,31/07/2020 01:33:48 -0700
174773,31/07/2020 01:33:45 -0700
173581,31/07/2020 01:29:23 +0530
174910,30/07/2020 11:05:29 +0200
174773,30/07/2020 01:58:56 -0700
174885,29/07/2020 22:07:07 -0700
174913,29/07/2020 20:36:55 -0600
174905,28/07/2020 20:02:42 +0300
174773,28/07/2020 03:16:34 -0700
174773,28/07/2020 00:36:44 -0700
174773,27/07/2020 17:06:25 -0700
174746,27/07/2020 15:39:23 -0400
174746,27/07/2020 14:15:31 -0400
281349,26/07/2020 18:19:55 -0700
174868,27/07/2020 10:37:40 +1000
174885,26/07/2020 12:13:55 -0700
174746,26/07/2020 13:47:36 -0400
174905,26/07/2020 11:02:59 +0300
173422,26/07/2020 01:00:01 -0700
174916,24/07/2020 18:03:41 +0100
174794,25/07/2020 01:52:09 +0900
174913,24/07/2020 03:44:21 -0600
174746,24/07/2020 02:19:34 -0400
174746,22/07/2020 16:50:43 -0400
173429,22/07/2020 18:18:35 +0200
174794,22/07/2020 17:49:45 +0900
174746,22/07/2020 02:26:51 -0400
174758,21/07/2020 20:42:45 +0000
174758,21/07/2020 17:04:42 +0000
174794,21/07/2020 21:31:04 +0900
174916,21/07/2020 03:57:17 +0100
174913,20/07/2020 18:33:43 -0600
281333,20/07/2020 14:32:40 -0400
174905,20/07/2020 13:07:42 +0300
174910,20/07/2020 11:18:23 +0200
174905,20/07/2020 11:58:12 +0300
174905,20/07/2020 10:27:13 +0300
174582,20/07/2020 08:48:01 +0200
174916,20/07/2020 02:30:47 +0100
173453,19/07/2020 13:14:42 -0700
174794,19/07/2020 23:00:14 +0900
173455,18/07/2020 18:47:18 -0700
173581,19/07/2020 05:09:01 +0530
174910,19/07/2020 00:22:41 +0200
174910,18/07/2020 23:23:48 +0200
174910,18/07/2020 23:21:32 +0200
174910,18/07/2020 22:32:43 +0200
174910,18/07/2020 22:12:38 +0200
174910,18/07/2020 19:24:25 +0200
174910,18/07/2020 18:58:29 +0200
174746,18/07/2020 12:41:21 -0400
174910,18/07/2020 17:22:31 +0200
174910,18/07/2020 16:37:19 +0200
174910,18/07/2020 16:32:20 +0200
174910,18/07/2020 16:16:50 +0200
174910,18/07/2020 14:49:12 +0200
174910,18/07/2020 14:44:40 +0200
174910,18/07/2020 14:34:43 +0200
174910,18/07/2020 14:23:42 +0200
174910,18/07/2020 14:21:25 +0200
174910,18/07/2020 14:08:23 +0200
174794,18/07/2020 21:02:50 +0900
174794,18/07/2020 21:02:26 +0900
174794,18/07/2020 20:58:31 +0900
174794,18/07/2020 20:49:32 +0900
174794,18/07/2020 16:48:17 +0900
174868,18/07/2020 15:07:30 +1000
174794,18/07/2020 13:45:19 +0900
174868,18/07/2020 14:37:01 +1000
174868,18/07/2020 14:04:23 +1000
174822,17/07/2020 18:34:28 -0700
174794,18/07/2020 07:33:07 +0900
174910,18/07/2020 00:10:31 +0200
174913,17/07/2020 14:47:20 -0600
174905,17/07/2020 19:15:25 +0300
174773,17/07/2020 03:46:13 -0700
174905,17/07/2020 13:01:05 +0300
174794,17/07/2020 18:42:09 +0900
174868,17/07/2020 15:33:09 +1000
174913,16/07/2020 21:57:31 -0600
174868,17/07/2020 13:37:45 +1000
174868,17/07/2020 12:23:04 +1000
174916,16/07/2020 23:38:15 +0100
174916,16/07/2020 20:28:26 +0100
174910,16/07/2020 18:28:24 +0200
174910,16/07/2020 18:09:05 +0200
174910,16/07/2020 18:07:22 +0200
174868,16/07/2020 20:33:49 +1000
174868,16/07/2020 12:52:46 +1000
174868,16/07/2020 11:38:04 +1000
174868,16/07/2020 08:39:29 +1000
174913,15/07/2020 16:29:06 -0600
174916,15/07/2020 21:09:01 +0100
174916,15/07/2020 18:07:09 +0100
174916,15/07/2020 17:38:57 +0100
174729,15/07/2020 14:54:31 +0200
174758,15/07/2020 12:18:22 +0000
174868,15/07/2020 21:51:50 +1000
173510,15/07/2020 19:36:20 +0800
174868,15/07/2020 21:24:50 +1000
174758,14/07/2020 23:04:12 +0000
174758,14/07/2020 22:47:08 +0000
174758,14/07/2020 22:25:58 +0000
174758,14/07/2020 22:22:44 +0000
174758,14/07/2020 22:16:33 +0000
174758,14/07/2020 16:53:30 +0000
174729,14/07/2020 16:36:54 +0200
174758,14/07/2020 13:48:04 +0000
174729,14/07/2020 12:17:09 +0200
174916,13/07/2020 16:05:09 +0100
174535,12/07/2020 17:30:53 -0600
173522,12/07/2020 10:51:53 -0700
174916,12/07/2020 11:48:07 +0100
173525,12/07/2020 06:45:27 -0400
174910,12/07/2020 10:32:09 +0200
174913,11/07/2020 18:08:11 -0600
174794,12/07/2020 04:53:03 +0900
281053,11/07/2020 19:37:48 +0300
174729,11/07/2020 01:20:43 +0200
281349,10/07/2020 15:45:55 -0700
174822,10/07/2020 15:43:25 -0700
173536,10/07/2020 18:30:09 -0400
173536,10/07/2020 18:22:16 -0400
173540,10/07/2020 17:26:11 -0400
174746,10/07/2020 15:24:23 -0400
174729,10/07/2020 20:54:10 +0200
174746,10/07/2020 13:43:29 -0400
174910,10/07/2020 16:14:40 +0200
174910,10/07/2020 15:15:58 +0200
174910,10/07/2020 10:38:34 +0200
174910,10/07/2020 10:36:59 +0200
174535,09/07/2020 20:44:57 -0600
174913,09/07/2020 20:34:24 -0600
174535,09/07/2020 20:20:58 -0600
281349,09/07/2020 19:04:05 -0700
173552,09/07/2020 15:34:03 -0700
174916,08/07/2020 19:17:00 +0100
174916,08/07/2020 16:41:53 +0100
174916,08/07/2020 12:42:19 +0100
174916,08/07/2020 02:26:37 +0100
174916,08/07/2020 02:19:31 +0100
174916,08/07/2020 02:06:04 +0100
173686,07/07/2020 21:08:18 +0200
174822,07/07/2020 11:47:13 -0700
281053,07/07/2020 19:15:39 +0300
174910,07/07/2020 10:35:28 +0200
174913,06/07/2020 20:45:57 -0600
174913,06/07/2020 20:36:15 -0600
174868,07/07/2020 09:09:19 +1000
174910,07/07/2020 00:28:31 +0200
174905,06/07/2020 10:31:25 +0300
174913,05/07/2020 15:30:04 -0600
174913,05/07/2020 11:33:34 -0600
173581,05/07/2020 01:33:53 +0530
174905,04/07/2020 18:19:32 +0300
173583,04/07/2020 16:21:25 +0200
174914,02/07/2020 16:01:16 +0300
174914,02/07/2020 15:35:42 +0300
174913,01/07/2020 20:24:22 -0600
174122,01/07/2020 21:15:04 +0100
174746,01/07/2020 15:09:08 -0400
174913,01/07/2020 08:46:21 -0600
174914,01/07/2020 14:56:35 +0300
174914,01/07/2020 12:17:41 +0300
174910,30/06/2020 20:31:15 +0200
173593,30/06/2020 19:29:41 +0300
174913,30/06/2020 10:27:05 -0600
174914,30/06/2020 19:15:07 +0300
174746,30/06/2020 11:51:57 -0400
174746,30/06/2020 11:38:39 -0400
174910,30/06/2020 16:01:02 +0200
174910,30/06/2020 15:50:46 +0200
172784,29/06/2020 21:17:43 -1000
174794,30/06/2020 04:35:56 +0900
174746,28/06/2020 22:37:31 -0400
174916,28/06/2020 21:27:37 +0100
174916,28/06/2020 21:05:43 +0100
174756,28/06/2020 15:06:25 -0400
173605,28/06/2020 18:11:09 +0200
174729,28/06/2020 13:22:23 +0200
173532,27/06/2020 21:55:30 -0400
173532,27/06/2020 21:49:53 -0400
174914,27/06/2020 16:04:32 +0300
174729,27/06/2020 14:06:27 +0200
174729,27/06/2020 01:44:41 +0200
174916,25/06/2020 23:47:11 +0100
174916,25/06/2020 19:32:37 +0100
173686,25/06/2020 15:25:13 +0200
173613,25/06/2020 11:09:38 +0200
174916,24/06/2020 21:11:58 +0100
174916,24/06/2020 21:09:59 +0100
174868,24/06/2020 10:27:09 +1000
174822,23/06/2020 12:43:03 -0700
173655,23/06/2020 10:57:00 -0400
174913,23/06/2020 08:36:46 -0600
174794,23/06/2020 23:09:11 +0900
174746,23/06/2020 06:11:11 -0400
174913,22/06/2020 19:37:22 -0600
173664,23/06/2020 02:00:25 +0500
173664,23/06/2020 01:52:34 +0500
174822,22/06/2020 12:50:00 -0700
174757,22/06/2020 15:10:47 -0400
174746,22/06/2020 14:18:45 -0400
174914,22/06/2020 17:35:47 +0000
174746,22/06/2020 12:24:13 -0400
174746,22/06/2020 10:39:28 -0400
174746,22/06/2020 09:24:18 -0400
174746,22/06/2020 07:05:52 -0400
173664,22/06/2020 13:10:51 +0500
174746,22/06/2020 02:14:52 -0400
173664,22/06/2020 02:53:01 +0500
173664,22/06/2020 01:38:57 +0500
173664,22/06/2020 01:18:52 +0500
174913,21/06/2020 13:25:44 -0600
174794,21/06/2020 23:30:47 +0900
174746,21/06/2020 06:00:45 -0400
172784,20/06/2020 16:15:28 -1000
174773,20/06/2020 09:51:09 -0700
173639,20/06/2020 10:27:33 -0400
174746,20/06/2020 07:58:41 -0400
174746,20/06/2020 07:29:25 -0400
172784,19/06/2020 21:27:03 -1000
172784,19/06/2020 16:46:27 -1000
172784,19/06/2020 12:00:34 -1000
172778,19/06/2020 09:34:21 -0700
174794,19/06/2020 22:19:32 +0900
172784,18/06/2020 18:20:45 -1000
172784,18/06/2020 16:37:36 -1000
174913,18/06/2020 20:34:50 -0600
172784,18/06/2020 15:31:03 -1000
172784,18/06/2020 12:21:30 -1000
174916,18/06/2020 20:28:31 +0100
174916,18/06/2020 19:53:22 +0100
174916,18/06/2020 19:22:59 +0100
173646,18/06/2020 19:35:37 +0200
174916,18/06/2020 18:09:15 +0100
172784,17/06/2020 23:56:25 -1000
174916,18/06/2020 01:01:14 +0100
173653,17/06/2020 17:48:01 +0100
281053,17/06/2020 19:24:36 +0300
173648,17/06/2020 11:21:08 -0400
174910,17/06/2020 16:31:11 +0200
174910,17/06/2020 16:27:20 +0200
174916,17/06/2020 13:17:48 +0100
174916,17/06/2020 11:23:15 +0100
173653,16/06/2020 23:28:49 +0100
174916,16/06/2020 22:20:13 +0100
174916,16/06/2020 22:01:06 +0100
174916,16/06/2020 22:00:08 +0100
174916,16/06/2020 17:39:29 +0100
174916,16/06/2020 17:39:03 +0100
173655,16/06/2020 11:29:58 -0400
174913,15/06/2020 20:25:10 -0600
174794,16/06/2020 08:51:08 +0900
174794,16/06/2020 08:49:56 +0900
174122,15/06/2020 22:15:44 +0100
174913,13/06/2020 16:41:20 -0600
173661,12/06/2020 18:21:08 +0200
173664,12/06/2020 16:43:09 +0500
174773,11/06/2020 19:45:49 -0700
174913,11/06/2020 20:16:24 -0600
174913,11/06/2020 18:15:02 -0600
174773,11/06/2020 16:45:25 -0700
174773,11/06/2020 16:41:49 -0700
174773,11/06/2020 13:04:22 -0700
174122,11/06/2020 21:00:58 +0100
281053,11/06/2020 22:39:29 +0300
174773,11/06/2020 12:35:46 -0700
174914,11/06/2020 18:52:52 +0000
174910,11/06/2020 17:29:53 +0200
174880,11/06/2020 10:19:26 -0400
174773,11/06/2020 01:15:48 -0700
174773,10/06/2020 23:48:04 -0700
174746,10/06/2020 23:27:26 -0400
174746,10/06/2020 20:18:38 -0400
174916,10/06/2020 19:54:36 +0100
174916,10/06/2020 19:37:13 +0100
174905,10/06/2020 01:02:27 +0300
174916,09/06/2020 22:58:24 +0100
173842,09/06/2020 15:13:44 -0400
174916,09/06/2020 20:11:19 +0100
174916,09/06/2020 16:48:17 +0100
174485,09/06/2020 16:22:18 +0200
174913,08/06/2020 20:36:24 -0600
174746,08/06/2020 01:21:56 -0400
174746,07/06/2020 21:58:02 -0400
174913,07/06/2020 17:29:23 -0600
173686,07/06/2020 22:52:14 +0200
173468,07/06/2020 12:46:38 +0300
174913,06/06/2020 15:20:46 -0600
174910,06/06/2020 22:13:38 +0200
174910,06/06/2020 22:04:17 +0200
174910,06/06/2020 22:02:21 +0200
174910,06/06/2020 13:40:22 +0200
174914,06/06/2020 14:03:42 +0300
174537,05/06/2020 20:30:33 +0200
174916,05/06/2020 18:30:32 +0100
174729,05/06/2020 00:16:48 +0200
174910,04/06/2020 22:51:29 +0200
172784,04/06/2020 09:51:08 -1000
174916,04/06/2020 20:38:05 +0100
174914,04/06/2020 18:21:05 +0300
174910,04/06/2020 13:19:11 +0200
174913,03/06/2020 20:24:43 -0600
174729,04/06/2020 04:05:57 +0200
174773,03/06/2020 17:27:44 -0700
174913,02/06/2020 20:03:55 -0600
174916,02/06/2020 20:25:38 +0100
174916,02/06/2020 20:07:51 +0100
173711,02/06/2020 10:41:52 +0100
174910,02/06/2020 09:45:16 +0200
174910,02/06/2020 09:36:35 +0200
174756,01/06/2020 23:17:26 -0400
174756,01/06/2020 22:58:57 -0400
174756,01/06/2020 22:03:59 -0400
174756,01/06/2020 21:48:07 -0400
174914,01/06/2020 22:41:57 +0000
174914,01/06/2020 18:28:26 +0300
174910,01/06/2020 16:55:45 +0200
174910,01/06/2020 11:44:00 +0200
174914,31/05/2020 17:50:17 +0300
174914,31/05/2020 15:44:17 +0300
174914,31/05/2020 14:11:36 +0300
174914,31/05/2020 13:59:02 +0300
174913,30/05/2020 15:58:00 -0600
174910,30/05/2020 16:02:21 +0200
174910,30/05/2020 15:02:22 +0200
174910,29/05/2020 22:07:03 +0200
174584,29/05/2020 18:31:21 +0200
173731,29/05/2020 14:33:33 +0200
174773,29/05/2020 01:53:54 -0700
174575,29/05/2020 09:48:05 +0200
174910,29/05/2020 09:24:07 +0200
174773,28/05/2020 21:32:07 -0700
174773,28/05/2020 19:06:53 -0700
174773,28/05/2020 18:15:28 -0700
174913,28/05/2020 17:35:09 -0600
174746,28/05/2020 19:28:16 -0400
174913,28/05/2020 15:34:10 -0600
174916,28/05/2020 22:24:02 +0100
174913,28/05/2020 09:01:46 -0600
174910,28/05/2020 13:50:56 +0200
174910,28/05/2020 13:46:18 +0200
174910,28/05/2020 13:43:23 +0200
174910,28/05/2020 13:33:45 +0200
174773,28/05/2020 03:15:49 -0700
174773,28/05/2020 01:29:29 -0700
173823,28/05/2020 01:31:58 -0400
174773,27/05/2020 21:33:12 -0700
174913,27/05/2020 15:48:26 -0600
174910,27/05/2020 20:22:50 +0200
174916,27/05/2020 18:30:17 +0100
173755,27/05/2020 18:29:29 +0200
174910,27/05/2020 17:59:41 +0200
174916,27/05/2020 13:34:33 +0100
174773,27/05/2020 03:36:39 -0700
174773,27/05/2020 01:46:58 -0700
174746,27/05/2020 00:02:23 -0400
174913,26/05/2020 21:45:00 -0600
174913,26/05/2020 21:38:33 -0600
174913,26/05/2020 20:55:28 -0600
174913,26/05/2020 17:39:12 -0600
174914,26/05/2020 23:48:38 +0300
174914,26/05/2020 23:42:38 +0300
174913,26/05/2020 13:43:45 -0600
174913,26/05/2020 13:32:53 -0600
174914,26/05/2020 22:30:31 +0300
174913,26/05/2020 13:27:47 -0600
174910,26/05/2020 19:54:00 +0200
174822,26/05/2020 09:43:52 -0700
173842,26/05/2020 10:24:50 -0400
174916,26/05/2020 14:34:35 +0100
173778,26/05/2020 14:53:33 +0200
174746,26/05/2020 03:45:46 -0400
174913,25/05/2020 20:27:57 -0600
174913,25/05/2020 20:07:01 -0600
174913,25/05/2020 20:06:07 -0600
174885,25/05/2020 17:20:12 -0700
174913,25/05/2020 15:47:12 -0600
174913,25/05/2020 15:38:50 -0600
174913,25/05/2020 15:19:29 -0600
174585,25/05/2020 22:45:42 +0200
174913,25/05/2020 12:08:11 -0600
174794,25/05/2020 22:10:11 +0900
174910,25/05/2020 11:05:55 +0200
174905,25/05/2020 08:20:16 +0300
174890,24/05/2020 23:33:42 -0400
174913,24/05/2020 18:23:41 -0600
174911,24/05/2020 13:17:26 -0700
173823,24/05/2020 08:42:36 -0400
174729,24/05/2020 13:26:43 +0200
174794,24/05/2020 17:36:23 +0900
173823,24/05/2020 00:09:05 -0400
173823,23/05/2020 23:41:58 -0400
173823,23/05/2020 23:32:15 -0400
174913,23/05/2020 19:24:26 -0600
174746,23/05/2020 18:55:57 -0400
174794,24/05/2020 07:45:57 +0900
174756,23/05/2020 15:21:27 -0400
174756,23/05/2020 15:09:57 -0400
174773,22/05/2020 23:43:09 -0700
173842,22/05/2020 21:11:29 -0400
174913,22/05/2020 17:34:45 -0600
173842,22/05/2020 17:08:56 -0400
173842,22/05/2020 13:19:25 -0400
174913,22/05/2020 09:54:24 -0600
173492,22/05/2020 15:27:20 +0200
174537,22/05/2020 13:43:23 +0200
174756,22/05/2020 03:10:31 -0400
173823,22/05/2020 01:11:19 -0400
174913,21/05/2020 20:17:05 -0600
174913,21/05/2020 20:00:31 -0600
174756,21/05/2020 21:59:22 -0400
173823,21/05/2020 21:11:29 -0400
174746,21/05/2020 20:10:06 -0400
174913,21/05/2020 17:38:23 -0600
174746,21/05/2020 19:14:01 -0400
174913,21/05/2020 15:50:46 -0600
173842,21/05/2020 12:59:47 -0400
174537,21/05/2020 18:41:09 +0200
174914,21/05/2020 12:27:26 +0000
174537,21/05/2020 13:30:38 +0200
174822,20/05/2020 21:37:31 -0700
174913,20/05/2020 20:44:54 -0600
174756,20/05/2020 21:23:12 -0400
174773,20/05/2020 17:38:44 -0700
173819,21/05/2020 02:24:48 +0200
174910,20/05/2020 20:36:54 +0200
174537,20/05/2020 19:50:08 +0200
174913,20/05/2020 11:41:57 -0600
173823,20/05/2020 13:11:52 -0400
174746,20/05/2020 13:11:34 -0400
174910,20/05/2020 12:15:48 +0200
174910,20/05/2020 12:13:51 +0200
174910,20/05/2020 11:47:10 +0200
174910,20/05/2020 11:45:06 +0200
174886,20/05/2020 09:23:13 +0200
174886,20/05/2020 09:13:03 +0200
174868,20/05/2020 15:07:08 +1000
174913,19/05/2020 20:28:19 -0600
174913,19/05/2020 20:08:08 -0600
174868,20/05/2020 11:09:40 +1000
174914,20/05/2020 00:06:11 +0300
174913,18/05/2020 19:01:10 -0600
173842,18/05/2020 20:03:48 -0400
173842,18/05/2020 19:01:03 -0400
174914,19/05/2020 00:31:19 +0300
173842,18/05/2020 14:51:09 -0400
174910,18/05/2020 20:37:55 +0200
173842,18/05/2020 12:47:01 -0400
174729,18/05/2020 14:53:15 +0200
174052,18/05/2020 17:54:13 +0530
174913,17/05/2020 18:53:02 -0600
174913,17/05/2020 18:21:56 -0600
174756,17/05/2020 18:49:13 -0400
174905,17/05/2020 20:21:02 +0300
174905,17/05/2020 20:09:55 +0300
174537,17/05/2020 15:30:33 +0200
174914,17/05/2020 15:38:30 +0300
174914,17/05/2020 15:08:01 +0300
174914,17/05/2020 15:05:11 +0300
174914,17/05/2020 14:43:14 +0300
174914,17/05/2020 13:17:00 +0300
174910,17/05/2020 12:03:45 +0200
174910,17/05/2020 09:46:52 +0200
174773,16/05/2020 22:47:39 -0700
174910,17/05/2020 07:25:04 +0200
174910,17/05/2020 07:15:57 +0200
174910,17/05/2020 07:05:47 +0200
174913,16/05/2020 21:08:20 -0600
174773,16/05/2020 17:52:10 -0700
174913,16/05/2020 17:32:45 -0600
174756,16/05/2020 19:28:03 -0400
174756,16/05/2020 17:02:05 -0400
174794,17/05/2020 00:18:46 +0900
174773,16/05/2020 02:40:22 -0700
174910,16/05/2020 10:32:52 +0200
174910,16/05/2020 10:31:36 +0200
174746,15/05/2020 23:26:25 -0400
174773,15/05/2020 19:23:22 -0700
173874,15/05/2020 22:45:32 +0200
173875,15/05/2020 18:49:56 +0200
174773,14/05/2020 20:23:06 -0700
174773,14/05/2020 01:15:12 -0700
174224,14/05/2020 13:54:25 +0800
174537,14/05/2020 01:32:18 +0200
174794,14/05/2020 01:55:37 +0900
174756,13/05/2020 01:48:33 -0400
174910,12/05/2020 12:35:46 +0200
174910,12/05/2020 12:21:22 +0200
174913,11/05/2020 20:44:32 -0600
174914,11/05/2020 17:23:22 +0000
174794,12/05/2020 00:12:14 +0900
174910,11/05/2020 15:11:34 +0200
174910,11/05/2020 11:20:14 +0200
174890,11/05/2020 00:52:06 -0400
174913,10/05/2020 17:26:50 -0600
174333,10/05/2020 23:25:18 +0200
174910,10/05/2020 16:22:26 +0200
174910,10/05/2020 15:53:55 +0200
174910,10/05/2020 14:19:35 +0200
174910,10/05/2020 14:17:44 +0200
174773,10/05/2020 04:18:16 -0700
174794,10/05/2020 19:24:32 +0900
174794,10/05/2020 19:16:58 +0900
174910,10/05/2020 12:14:55 +0200
174914,10/05/2020 12:03:08 +0300
174910,10/05/2020 10:18:20 +0200
174773,09/05/2020 21:18:16 -0700
174773,09/05/2020 20:51:50 -0700
174773,09/05/2020 20:22:01 -0700
174773,09/05/2020 18:28:16 -0700
173908,09/05/2020 18:09:55 -0300
173906,09/05/2020 22:43:51 +0200
174910,09/05/2020 22:28:34 +0200
173908,09/05/2020 17:22:46 -0300
174794,10/05/2020 05:08:46 +0900
174910,09/05/2020 20:49:00 +0200
174910,09/05/2020 20:29:43 +0200
174910,09/05/2020 15:50:09 +0200
174910,09/05/2020 15:32:35 +0200
174910,09/05/2020 15:31:07 +0200
174746,09/05/2020 05:47:16 -0400
174910,09/05/2020 10:33:25 +0200
174910,09/05/2020 10:28:50 +0200
174913,08/05/2020 18:37:21 -0600
174756,08/05/2020 18:10:01 -0400
174822,08/05/2020 12:57:42 -0700
174910,08/05/2020 10:37:42 +0200
174910,08/05/2020 09:16:46 +0200
174868,08/05/2020 17:07:56 +1000
174910,08/05/2020 07:33:55 +0200
174910,08/05/2020 07:26:15 +0200
174910,08/05/2020 07:23:38 +0200
174910,08/05/2020 07:17:26 +0200
174910,08/05/2020 07:05:27 +0200
174913,07/05/2020 20:30:07 -0600
174913,07/05/2020 20:12:27 -0600
174913,07/05/2020 20:01:51 -0600
174913,07/05/2020 19:42:07 -0600
174773,07/05/2020 15:29:42 -0700
174910,07/05/2020 22:49:23 +0200
174906,08/05/2020 04:48:51 +0800
174913,07/05/2020 12:58:30 -0600
173946,07/05/2020 22:25:42 +0430
174822,07/05/2020 09:53:50 -0700
174794,07/05/2020 21:38:48 +0900
174910,07/05/2020 10:41:03 +0200
174913,06/05/2020 20:46:28 -0600
174794,07/05/2020 06:28:53 +0900
174729,06/05/2020 23:13:27 +0200
174910,06/05/2020 22:02:19 +0200
174729,06/05/2020 21:59:40 +0200
174911,06/05/2020 08:31:23 -0700
174537,06/05/2020 12:43:51 +0200
174729,06/05/2020 07:27:32 +0200
174756,05/05/2020 23:28:15 -0400
174756,05/05/2020 23:25:31 -0400
174746,05/05/2020 23:22:13 -0400
174756,05/05/2020 23:04:26 -0400
174913,05/05/2020 20:16:51 -0600
174913,05/05/2020 19:40:19 -0600
174746,05/05/2020 20:33:22 -0400
174822,05/05/2020 15:35:45 -0700
174822,05/05/2020 15:35:19 -0700
174822,05/05/2020 15:35:07 -0700
174773,05/05/2020 12:19:51 -0700
174773,05/05/2020 12:19:51 -0700
174822,05/05/2020 11:38:45 -0700
174794,06/05/2020 03:17:43 +0900
174773,05/05/2020 11:14:17 -0700
174910,05/05/2020 19:49:42 +0200
174739,05/05/2020 19:39:39 +0200
173972,05/05/2020 13:07:06 -0400
174322,05/05/2020 09:07:59 -0600
174910,05/05/2020 12:54:16 +0200
174773,05/05/2020 03:09:33 -0700
174773,05/05/2020 02:54:18 -0700
174322,04/05/2020 23:04:17 -0600
174322,04/05/2020 23:03:37 -0600
174794,05/05/2020 13:57:22 +0900
174322,04/05/2020 22:16:16 -0600
174322,04/05/2020 21:56:27 -0600
174322,04/05/2020 21:44:37 -0600
174322,04/05/2020 21:44:36 -0600
174322,04/05/2020 21:40:36 -0600
174322,04/05/2020 21:40:35 -0600
173985,05/05/2020 03:10:03 +0530
174746,04/05/2020 17:16:54 -0400
174537,04/05/2020 22:42:09 +0200
174916,04/05/2020 15:56:35 +0100
173989,04/05/2020 13:30:52 +0100
174537,04/05/2020 14:13:38 +0200
174910,04/05/2020 13:06:20 +0200
174910,04/05/2020 12:37:36 +0200
174910,04/05/2020 12:33:57 +0200
174910,04/05/2020 12:32:08 +0200
174744,04/05/2020 07:27:07 -0300
174910,04/05/2020 03:29:27 +0200
174822,03/05/2020 16:29:06 -0700
174756,03/05/2020 14:34:57 -0400
174822,03/05/2020 10:28:53 -0700
174756,03/05/2020 12:34:26 -0400
174756,03/05/2020 12:14:31 -0400
174756,03/05/2020 12:02:20 -0400
174910,03/05/2020 17:51:45 +0200
174910,03/05/2020 17:32:08 +0200
174910,03/05/2020 17:22:00 +0200
174910,03/05/2020 16:08:14 +0200
174794,03/05/2020 23:07:57 +0900
174910,03/05/2020 16:05:42 +0200
174914,03/05/2020 14:04:38 +0000
174910,03/05/2020 15:56:34 +0200
174910,03/05/2020 15:50:10 +0200
174322,03/05/2020 03:31:06 -0600
174822,03/05/2020 00:59:37 -0700
174322,02/05/2020 17:48:16 -0600
174322,02/05/2020 17:48:16 -0600
174910,03/05/2020 01:02:32 +0200
174110,03/05/2020 00:22:29 +0200
174910,02/05/2020 21:50:45 +0200
174023,03/05/2020 00:55:55 +0530
174910,02/05/2020 20:38:30 +0200
174025,02/05/2020 19:19:15 +0300
174822,02/05/2020 07:35:43 -0700
174322,02/05/2020 01:28:40 -0600
174322,02/05/2020 01:28:40 -0600
174322,02/05/2020 00:51:43 -0600
174322,02/05/2020 00:51:43 -0600
174322,02/05/2020 00:09:52 -0600
174746,02/05/2020 01:09:45 -0400
174913,01/05/2020 21:35:40 -0600
174322,01/05/2020 19:59:37 -0600
174322,01/05/2020 19:53:14 -0600
174322,01/05/2020 19:23:57 -0600
174746,01/05/2020 20:38:34 -0400
174913,01/05/2020 16:06:12 -0600
174746,01/05/2020 17:43:23 -0400
174913,01/05/2020 12:09:24 -0600
174910,01/05/2020 11:32:43 +0200
174757,01/05/2020 01:51:24 -0400
174757,01/05/2020 01:50:13 -0400
174757,01/05/2020 01:15:00 -0400
174794,01/05/2020 10:59:24 +0900
174794,01/05/2020 09:26:48 +0900
174868,01/05/2020 09:53:22 +1000
174913,30/04/2020 09:23:07 -0600
174794,30/04/2020 21:55:40 +0900
174868,30/04/2020 22:31:31 +1000
174868,30/04/2020 21:12:23 +1000
174868,30/04/2020 20:51:27 +1000
174322,29/04/2020 22:15:44 -0600
174913,29/04/2020 18:48:19 -0600
174052,30/04/2020 01:53:13 +0530
174910,29/04/2020 10:20:09 +0200
174910,29/04/2020 09:46:43 +0200
174868,29/04/2020 14:15:01 +1000
174322,28/04/2020 21:55:22 -0600
174322,28/04/2020 21:55:22 -0600
174322,28/04/2020 21:24:10 -0600
174322,28/04/2020 21:23:52 -0600
174773,28/04/2020 19:39:32 -0700
174062,28/04/2020 19:52:40 -0400
174773,28/04/2020 16:48:18 -0700
174773,28/04/2020 16:47:10 -0700
174773,28/04/2020 16:06:44 -0700
174910,28/04/2020 22:41:36 +0200
174746,28/04/2020 15:21:20 -0400
174746,28/04/2020 14:12:48 -0400
174729,28/04/2020 17:22:33 +0200
174070,27/04/2020 22:29:44 -1000
174910,28/04/2020 10:11:07 +0200
174322,27/04/2020 22:48:08 -0600
174322,27/04/2020 22:46:34 -0600
174322,27/04/2020 22:24:20 -0600
174322,27/04/2020 22:24:19 -0600
174910,27/04/2020 23:11:08 +0200
174910,27/04/2020 22:58:51 +0200
174910,27/04/2020 21:56:56 +0200
174729,27/04/2020 19:26:41 +0200
174910,27/04/2020 16:39:37 +0200
174910,27/04/2020 16:07:31 +0200
174729,27/04/2020 13:55:54 +0200
174910,27/04/2020 12:18:13 +0200
174117,26/04/2020 21:48:39 -0700
174911,26/04/2020 16:49:09 -0700
174913,26/04/2020 17:27:48 -0600
174910,27/04/2020 01:17:17 +0200
174910,27/04/2020 01:08:37 +0200
174913,26/04/2020 16:04:53 -0600
174913,26/04/2020 15:44:48 -0600
174914,27/04/2020 00:06:35 +0300
174911,26/04/2020 13:37:26 -0700
174911,26/04/2020 13:12:21 -0700
174575,26/04/2020 21:47:42 +0200
174910,26/04/2020 21:41:37 +0200
174910,26/04/2020 20:52:15 +0200
174910,26/04/2020 20:19:51 +0200
174913,26/04/2020 12:03:44 -0600
174911,26/04/2020 11:02:35 -0700
174868,27/04/2020 03:45:36 +1000
174794,27/04/2020 01:23:40 +0900
174105,26/04/2020 19:20:47 +0300
174794,27/04/2020 00:27:50 +0900
174914,26/04/2020 15:00:48 +0300
174910,26/04/2020 12:02:27 +0200
174822,26/04/2020 02:57:53 -0700
174110,26/04/2020 11:48:26 +0200
174910,26/04/2020 11:45:27 +0200
174910,26/04/2020 11:42:09 +0200
174910,26/04/2020 11:30:03 +0200
174910,26/04/2020 11:18:35 +0200
174910,26/04/2020 11:13:16 +0200
174910,26/04/2020 10:45:25 +0200
174868,26/04/2020 16:47:54 +1000
174911,25/04/2020 23:10:41 -0700
174868,26/04/2020 15:49:32 +1000
174913,25/04/2020 17:46:12 -0600
174122,25/04/2020 23:34:11 +0200
174739,25/04/2020 22:12:29 +0200
174794,26/04/2020 00:37:14 +0900
174794,26/04/2020 00:34:21 +0900
174910,25/04/2020 15:44:39 +0200
174794,25/04/2020 16:03:19 +0900
174910,24/04/2020 17:01:00 +0200
174868,24/04/2020 20:49:09 +1000
174868,24/04/2020 08:58:12 +1000
174868,24/04/2020 07:58:19 +1000
174868,24/04/2020 07:40:07 +1000
174913,22/04/2020 20:55:36 -0600
281349,22/04/2020 17:58:03 -0700
174135,23/04/2020 03:22:03 +0600
174139,22/04/2020 13:05:52 +0300
281349,21/04/2020 15:07:33 -0700
174822,21/04/2020 05:48:17 -0700
174139,21/04/2020 12:16:43 +0300
174746,21/04/2020 02:01:19 -0400
174868,21/04/2020 10:57:44 +1000
174868,21/04/2020 10:02:29 +1000
174757,20/04/2020 14:33:13 -0400
174757,20/04/2020 14:32:12 -0400
174786,20/04/2020 21:51:54 +0800
174152,20/04/2020 07:56:26 -0400
174152,20/04/2020 07:51:07 -0400
174756,19/04/2020 22:23:23 -0400
174794,20/04/2020 10:15:31 +0900
174822,19/04/2020 14:12:16 -0700
174822,19/04/2020 12:30:48 -0700
174822,19/04/2020 12:30:35 -0700
174910,19/04/2020 19:46:51 +0200
174746,19/04/2020 13:21:11 -0400
174822,19/04/2020 08:32:06 -0700
174756,19/04/2020 09:39:41 -0400
174729,19/04/2020 14:23:25 +0200
174794,19/04/2020 21:07:35 +0900
174746,19/04/2020 06:35:03 -0400
174910,19/04/2020 12:00:46 +0200
174756,18/04/2020 23:54:02 -0400
174868,19/04/2020 10:49:11 +1000
174333,19/04/2020 00:01:18 +0200
174171,18/04/2020 17:42:00 -0300
174794,19/04/2020 05:28:29 +0900
174786,18/04/2020 23:07:32 +0800
174333,18/04/2020 16:45:15 +0200
174333,18/04/2020 16:44:26 +0200
174729,18/04/2020 13:07:02 +0200
174794,18/04/2020 19:50:09 +0900
174910,18/04/2020 12:41:10 +0200
174868,18/04/2020 20:06:37 +1000
174906,18/04/2020 11:24:12 +0800
174906,18/04/2020 11:20:58 +0800
174794,18/04/2020 12:08:38 +0900
174822,17/04/2020 17:34:26 -0700
174868,18/04/2020 10:17:04 +1000
174322,17/04/2020 16:49:29 -0600
174322,17/04/2020 15:46:10 -0600
174322,17/04/2020 15:39:45 -0600
174322,17/04/2020 15:37:49 -0600
174322,17/04/2020 15:37:37 -0600
174333,17/04/2020 21:13:00 +0200
174191,17/04/2020 23:53:26 +0530
174822,17/04/2020 07:52:51 -0700
174786,17/04/2020 22:20:57 +0800
174794,17/04/2020 22:02:38 +0900
174729,17/04/2020 12:36:14 +0200
174746,17/04/2020 05:43:34 -0400
174822,16/04/2020 23:18:35 -0700
174822,16/04/2020 22:43:51 -0700
174906,17/04/2020 13:16:26 +0800
174822,16/04/2020 21:48:48 -0700
174906,17/04/2020 12:22:24 +0800
174911,16/04/2020 21:00:44 -0700
174822,16/04/2020 20:27:16 -0700
174822,16/04/2020 20:26:45 -0700
174822,16/04/2020 20:24:51 -0700
174913,16/04/2020 20:15:53 -0600
174322,16/04/2020 20:00:02 -0600
174322,16/04/2020 19:57:22 -0600
174729,17/04/2020 02:20:40 +0200
174910,17/04/2020 01:14:17 +0200
174746,16/04/2020 19:09:36 -0400
174746,16/04/2020 18:38:51 -0400
174155,16/04/2020 19:05:39 +0200
174822,16/04/2020 09:26:14 -0700
174214,16/04/2020 14:33:01 +0200
174322,16/04/2020 00:36:07 -0600
174911,15/04/2020 20:51:51 -0700
174322,15/04/2020 19:59:02 -0600
174322,15/04/2020 19:59:02 -0600
174322,15/04/2020 19:56:31 -0600
174322,15/04/2020 19:53:19 -0600
174914,15/04/2020 20:05:03 +0000
174304,15/04/2020 12:44:07 -0500
174905,15/04/2020 18:24:14 +0300
174224,15/04/2020 22:50:21 +0800
174906,15/04/2020 17:24:04 +0800
174786,15/04/2020 11:54:17 +0800
174914,14/04/2020 22:49:27 +0300
174238,14/04/2020 20:28:47 +0200
174905,14/04/2020 09:51:36 +0300
174906,14/04/2020 14:47:00 +0800
174241,14/04/2020 14:18:28 +1200
174913,13/04/2020 19:52:20 -0600
174913,13/04/2020 18:28:20 -0600
174868,14/04/2020 09:46:32 +1000
174914,14/04/2020 01:44:02 +0300
174246,13/04/2020 18:11:16 -0400
174914,13/04/2020 22:08:02 +0000
174914,13/04/2020 21:59:37 +0000
174794,14/04/2020 06:50:49 +0900
174868,14/04/2020 04:24:18 +1000
174152,13/04/2020 13:09:17 -0400
174729,13/04/2020 17:50:35 +0200
174152,13/04/2020 11:09:27 -0400
174906,13/04/2020 11:19:46 +0800
174913,12/04/2020 21:05:56 -0600
174322,12/04/2020 16:34:17 -0600
174322,12/04/2020 15:18:48 -0600
174322,12/04/2020 15:11:59 -0600
174322,12/04/2020 15:11:59 -0600
174322,12/04/2020 15:01:13 -0600
174822,12/04/2020 12:38:43 -0700
174585,12/04/2020 18:33:19 +0200
174152,12/04/2020 11:31:09 -0400
174868,12/04/2020 20:01:38 +1000
174914,12/04/2020 12:48:11 +0300
174822,12/04/2020 00:59:47 -0700
174822,11/04/2020 21:59:49 -0700
174322,11/04/2020 22:44:39 -0600
174322,11/04/2020 22:36:43 -0600
174822,11/04/2020 20:47:10 -0700
174322,11/04/2020 20:08:17 -0600
174322,11/04/2020 20:03:16 -0600
174322,11/04/2020 19:10:47 -0600
174322,11/04/2020 19:08:17 -0600
174322,11/04/2020 19:08:17 -0600
174322,11/04/2020 19:04:32 -0600
174322,11/04/2020 19:03:17 -0600
174910,11/04/2020 14:54:43 +0200
174746,11/04/2020 05:19:46 -0400
174746,11/04/2020 04:56:36 -0400
174746,11/04/2020 04:53:29 -0400
174794,11/04/2020 17:31:51 +0900
174913,10/04/2020 18:44:35 -0600
174152,10/04/2020 19:43:01 -0400
174322,10/04/2020 15:58:21 -0600
174322,10/04/2020 15:58:05 -0600
174322,10/04/2020 15:48:05 -0600
174322,10/04/2020 15:45:54 -0600
174322,10/04/2020 15:41:10 -0600
174913,10/04/2020 14:21:48 -0600
174914,10/04/2020 18:47:36 +0300
174914,10/04/2020 18:37:31 +0300
174914,10/04/2020 18:01:59 +0300
174910,10/04/2020 13:43:19 +0200
174746,10/04/2020 04:27:07 -0400
174822,09/04/2020 20:10:15 -0700
174322,09/04/2020 20:46:48 -0600
174322,09/04/2020 20:46:48 -0600
174322,09/04/2020 20:05:09 -0600
174322,09/04/2020 18:54:41 -0600
174822,09/04/2020 14:38:44 -0700
174916,09/04/2020 19:04:52 +0100
174304,09/04/2020 08:53:08 -0500
174746,09/04/2020 09:14:26 -0400
174794,09/04/2020 22:08:55 +0900
174794,09/04/2020 22:04:18 +0900
174794,09/04/2020 19:46:29 +0900
174786,09/04/2020 18:01:08 +0800
174746,09/04/2020 05:19:56 -0400
174338,09/04/2020 04:16:30 -0400
174322,08/04/2020 23:51:14 -0600
174322,08/04/2020 23:39:04 -0600
174322,08/04/2020 23:37:18 -0600
174322,08/04/2020 22:20:18 -0600
174322,08/04/2020 22:19:59 -0600
174322,08/04/2020 22:16:57 -0600
174322,08/04/2020 19:40:23 -0600
174822,08/04/2020 18:35:35 -0700
174322,08/04/2020 19:03:06 -0600
174322,08/04/2020 19:03:06 -0600
174868,09/04/2020 10:30:38 +1000
174868,09/04/2020 09:33:45 +1000
174537,08/04/2020 23:38:04 +0200
174537,08/04/2020 23:21:10 +0200
174794,09/04/2020 04:13:04 +0900
174333,08/04/2020 16:51:07 +0200
174906,08/04/2020 20:06:59 +0800
174868,08/04/2020 13:57:06 +1000
174868,08/04/2020 13:27:28 +1000
174333,07/04/2020 20:40:03 +0200
174575,07/04/2020 20:18:26 +0200
174746,06/04/2020 20:53:22 -0400
174338,06/04/2020 14:39:05 -0400
174914,06/04/2020 20:32:49 +0300
174152,06/04/2020 13:28:14 -0400
174485,06/04/2020 15:57:42 +0200
174152,06/04/2020 09:09:27 -0400
174340,06/04/2020 13:15:38 +0200
174341,06/04/2020 00:04:06 -0400
174913,05/04/2020 18:22:25 -0600
174822,05/04/2020 13:30:33 -0700
174152,05/04/2020 16:06:32 -0400
174910,05/04/2020 14:08:45 +0200
174746,05/04/2020 03:06:05 -0400
174746,05/04/2020 02:40:47 -0400
174906,05/04/2020 13:44:05 +0800
174346,05/04/2020 05:23:53 +0200
174906,05/04/2020 10:50:14 +0800
174794,05/04/2020 09:55:31 +0900
174756,04/04/2020 14:16:57 -0400
174913,04/04/2020 12:01:39 -0600
174914,04/04/2020 19:33:45 +0300
174914,04/04/2020 18:43:53 +0300
174794,04/04/2020 19:38:09 +0900
174910,04/04/2020 11:35:25 +0200
174794,04/04/2020 09:45:54 +0900
174822,03/04/2020 11:36:52 -0700
174822,02/04/2020 20:56:08 -0700
174913,02/04/2020 21:43:05 -0600
174822,02/04/2020 18:14:51 -0700
174794,03/04/2020 00:22:36 +0900
174537,02/04/2020 13:46:34 +0200
174906,02/04/2020 19:30:17 +0800
174537,02/04/2020 12:59:54 +0200
174906,02/04/2020 16:10:38 +0800
174906,02/04/2020 15:37:46 +0800
174906,02/04/2020 14:56:24 +0800
174822,01/04/2020 22:52:36 -0700
174822,01/04/2020 21:20:20 -0700
174906,02/04/2020 11:41:59 +0800
174913,01/04/2020 21:14:30 -0600
174906,02/04/2020 10:30:13 +0800
174906,02/04/2020 10:21:49 +0800
174906,02/04/2020 10:16:01 +0800
174453,02/04/2020 01:42:15 +0200
174537,01/04/2020 14:53:51 +0200
174537,01/04/2020 12:27:26 +0200
174822,31/03/2020 19:56:20 -0700
174822,31/03/2020 19:37:30 -0700
174885,31/03/2020 19:33:53 -0700
174906,31/03/2020 18:00:38 +0800
174910,31/03/2020 11:47:17 +0200
174378,31/03/2020 02:41:29 -0700
174906,31/03/2020 15:54:48 +0800
174822,30/03/2020 22:14:15 -0700
174868,31/03/2020 13:19:37 +1100
174868,31/03/2020 11:16:07 +1100
174773,30/03/2020 16:38:13 -0700
174773,30/03/2020 12:39:15 -0700
174773,30/03/2020 12:02:27 -0700
174773,30/03/2020 11:52:48 -0700
174910,30/03/2020 14:20:03 +0200
281320,30/03/2020 12:04:08 +0100
174913,29/03/2020 18:38:40 -0600
174911,29/03/2020 16:55:22 -0700
174739,29/03/2020 18:34:27 +0200
174729,29/03/2020 13:35:06 +0200
174910,29/03/2020 12:32:50 +0200
174906,29/03/2020 18:02:46 +0800
174746,29/03/2020 01:44:23 -0400
174487,29/03/2020 14:54:59 +1000
174906,29/03/2020 10:01:46 +0800
174794,29/03/2020 10:52:32 +0900
174913,28/03/2020 17:25:35 -0600
174910,28/03/2020 23:09:50 +0100
174911,28/03/2020 14:32:21 -0700
174910,28/03/2020 20:36:09 +0100
174910,28/03/2020 15:45:01 +0100
174910,28/03/2020 15:20:24 +0100
174404,28/03/2020 15:38:50 +0200
174906,28/03/2020 20:36:14 +0800
174906,28/03/2020 19:51:26 +0800
174906,28/03/2020 18:31:00 +1000
174794,28/03/2020 17:23:07 +0900
174773,27/03/2020 23:36:17 -0700
174906,28/03/2020 16:03:39 +1000
174906,28/03/2020 15:42:40 +1000
174794,28/03/2020 14:15:11 +0900
174906,28/03/2020 15:11:55 +1000
174910,27/03/2020 15:17:21 +0100
174910,27/03/2020 15:12:05 +0100
174794,27/03/2020 21:33:26 +0900
174910,27/03/2020 13:16:39 +0100
174910,27/03/2020 13:08:15 +0100
174910,27/03/2020 13:06:24 +0100
174794,27/03/2020 20:18:22 +0900
174910,27/03/2020 11:51:20 +0100
174822,26/03/2020 11:01:34 -0700
174868,26/03/2020 08:28:00 +1100
174794,25/03/2020 22:02:40 +0900
174429,25/03/2020 11:23:57 +0100
174910,25/03/2020 10:38:45 +0100
174911,24/03/2020 19:43:18 -0700
174911,24/03/2020 19:13:20 -0700
174910,24/03/2020 12:21:24 +0100
174911,23/03/2020 20:37:19 -0700
174911,23/03/2020 20:08:48 -0700
174910,23/03/2020 14:22:03 +0100
174756,22/03/2020 10:08:47 -0400
174911,21/03/2020 16:00:44 -0700
174913,21/03/2020 16:44:56 -0600
174910,21/03/2020 23:04:12 +0100
174910,21/03/2020 21:57:41 +0100
174913,21/03/2020 13:51:02 -0600
174913,21/03/2020 13:43:04 -0600
174913,21/03/2020 08:43:25 -0600
174575,21/03/2020 14:56:55 +0100
174729,21/03/2020 13:36:52 +0100
174910,21/03/2020 12:33:04 +0100
174911,20/03/2020 19:42:36 -0700
174913,20/03/2020 16:21:19 -0600
174582,20/03/2020 23:14:49 +0100
174910,20/03/2020 17:47:38 +0100
174913,20/03/2020 09:50:54 -0600
174913,20/03/2020 09:35:48 -0600
174911,20/03/2020 08:05:05 -0700
174913,20/03/2020 06:19:24 -0600
174485,20/03/2020 09:43:26 +0100
174453,20/03/2020 09:38:14 +0100
174913,19/03/2020 22:42:21 -0600
174911,19/03/2020 21:03:47 -0700
174822,19/03/2020 14:42:54 -0700
174575,19/03/2020 20:04:56 +0100
174913,19/03/2020 11:06:40 -0600
174911,19/03/2020 08:25:56 -0700
174575,19/03/2020 13:42:51 +0100
174910,19/03/2020 11:48:58 +0100
174729,19/03/2020 10:38:04 +0100
174911,18/03/2020 20:03:44 -0700
174911,18/03/2020 19:54:56 -0700
174757,18/03/2020 18:42:08 -0400
174757,18/03/2020 18:39:14 -0400
174913,18/03/2020 13:44:22 -0600
174913,18/03/2020 13:40:24 -0600
174575,18/03/2020 19:50:19 +0100
174487,18/03/2020 18:25:50 +1000
174868,18/03/2020 16:11:21 +1100
174911,17/03/2020 21:20:41 -0700
174822,17/03/2020 19:12:50 -0700
174822,17/03/2020 19:07:43 -0700
174822,17/03/2020 13:03:53 -0700
174575,17/03/2020 19:15:30 +0100
174575,17/03/2020 16:53:28 +0100
174905,17/03/2020 18:00:52 +0300
174913,17/03/2020 08:55:55 -0600
174913,17/03/2020 08:48:36 -0600
174910,17/03/2020 14:45:26 +0100
174575,17/03/2020 13:21:52 +0100
174575,16/03/2020 22:20:30 +0100
174575,16/03/2020 20:51:23 +0100
174485,16/03/2020 17:00:06 +0100
174575,16/03/2020 05:22:09 +0100
174913,15/03/2020 11:36:47 -0600
174485,15/03/2020 18:26:29 +0100
174913,15/03/2020 10:20:00 -0600
174487,15/03/2020 21:44:50 +1000
174822,14/03/2020 15:37:57 -0700
174822,12/03/2020 17:01:52 -0700
174868,13/03/2020 07:28:16 +1100
174575,12/03/2020 15:03:17 +0100
174575,12/03/2020 14:53:50 +0100
174885,11/03/2020 22:37:43 -0700
174729,12/03/2020 01:09:43 +0100
174729,11/03/2020 22:31:19 +0100
174729,11/03/2020 22:10:23 +0100
174729,11/03/2020 17:37:11 +0100
174868,11/03/2020 21:01:03 +1100
174822,10/03/2020 13:50:57 -0700
174910,10/03/2020 17:18:26 +0100
174773,10/03/2020 01:06:40 -0700
174913,09/03/2020 22:18:58 -0600
174910,09/03/2020 09:08:39 +0100
174522,08/03/2020 16:36:43 -0600
174885,08/03/2020 15:24:08 -0700
174885,08/03/2020 15:06:19 -0700
174523,08/03/2020 12:46:13 -0500
174868,08/03/2020 20:40:18 +1100
174746,08/03/2020 03:32:20 -0400
174746,08/03/2020 01:07:40 -0500
174746,08/03/2020 00:58:06 -0500
174913,07/03/2020 19:28:18 -0700
174913,07/03/2020 17:50:11 -0700
174913,07/03/2020 17:05:46 -0700
174913,07/03/2020 15:43:21 -0700
174913,07/03/2020 15:36:48 -0700
174913,07/03/2020 14:48:38 -0700
174729,07/03/2020 20:27:40 +0100
174729,07/03/2020 09:03:07 +0000
174905,06/03/2020 21:11:14 +0300
174773,06/03/2020 02:16:44 -0800
174773,06/03/2020 02:16:44 -0800
174535,05/03/2020 22:52:42 -0700
174739,05/03/2020 22:46:54 +0100
174537,05/03/2020 15:18:38 +0100
174913,05/03/2020 04:37:13 -0700
174913,04/03/2020 21:39:08 -0700
174575,04/03/2020 19:29:30 +0100
174575,04/03/2020 18:55:38 +0100
174575,04/03/2020 12:06:23 +0100
174910,04/03/2020 10:34:53 +0100
174575,04/03/2020 09:51:00 +0100
174773,04/03/2020 00:04:10 -0800
174773,04/03/2020 00:04:10 -0800
174773,03/03/2020 23:00:49 -0800
174773,03/03/2020 23:00:49 -0800
174773,03/03/2020 23:00:49 -0800
174885,03/03/2020 22:41:13 -0800
174885,03/03/2020 22:08:37 -0800
174905,04/03/2020 08:39:26 +0300
174913,03/03/2020 14:24:50 -0700
174757,02/03/2020 19:47:26 -0500
174757,02/03/2020 18:21:33 -0500
174575,02/03/2020 21:08:34 +0100
174575,02/03/2020 15:53:12 +0100
174575,02/03/2020 15:40:58 +0100
174575,02/03/2020 13:47:49 +0100
174558,02/03/2020 07:19:15 +0900
174575,01/03/2020 19:20:08 +0100
174575,01/03/2020 09:24:15 +0100
174575,01/03/2020 09:13:01 +0100
174906,01/03/2020 09:41:04 +0800
174885,29/02/2020 15:19:03 -0800
174885,29/02/2020 14:34:48 -0800
174575,29/02/2020 22:03:25 +0100
174822,29/02/2020 08:19:23 -0800
174906,29/02/2020 17:15:36 +0800
174906,29/02/2020 16:21:59 +0800
174906,29/02/2020 15:54:42 +0800
174906,29/02/2020 15:53:53 +0800
174504,29/02/2020 14:53:59 +1100
174756,28/02/2020 20:08:15 -0500
174913,28/02/2020 13:40:25 -0700
174794,28/02/2020 15:04:57 +0900
174913,27/02/2020 20:58:20 -0700
174575,27/02/2020 20:47:46 +0100
174575,27/02/2020 20:43:49 +0100
174906,27/02/2020 20:14:37 +0800
174906,27/02/2020 19:45:34 +0800
174885,26/02/2020 22:20:31 -0800
174906,27/02/2020 11:12:50 +0800
174773,25/02/2020 17:57:34 -0800
174868,26/02/2020 10:55:31 +1100
174583,25/02/2020 17:32:43 -0300
174584,25/02/2020 17:19:50 +0100
174585,25/02/2020 08:41:11 +0100
174885,24/02/2020 11:21:40 -0800
174913,24/02/2020 10:54:43 -0700
174586,24/02/2020 16:37:36 +0100
174885,23/02/2020 23:36:46 -0800
174913,23/02/2020 20:42:55 -0700
174822,23/02/2020 17:42:28 -0800
174822,23/02/2020 17:35:27 -0800
174822,23/02/2020 17:29:20 -0800
174822,23/02/2020 15:48:13 -0800
174905,23/02/2020 23:10:15 +0300
174692,23/02/2020 14:05:46 -0500
174905,23/02/2020 17:40:08 +0300
174905,23/02/2020 17:36:13 +0300
174905,23/02/2020 17:32:33 +0300
174756,23/02/2020 08:20:01 -0500
174906,23/02/2020 13:57:50 +0800
174906,23/02/2020 13:08:45 +0800
174601,22/02/2020 20:06:01 -0800
174756,22/02/2020 20:38:57 -0500
174906,22/02/2020 20:48:49 +0800
174906,22/02/2020 20:47:18 +0800
174906,22/02/2020 20:42:51 +0800
174906,22/02/2020 20:33:01 +0800
174906,22/02/2020 20:29:27 +0800
174906,22/02/2020 20:24:05 +0800
174739,21/02/2020 21:44:33 +0100
174617,20/02/2020 23:20:38 -0800
174913,20/02/2020 20:13:35 -0700
174913,20/02/2020 12:37:02 -0700
174905,20/02/2020 21:09:48 +0300
174756,20/02/2020 08:00:27 -0500
174913,19/02/2020 20:39:44 -0700
174729,20/02/2020 00:16:16 +0100
174739,19/02/2020 19:48:30 +0100
174885,18/02/2020 22:01:33 -0800
174913,18/02/2020 21:02:40 -0700
174911,18/02/2020 17:52:57 -0800
174756,18/02/2020 20:16:42 -0500
174756,18/02/2020 18:58:17 -0500
174692,18/02/2020 11:15:09 -0500
174692,18/02/2020 09:54:45 -0500
174905,18/02/2020 10:36:31 +0300
174905,18/02/2020 10:35:47 +0300
174905,18/02/2020 10:34:59 +0300
174910,17/02/2020 22:51:34 -0800
174905,18/02/2020 08:51:26 +0300
174773,17/02/2020 20:04:14 -0800
174756,17/02/2020 22:21:06 -0500
174756,17/02/2020 21:49:52 -0500
174756,17/02/2020 21:14:11 -0500
174913,17/02/2020 19:08:26 -0700
174756,17/02/2020 20:56:50 -0500
174756,17/02/2020 20:49:21 -0500
174756,17/02/2020 20:42:12 -0500
174910,17/02/2020 16:31:48 -0800
174756,17/02/2020 19:13:32 -0500
174910,17/02/2020 15:56:44 -0800
174910,17/02/2020 15:32:47 -0800
174756,17/02/2020 18:11:58 -0500
174905,18/02/2020 01:59:57 +0300
174756,17/02/2020 17:58:39 -0500
174756,17/02/2020 17:55:05 -0500
174911,17/02/2020 14:49:02 -0800
174756,17/02/2020 17:29:32 -0500
174756,17/02/2020 17:15:51 -0500
174756,17/02/2020 16:47:34 -0500
174756,17/02/2020 15:45:42 -0500
174756,17/02/2020 15:26:52 -0500
174756,17/02/2020 14:45:58 -0500
174916,17/02/2020 19:32:15 +0000
174916,17/02/2020 17:36:47 +0000
174910,17/02/2020 10:50:52 -0600
174910,17/02/2020 10:47:30 -0600
174657,16/02/2020 20:56:57 -0500
174756,16/02/2020 19:15:14 -0500
174756,16/02/2020 19:05:03 -0500
174617,16/02/2020 12:16:03 -0800
174660,16/02/2020 22:41:15 +0330
174756,16/02/2020 10:33:40 -0500
174729,16/02/2020 15:34:38 +0100
174794,16/02/2020 21:15:14 +0900
174911,15/02/2020 11:15:41 -0800
174794,15/02/2020 20:16:36 +0900
174729,15/02/2020 09:54:05 +0100
174906,15/02/2020 16:20:50 +0800
174906,15/02/2020 16:18:57 +0800
174906,15/02/2020 16:04:59 +0800
174906,15/02/2020 15:47:38 +0800
174673,14/02/2020 12:50:07 +0000
174745,13/02/2020 21:58:27 -0800
174868,14/02/2020 15:49:01 +1100
174885,13/02/2020 19:16:01 -0800
174678,13/02/2020 18:03:19 -0800
174911,13/02/2020 13:02:23 -0800
174738,13/02/2020 11:33:41 +0100
174905,13/02/2020 11:09:42 +0300
174905,13/02/2020 09:45:36 +0300
174683,13/02/2020 01:42:13 -0500
174745,12/02/2020 22:16:08 -0800
174913,12/02/2020 22:31:07 -0700
174913,12/02/2020 20:53:45 -0700
174913,12/02/2020 15:28:14 -0700
174885,12/02/2020 14:12:04 -0800
174913,12/02/2020 14:19:01 -0700
174617,12/02/2020 13:05:45 -0800
174692,12/02/2020 14:50:20 -0500
174738,12/02/2020 20:34:32 +0100
174913,12/02/2020 11:16:29 -0700
174911,12/02/2020 09:34:46 -0800
174738,12/02/2020 18:24:22 +0100
174913,12/02/2020 09:51:02 -0700
174696,12/02/2020 17:42:07 +0100
174913,12/02/2020 08:24:56 -0700
174698,12/02/2020 19:42:54 +0530
174868,12/02/2020 17:29:33 +1100
174868,12/02/2020 15:28:28 +1100
174707,11/02/2020 16:31:02 -0500
174729,11/02/2020 22:19:55 +0100
174905,12/02/2020 00:16:01 +0300
174905,11/02/2020 23:48:49 +0300
174729,11/02/2020 21:07:30 +0100
174744,11/02/2020 09:03:05 +0100
174885,10/02/2020 21:45:26 -0800
174868,11/02/2020 15:42:15 +1100
174773,10/02/2020 10:34:04 -0800
174744,10/02/2020 10:51:53 +0100
174744,10/02/2020 10:46:47 +0100
174913,09/02/2020 21:46:13 -0700
174916,09/02/2020 23:10:48 +0000
174910,09/02/2020 10:02:05 -0600
174738,09/02/2020 15:58:41 +0100
174739,09/02/2020 12:10:45 +0100
174794,09/02/2020 19:58:02 +0900
174729,09/02/2020 10:24:56 +0100
174745,08/02/2020 22:18:52 -0800
174756,08/02/2020 22:53:52 -0500
174913,08/02/2020 18:21:24 -0700
174729,08/02/2020 15:53:11 +0100
174794,08/02/2020 19:43:20 +0900
174911,07/02/2020 08:26:03 -0800
174744,07/02/2020 13:01:50 +0100
174745,06/02/2020 21:31:00 -0800
174746,06/02/2020 14:16:52 -0500
174738,06/02/2020 14:49:32 +0100
174868,06/02/2020 20:12:56 +1100
174916,05/02/2020 21:55:55 +0000
174822,04/02/2020 15:07:21 -0800
174751,04/02/2020 17:01:20 -0500
174885,04/02/2020 13:21:10 -0800
174885,03/02/2020 10:47:27 -0800
174885,02/02/2020 22:00:17 -0800
174913,02/02/2020 19:40:18 -0700
174754,03/02/2020 11:08:44 +1100
174754,03/02/2020 11:06:40 +1100
174911,02/02/2020 13:39:32 -0800
174758,02/02/2020 19:50:40 +0100
174756,02/02/2020 12:57:47 -0500
174910,02/02/2020 11:59:57 +0100
174756,01/02/2020 20:30:34 -0500
174757,01/02/2020 14:41:31 -0700
174758,01/02/2020 21:06:01 +0100
174822,01/02/2020 11:34:33 -0800
174822,01/02/2020 11:31:27 -0800
174822,01/02/2020 10:53:12 -0800
174822,01/02/2020 09:18:33 -0800
174822,01/02/2020 08:56:01 -0800
174885,31/01/2020 02:14:40 -0800
174885,31/01/2020 01:39:12 -0800
174822,29/01/2020 22:17:52 -0800
174868,30/01/2020 16:38:44 +1100
174868,30/01/2020 11:40:49 +1100
174913,29/01/2020 17:08:24 -0700
174885,29/01/2020 15:43:29 -0800
174868,30/01/2020 10:12:31 +1100
174885,29/01/2020 14:05:37 -0800
174769,29/01/2020 09:28:46 -0800
174770,29/01/2020 15:20:54 +0100
174773,29/01/2020 03:19:49 -0800
174772,29/01/2020 09:38:16 +0000
174773,29/01/2020 01:32:46 -0800
174773,29/01/2020 01:12:00 -0800
174773,29/01/2020 00:43:39 -0800
174773,28/01/2020 23:55:08 -0800
174913,28/01/2020 17:10:16 -0700
174885,28/01/2020 15:59:51 -0800
174885,28/01/2020 13:14:14 -0800
174868,28/01/2020 15:13:11 +1100
174913,27/01/2020 17:34:40 -0700
174729,27/01/2020 23:23:49 +0100
174729,27/01/2020 22:51:55 +0100
174916,27/01/2020 17:48:07 +0000
174906,26/01/2020 16:40:57 +0800
174906,26/01/2020 16:32:09 +0800
174906,26/01/2020 16:06:18 +0800
174906,26/01/2020 14:49:22 +0800
174868,26/01/2020 17:04:07 +1100
174906,26/01/2020 13:30:51 +0800
174913,25/01/2020 22:11:31 -0700
174906,26/01/2020 11:38:16 +0800
174906,26/01/2020 11:17:02 +0800
174786,26/01/2020 11:06:15 +0800
174885,24/01/2020 19:20:12 -0800
174868,25/01/2020 13:37:01 +1100
174913,24/01/2020 15:52:02 -0700
174788,25/01/2020 04:00:21 +0800
174868,24/01/2020 20:50:21 +1100
174911,23/01/2020 22:32:08 -0800
174885,22/01/2020 18:53:06 -0800
174885,22/01/2020 18:38:33 -0800
174910,22/01/2020 22:19:17 +0100
174793,22/01/2020 15:35:32 -0500
174794,22/01/2020 10:32:02 -0700
174885,21/01/2020 23:23:15 -0800
174868,22/01/2020 12:30:36 +1100
174868,22/01/2020 12:19:35 +1100
174868,22/01/2020 10:07:59 +1100
174868,22/01/2020 08:46:52 +1100
174582,21/01/2020 22:28:30 +0100
174803,21/01/2020 21:28:44 +0100
174868,22/01/2020 07:16:09 +1100
174905,21/01/2020 22:30:09 +0300
174913,21/01/2020 12:22:12 -0700
174868,21/01/2020 22:48:37 +1100
174868,21/01/2020 22:03:14 +1100
174868,21/01/2020 21:26:54 +1100
174868,21/01/2020 21:14:27 +1100
174868,21/01/2020 18:58:01 +1100
174906,21/01/2020 13:04:06 +0800
174756,20/01/2020 17:34:55 -0500
174803,20/01/2020 23:18:04 +0100
174756,20/01/2020 12:36:40 -0500
174868,20/01/2020 20:54:57 +1100
174868,20/01/2020 09:24:01 +1100
174868,20/01/2020 06:51:42 +1100
174807,20/01/2020 02:22:19 +1100
174914,19/01/2020 14:58:34 +0000
174914,19/01/2020 13:12:30 +0000
174729,19/01/2020 08:41:18 +0100
174822,18/01/2020 11:36:35 -0800
174756,18/01/2020 13:48:38 -0500
174911,18/01/2020 00:42:18 -0800
174885,17/01/2020 23:41:43 -0800
174906,18/01/2020 12:07:38 +0800
174906,18/01/2020 11:40:46 +0800
174913,17/01/2020 16:09:46 -0700
281320,17/01/2020 21:59:28 +0000
174913,17/01/2020 10:07:58 -0700
174905,17/01/2020 13:15:22 +0300
174885,16/01/2020 20:26:31 -0800
174911,16/01/2020 09:40:06 -0800
174914,16/01/2020 18:49:50 +0200
174880,16/01/2020 10:41:09 -0500
174822,16/01/2020 06:37:13 -0800
174878,16/01/2020 08:56:09 +0100
174868,16/01/2020 18:39:06 +1100
174878,16/01/2020 08:31:09 +0100
174906,16/01/2020 14:48:00 +0800
174906,16/01/2020 13:46:10 +0800
174905,16/01/2020 00:32:54 +0300
174836,15/01/2020 14:53:18 -0500
174868,15/01/2020 20:00:49 +1100
174913,14/01/2020 21:34:40 -0700
174885,14/01/2020 18:08:52 -0800
174868,15/01/2020 11:26:49 +1100
174841,14/01/2020 17:51:26 -0500
174868,14/01/2020 18:37:37 +1100
174868,14/01/2020 18:29:33 +1100
174868,14/01/2020 18:26:54 +1100
174868,14/01/2020 18:15:03 +1100
174868,14/01/2020 18:12:46 +1100
174890,14/01/2020 00:09:12 -0500
174913,13/01/2020 21:25:46 -0700
174913,13/01/2020 17:08:10 -0700
174910,13/01/2020 23:05:53 +0100
174886,13/01/2020 19:47:12 +0100
174886,13/01/2020 18:14:32 +0100
174886,13/01/2020 18:11:35 +0100
174906,13/01/2020 21:12:47 +0800
174756,12/01/2020 18:34:46 -0500
174756,12/01/2020 17:03:06 -0500
174868,13/01/2020 08:55:41 +1100
174868,13/01/2020 08:52:26 +1100
174868,13/01/2020 08:22:33 +1100
174868,13/01/2020 08:02:52 +1100
174868,13/01/2020 07:58:10 +1100
174868,13/01/2020 07:48:24 +1100
174868,13/01/2020 07:42:52 +1100
174868,13/01/2020 07:16:38 +1100
174868,13/01/2020 07:10:53 +1100
174868,13/01/2020 07:05:03 +1100
174868,13/01/2020 06:59:40 +1100
174729,12/01/2020 15:35:28 +0100
174729,12/01/2020 15:16:42 +0100
174729,12/01/2020 12:39:16 +0100
174868,12/01/2020 17:22:05 +1100
174868,12/01/2020 16:14:18 +1100
174868,12/01/2020 15:47:52 +1100
174869,12/01/2020 10:25:09 +0900
174886,11/01/2020 19:37:43 +0100
174886,11/01/2020 19:31:12 +0100
174878,11/01/2020 14:24:00 +0100
174905,11/01/2020 15:11:27 +0300
174914,11/01/2020 00:04:43 +0200
174914,11/01/2020 00:04:00 +0200
174878,10/01/2020 21:11:40 +0100
174910,10/01/2020 19:38:23 +0100
174878,10/01/2020 08:45:57 +0100
174878,10/01/2020 08:26:13 +0100
174880,09/01/2020 11:19:09 -0500
174885,09/01/2020 00:30:26 -0800
174906,09/01/2020 16:02:44 +0800
174913,08/01/2020 21:14:09 -0700
174916,08/01/2020 14:10:38 +0000
174885,07/01/2020 16:00:04 -0800
174885,07/01/2020 15:55:03 -0800
174885,07/01/2020 15:11:52 -0800
174886,07/01/2020 22:01:48 +0100
174916,07/01/2020 18:19:52 +0000
174916,07/01/2020 16:11:24 +0000
174916,07/01/2020 16:10:41 +0000
174890,06/01/2020 02:33:55 -0500
174906,06/01/2020 12:57:37 +0800
174906,06/01/2020 12:29:49 +0800
174904,05/01/2020 16:04:10 +0200
174892,05/01/2020 14:56:51 +0100
174729,05/01/2020 14:42:26 +0100
174910,05/01/2020 13:17:50 +0100
174914,05/01/2020 12:10:39 +0000
174913,04/01/2020 20:23:27 -0700
174913,04/01/2020 20:18:19 -0700
174914,05/01/2020 01:35:52 +0200
174911,04/01/2020 12:55:45 -0800
174914,04/01/2020 21:24:48 +0200
174729,04/01/2020 13:26:44 +0100
174729,04/01/2020 13:05:00 +0100
174910,04/01/2020 11:57:34 +0100
174906,04/01/2020 17:47:55 +0800
174906,04/01/2020 16:58:12 +0800
174906,04/01/2020 16:40:13 +0800
174906,04/01/2020 15:39:39 +0800
174906,04/01/2020 13:44:47 +0800
174913,03/01/2020 11:32:26 -0700
174910,03/01/2020 17:25:22 +0100
174903,03/01/2020 16:21:42 +0100
174904,03/01/2020 14:32:45 +0200
174905,03/01/2020 14:21:47 +0300
174906,03/01/2020 19:09:19 +0800
174910,02/01/2020 20:53:33 +0100
174908,02/01/2020 20:24:53 +0100
174729,02/01/2020 16:58:09 +0100
174729,02/01/2020 05:30:41 +0100
174729,02/01/2020 05:03:51 +0100
174729,02/01/2020 05:03:22 +0100
174729,02/01/2020 05:02:37 +0100
174729,02/01/2020 05:02:03 +0100
174729,01/01/2020 20:35:55 +0100
174910,01/01/2020 19:40:54 +0100
174910,01/01/2020 19:37:59 +0100
174911,01/01/2020 10:07:15 -0800
174913,01/01/2020 10:13:37 -0700
174913,01/01/2020 09:50:25 -0700
174914,01/01/2020 17:18:43 +0200
174914,01/01/2020 15:53:27 +0200
174916,01/01/2020 11:32:24 +0000
174916,01/01/2020 11:30:23 +0000
